path,label,label_name,pred,pred_name,prob_Normal,prob_Tuberculosis,prob_COVID-19,prob_Pneumonia
/media/storage2/Anuj/5th international anujj ones/medxpert/data/raw/Normal/norm_IM-0089-0001.jpeg,0,Normal,0,Normal,0.9834283,0.00046516611,0.0005744161,0.015532081
/media/storage2/Anuj/5th international anujj ones/medxpert/data/raw/Normal/norm_IM-0102-0001.jpeg,0,Normal,3,Pneumonia,0.07051855,0.00023532807,0.00086307083,0.928383
/media/storage2/Anuj/5th international anujj ones/medxpert/data/raw/Normal/norm_IM-0234-0001.jpeg,0,Normal,0,Normal,0.9919785,0.00057141064,0.0005613285,0.0068887
/media/storage2/Anuj/5th international anujj ones/medxpert/data/raw/Normal/norm_IM-0240-0001.jpeg,0,Normal,0,Normal,0.9932603,0.000680188,0.0006937979,0.005365734
/media/storage2/Anuj/5th international anujj ones/medxpert/data/raw/Normal/norm_IM-0253-0001.jpeg,0,Normal,0,Normal,0.9925597,0.00058625644,0.000620893,0.0062332256
/media/storage2/Anuj/5th international anujj ones/medxpert/data/raw/Normal/norm_IM-0318-0001.jpeg,0,Normal,0,Normal,0.9853461,0.00045862322,0.0005285083,0.013666854
/media/storage2/Anuj/5th international anujj ones/medxpert/data/raw/Normal/norm_IM-0331-0001.jpeg,0,Normal,0,Normal,0.99310136,0.00066536054,0.00068948825,0.005543859
/media/storage2/Anuj/5th international anujj ones/medxpert/data/raw/Normal/norm_IM-0385-0001.jpeg,0,Normal,0,Normal,0.9930495,0.0006366262,0.00067891285,0.0056349803
/media/storage2/Anuj/5th international anujj ones/medxpert/data/raw/Normal/norm_IM-0480-0001.jpeg,0,Normal,0,Normal,0.99253994,0.00058592565,0.0006184622,0.0062556714
/media/storage2/Anuj/5th international anujj ones/medxpert/data/raw/Normal/norm_IM-0484-0001.jpeg,0,Normal,0,Normal,0.9921863,0.0005491554,0.00060872606,0.006655769
/media/storage2/Anuj/5th international anujj ones/medxpert/data/raw/Normal/norm_IM-0502-0001.jpeg,0,Normal,0,Normal,0.9924508,0.0005780548,0.000611211,0.0063599525
/media/storage2/Anuj/5th international anujj ones/medxpert/data/raw/Normal/norm_IM-0520-0001.jpeg,0,Normal,0,Normal,0.959813,0.00051685,0.0009041238,0.038766086
/media/storage2/Anuj/5th international anujj ones/medxpert/data/raw/Normal/norm_IM-0527-0001.jpeg,0,Normal,0,Normal,0.99248683,0.00059061876,0.0006005885,0.006321937
/media/storage2/Anuj/5th international anujj ones/medxpert/data/raw/Normal/norm_IM-0543-0001-0002.jpeg,0,Normal,0,Normal,0.99302626,0.0006368596,0.0007056738,0.0056312764
/media/storage2/Anuj/5th international anujj ones/medxpert/data/raw/Normal/norm_IM-0568-0001.jpeg,0,Normal,0,Normal,0.9919293,0.0005805136,0.00056092895,0.0069292346
/media/storage2/Anuj/5th international anujj ones/medxpert/data/raw/Normal/norm_IM-0620-0001-0001.jpeg,0,Normal,0,Normal,0.99306315,0.00064584025,0.00068699097,0.005603948
/media/storage2/Anuj/5th international anujj ones/medxpert/data/raw/Normal/norm_IM-0624-0001.jpeg,0,Normal,0,Normal,0.9931415,0.00064424425,0.0006853178,0.005528885
/media/storage2/Anuj/5th international anujj ones/medxpert/data/raw/Normal/norm_IM-0658-0001.jpeg,0,Normal,0,Normal,0.99316895,0.000669477,0.0007046414,0.0054567875
/media/storage2/Anuj/5th international anujj ones/medxpert/data/raw/Normal/norm_IM-0687-0001.jpeg,0,Normal,0,Normal,0.9930177,0.0005870667,0.0011258058,0.005269548
/media/storage2/Anuj/5th international anujj ones/medxpert/data/raw/Normal/norm_IM-0702-0001.jpeg,0,Normal,0,Normal,0.96153563,0.00054325286,0.0008645481,0.037056625
/media/storage2/Anuj/5th international anujj ones/medxpert/data/raw/Normal/norm_IM-0732-0001.jpeg,0,Normal,0,Normal,0.9918784,0.00055448,0.00056343497,0.007003811
/media/storage2/Anuj/5th international anujj ones/medxpert/data/raw/Normal/norm_IM-0736-0001.jpeg,0,Normal,0,Normal,0.99228585,0.00057821174,0.00057755515,0.0065583456
/media/storage2/Anuj/5th international anujj ones/medxpert/data/raw/Normal/norm_NORMAL2-IM-0027-0001.jpeg,0,Normal,0,Normal,0.9925782,0.00060007354,0.0006112149,0.0062105367
/media/storage2/Anuj/5th international anujj ones/medxpert/data/raw/Normal/norm_NORMAL2-IM-0251-0001.jpeg,0,Normal,3,Pneumonia,0.35986808,0.00065040804,0.002660838,0.6368207
/media/storage2/Anuj/5th international anujj ones/medxpert/data/raw/Normal/norm_NORMAL2-IM-0276-0001.jpeg,0,Normal,0,Normal,0.92358065,0.00077891635,0.0016321737,0.0740081
/media/storage2/Anuj/5th international anujj ones/medxpert/data/raw/Normal/norm_NORMAL2-IM-0310-0001.jpeg,0,Normal,0,Normal,0.98220867,0.0004400776,0.0006089126,0.01674236
/media/storage2/Anuj/5th international anujj ones/medxpert/data/raw/Normal/norm_NORMAL2-IM-0370-0001.jpeg,0,Normal,0,Normal,0.9908043,0.0004930784,0.0005893867,0.008113216
/media/storage2/Anuj/5th international anujj ones/medxpert/data/raw/Normal/norm_NORMAL2-IM-0390-0001.jpeg,0,Normal,0,Normal,0.992856,0.0006133368,0.0006408847,0.005889763
/media/storage2/Anuj/5th international anujj ones/medxpert/data/raw/Normal/norm_NORMAL2-IM-0451-0001.jpeg,0,Normal,0,Normal,0.99273974,0.00060447765,0.00062017894,0.0060356
/media/storage2/Anuj/5th international anujj ones/medxpert/data/raw/Normal/norm_NORMAL2-IM-0453-0001.jpeg,0,Normal,0,Normal,0.9929686,0.00061938504,0.00066621945,0.005745685
/media/storage2/Anuj/5th international anujj ones/medxpert/data/raw/Normal/norm_NORMAL2-IM-0455-0001.jpeg,0,Normal,0,Normal,0.993049,0.0006411994,0.0006470113,0.0056627733
/media/storage2/Anuj/5th international anujj ones/medxpert/data/raw/Normal/norm_NORMAL2-IM-0463-0001.jpeg,0,Normal,0,Normal,0.9865042,0.00046720056,0.00051451375,0.0125140585
/media/storage2/Anuj/5th international anujj ones/medxpert/data/raw/Normal/norm_NORMAL2-IM-0472-0001.jpeg,0,Normal,0,Normal,0.9928307,0.0006045555,0.0006491552,0.005915625
/media/storage2/Anuj/5th international anujj ones/medxpert/data/raw/Normal/norm_NORMAL2-IM-0571-0001.jpeg,0,Normal,0,Normal,0.9916409,0.000553836,0.0005660228,0.0072392523
/media/storage2/Anuj/5th international anujj ones/medxpert/data/raw/Normal/norm_NORMAL2-IM-0635-0001.jpeg,0,Normal,0,Normal,0.98797464,0.00047286748,0.00050957676,0.011042937
/media/storage2/Anuj/5th international anujj ones/medxpert/data/raw/Normal/norm_NORMAL2-IM-0645-0001.jpeg,0,Normal,0,Normal,0.9932854,0.0006652411,0.00075205404,0.005297385
/media/storage2/Anuj/5th international anujj ones/medxpert/data/raw/Normal/norm_NORMAL2-IM-0667-0001.jpeg,0,Normal,0,Normal,0.99310714,0.00063920405,0.000685369,0.005568305
/media/storage2/Anuj/5th international anujj ones/medxpert/data/raw/Normal/norm_NORMAL2-IM-0684-0001-0001.jpeg,0,Normal,0,Normal,0.9895487,0.00060222036,0.0009911938,0.008857903
/media/storage2/Anuj/5th international anujj ones/medxpert/data/raw/Normal/norm_NORMAL2-IM-0696-0001.jpeg,0,Normal,0,Normal,0.99302155,0.00062559627,0.0006881624,0.0056647626
/media/storage2/Anuj/5th international anujj ones/medxpert/data/raw/Normal/norm_NORMAL2-IM-0702-0001.jpeg,0,Normal,0,Normal,0.99222237,0.0005673083,0.0006555375,0.0065548685
/media/storage2/Anuj/5th international anujj ones/medxpert/data/raw/Normal/norm_NORMAL2-IM-0793-0001.jpeg,0,Normal,0,Normal,0.99209833,0.0006175086,0.0005620314,0.006722149
/media/storage2/Anuj/5th international anujj ones/medxpert/data/raw/Normal/norm_NORMAL2-IM-0798-0001.jpeg,0,Normal,0,Normal,0.9918454,0.0005484301,0.0005777859,0.007028409
/media/storage2/Anuj/5th international anujj ones/medxpert/data/raw/Normal/norm_NORMAL2-IM-0803-0001.jpeg,0,Normal,0,Normal,0.98803014,0.000486197,0.0005144797,0.010969216
/media/storage2/Anuj/5th international anujj ones/medxpert/data/raw/Normal/norm_NORMAL2-IM-0804-0001.jpeg,0,Normal,0,Normal,0.9927786,0.0006048363,0.0006472973,0.00596921
/media/storage2/Anuj/5th international anujj ones/medxpert/data/raw/Normal/norm_NORMAL2-IM-0831-0001.jpeg,0,Normal,0,Normal,0.9925569,0.0005865817,0.0006343752,0.0062221116
/media/storage2/Anuj/5th international anujj ones/medxpert/data/raw/Normal/norm_NORMAL2-IM-0907-0001.jpeg,0,Normal,0,Normal,0.9918848,0.0005479549,0.0005838087,0.006983508
/media/storage2/Anuj/5th international anujj ones/medxpert/data/raw/Normal/norm_NORMAL2-IM-0923-0001.jpeg,0,Normal,0,Normal,0.99321187,0.0006672724,0.00070538925,0.005415326
/media/storage2/Anuj/5th international anujj ones/medxpert/data/raw/Normal/norm_NORMAL2-IM-1051-0001.jpeg,0,Normal,0,Normal,0.99208295,0.00056756294,0.0005802521,0.0067692515
/media/storage2/Anuj/5th international anujj ones/medxpert/data/raw/Normal/norm_NORMAL2-IM-1062-0001.jpeg,0,Normal,0,Normal,0.9906956,0.00058246066,0.00057889073,0.00814302
/media/storage2/Anuj/5th international anujj ones/medxpert/data/raw/Normal/norm_NORMAL2-IM-1067-0001-0001.jpeg,0,Normal,0,Normal,0.99251455,0.0005833749,0.0006403533,0.006261642
/media/storage2/Anuj/5th international anujj ones/medxpert/data/raw/Normal/norm_NORMAL2-IM-1109-0001.jpeg,0,Normal,0,Normal,0.99315745,0.0006460475,0.0007166284,0.0054798895
/media/storage2/Anuj/5th international anujj ones/medxpert/data/raw/Normal/norm_NORMAL2-IM-1112-0001.jpeg,0,Normal,0,Normal,0.99270505,0.0005900493,0.0006564781,0.006048515
/media/storage2/Anuj/5th international anujj ones/medxpert/data/raw/Normal/norm_NORMAL2-IM-1125-0001.jpeg,0,Normal,0,Normal,0.9908409,0.00052212697,0.0005788656,0.008058111
/media/storage2/Anuj/5th international anujj ones/medxpert/data/raw/Normal/norm_NORMAL2-IM-1152-0001.jpeg,0,Normal,0,Normal,0.9929309,0.0006178588,0.0006555888,0.0057955952
/media/storage2/Anuj/5th international anujj ones/medxpert/data/raw/Normal/norm_NORMAL2-IM-1154-0001-0001.jpeg,0,Normal,0,Normal,0.9910631,0.00053452473,0.00054885086,0.007853484
/media/storage2/Anuj/5th international anujj ones/medxpert/data/raw/Normal/norm_NORMAL2-IM-1206-0001.jpeg,0,Normal,0,Normal,0.9914068,0.0005401101,0.0005477765,0.0075053587
/media/storage2/Anuj/5th international anujj ones/medxpert/data/raw/Normal/norm_NORMAL2-IM-1223-0001.jpeg,0,Normal,0,Normal,0.9932749,0.0006687118,0.00075340184,0.0053029396
/media/storage2/Anuj/5th international anujj ones/medxpert/data/raw/Normal/norm_NORMAL2-IM-1289-0001.jpeg,0,Normal,0,Normal,0.9924131,0.0005982802,0.0005980977,0.006390495
/media/storage2/Anuj/5th international anujj ones/medxpert/data/raw/Normal/norm_NORMAL2-IM-1319-0001.jpeg,0,Normal,0,Normal,0.99321425,0.00066866435,0.0007019356,0.0054152226
/media/storage2/Anuj/5th international anujj ones/medxpert/data/raw/Normal/norm_NORMAL2-IM-1345-0001-0001.jpeg,0,Normal,0,Normal,0.99271554,0.0006064984,0.00062524487,0.0060528377
/media/storage2/Anuj/5th international anujj ones/medxpert/data/raw/Normal/norm_NORMAL2-IM-1376-0001.jpeg,0,Normal,0,Normal,0.99167013,0.0005495055,0.0005592049,0.0072212717
/media/storage2/Anuj/5th international anujj ones/medxpert/data/raw/Normal/norm_Normal-10069.png,0,Normal,0,Normal,0.9911896,0.0005119761,0.0005843249,0.0077140783
/media/storage2/Anuj/5th international anujj ones/medxpert/data/raw/Normal/norm_Normal-10112.png,0,Normal,0,Normal,0.98823804,0.00044787297,0.0005941059,0.010720028
/media/storage2/Anuj/5th international anujj ones/medxpert/data/raw/Normal/norm_Normal-1012.png,0,Normal,0,Normal,0.99173814,0.00052949873,0.00058881525,0.0071435617
/media/storage2/Anuj/5th international anujj ones/medxpert/data/raw/Normal/norm_Normal-10124.png,0,Normal,0,Normal,0.991383,0.0005187708,0.0006869381,0.0074111638
/media/storage2/Anuj/5th international anujj ones/medxpert/data/raw/Normal/norm_Normal-10165.png,0,Normal,0,Normal,0.98799884,0.00045370747,0.00056455814,0.010982957
/media/storage2/Anuj/5th international anujj ones/medxpert/data/raw/Normal/norm_Normal-10186.png,0,Normal,0,Normal,0.99256164,0.00059469417,0.00060783356,0.0062358426
/media/storage2/Anuj/5th international anujj ones/medxpert/data/raw/Normal/norm_Normal-1031.png,0,Normal,0,Normal,0.99263954,0.0006001616,0.0006241925,0.006136146
/media/storage2/Anuj/5th international anujj ones/medxpert/data/raw/Normal/norm_Normal-1059.png,0,Normal,0,Normal,0.9926529,0.00059983437,0.0006067054,0.006140541
/media/storage2/Anuj/5th international anujj ones/medxpert/data/raw/Normal/norm_Normal-1061.png,0,Normal,0,Normal,0.96161896,0.0006207751,0.0011050357,0.036655188
/media/storage2/Anuj/5th international anujj ones/medxpert/data/raw/Normal/norm_Normal-1063.png,0,Normal,0,Normal,0.99199885,0.00056051696,0.0005751625,0.0068654404
/media/storage2/Anuj/5th international anujj ones/medxpert/data/raw/Normal/norm_Normal-110.png,0,Normal,0,Normal,0.99287933,0.00061929086,0.00065145787,0.005849968
/media/storage2/Anuj/5th international anujj ones/medxpert/data/raw/Normal/norm_Normal-1102.png,0,Normal,0,Normal,0.99297863,0.0006100246,0.00069666863,0.0057148044
/media/storage2/Anuj/5th international anujj ones/medxpert/data/raw/Normal/norm_Normal-112.png,0,Normal,0,Normal,0.992121,0.00054119085,0.00061664724,0.0067211743
/media/storage2/Anuj/5th international anujj ones/medxpert/data/raw/Normal/norm_Normal-1122.png,0,Normal,0,Normal,0.99223185,0.00053821475,0.00065487355,0.0065750913
/media/storage2/Anuj/5th international anujj ones/medxpert/data/raw/Normal/norm_Normal-1123.png,0,Normal,0,Normal,0.99306256,0.00063065847,0.0006731548,0.005633687
/media/storage2/Anuj/5th international anujj ones/medxpert/data/raw/Normal/norm_Normal-1158.png,0,Normal,0,Normal,0.99330294,0.00068418257,0.0007286433,0.005284188
/media/storage2/Anuj/5th international anujj ones/medxpert/data/raw/Normal/norm_Normal-1180.png,0,Normal,0,Normal,0.9923275,0.0005260262,0.00070817233,0.006438207
/media/storage2/Anuj/5th international anujj ones/medxpert/data/raw/Normal/norm_Normal-1182.png,0,Normal,0,Normal,0.99258035,0.0005854361,0.0006187656,0.006215435
/media/storage2/Anuj/5th international anujj ones/medxpert/data/raw/Normal/norm_Normal-1189.png,0,Normal,0,Normal,0.9922092,0.0005664704,0.00060008425,0.0066243163
/media/storage2/Anuj/5th international anujj ones/medxpert/data/raw/Normal/norm_Normal-1214.png,0,Normal,0,Normal,0.9922529,0.00056878186,0.0005982076,0.006580174
/media/storage2/Anuj/5th international anujj ones/medxpert/data/raw/Normal/norm_Normal-1286.png,0,Normal,0,Normal,0.99288917,0.0006337133,0.0006262835,0.0058508376
/media/storage2/Anuj/5th international anujj ones/medxpert/data/raw/Normal/norm_Normal-1303.png,0,Normal,0,Normal,0.99321496,0.00063195254,0.0013023765,0.004850698
/media/storage2/Anuj/5th international anujj ones/medxpert/data/raw/Normal/norm_Normal-1337.png,0,Normal,0,Normal,0.99266076,0.000587356,0.000665712,0.006086049
/media/storage2/Anuj/5th international anujj ones/medxpert/data/raw/Normal/norm_Normal-1343.png,0,Normal,2,COVID-19,0.008561063,0.0005023525,0.9885777,0.0023588038
/media/storage2/Anuj/5th international anujj ones/medxpert/data/raw/Normal/norm_Normal-1357.png,0,Normal,0,Normal,0.9932534,0.000664003,0.0007437524,0.005338932
/media/storage2/Anuj/5th international anujj ones/medxpert/data/raw/Normal/norm_Normal-1379.png,0,Normal,0,Normal,0.990511,0.0004980381,0.0005744401,0.008416505
/media/storage2/Anuj/5th international anujj ones/medxpert/data/raw/Normal/norm_Normal-1384.png,0,Normal,0,Normal,0.9928861,0.00063541275,0.0006141312,0.0058643525
/media/storage2/Anuj/5th international anujj ones/medxpert/data/raw/Normal/norm_Normal-1407.png,0,Normal,0,Normal,0.99225026,0.0005818587,0.00058388733,0.0065840203
/media/storage2/Anuj/5th international anujj ones/medxpert/data/raw/Normal/norm_Normal-1427.png,0,Normal,0,Normal,0.9923814,0.0006023688,0.0005898552,0.0064264107
/media/storage2/Anuj/5th international anujj ones/medxpert/data/raw/Normal/norm_Normal-1440.png,0,Normal,0,Normal,0.9924852,0.0005879142,0.000634696,0.0062921527
/media/storage2/Anuj/5th international anujj ones/medxpert/data/raw/Normal/norm_Normal-1467.png,0,Normal,0,Normal,0.9868593,0.00040669274,0.00065768184,0.012076328
/media/storage2/Anuj/5th international anujj ones/medxpert/data/raw/Normal/norm_Normal-1474.png,0,Normal,0,Normal,0.9858429,0.00044796633,0.0028144831,0.010894608
/media/storage2/Anuj/5th international anujj ones/medxpert/data/raw/Normal/norm_Normal-1488.png,0,Normal,0,Normal,0.9928006,0.0006261219,0.00062250247,0.0059507843
/media/storage2/Anuj/5th international anujj ones/medxpert/data/raw/Normal/norm_Normal-1497.png,0,Normal,0,Normal,0.99266326,0.00062909775,0.0006031257,0.0061045894
/media/storage2/Anuj/5th international anujj ones/medxpert/data/raw/Normal/norm_Normal-150.png,0,Normal,0,Normal,0.9925573,0.00060545513,0.0006073807,0.00622994
/media/storage2/Anuj/5th international anujj ones/medxpert/data/raw/Normal/norm_Normal-1530.png,0,Normal,0,Normal,0.9917862,0.00055723236,0.0005968281,0.0070597264
/media/storage2/Anuj/5th international anujj ones/medxpert/data/raw/Normal/norm_Normal-1540.png,0,Normal,0,Normal,0.9926496,0.00061535346,0.00060792547,0.006127139
/media/storage2/Anuj/5th international anujj ones/medxpert/data/raw/Normal/norm_Normal-1560.png,0,Normal,0,Normal,0.99233717,0.00058395846,0.0006513152,0.0064275637
/media/storage2/Anuj/5th international anujj ones/medxpert/data/raw/Normal/norm_Normal-1573.png,0,Normal,0,Normal,0.9916986,0.00053803093,0.0005711628,0.0071922205
/media/storage2/Anuj/5th international anujj ones/medxpert/data/raw/Normal/norm_Normal-1576.png,0,Normal,0,Normal,0.9857712,0.00041271988,0.0006167742,0.013199272
/media/storage2/Anuj/5th international anujj ones/medxpert/data/raw/Normal/norm_Normal-1589.png,0,Normal,0,Normal,0.99007833,0.0004775118,0.00057824963,0.008865892
/media/storage2/Anuj/5th international anujj ones/medxpert/data/raw/Normal/norm_Normal-1596.png,0,Normal,0,Normal,0.9869747,0.0004194436,0.0006227475,0.011983048
/media/storage2/Anuj/5th international anujj ones/medxpert/data/raw/Normal/norm_Normal-1604.png,0,Normal,0,Normal,0.9894783,0.00047402753,0.00061882683,0.009428813
/media/storage2/Anuj/5th international anujj ones/medxpert/data/raw/Normal/norm_Normal-1611.png,0,Normal,0,Normal,0.992454,0.00057712407,0.00060871866,0.0063602487
/media/storage2/Anuj/5th international anujj ones/medxpert/data/raw/Normal/norm_Normal-1617.png,0,Normal,0,Normal,0.9762866,0.0005153633,0.0006872889,0.022510799
/media/storage2/Anuj/5th international anujj ones/medxpert/data/raw/Normal/norm_Normal-162.png,0,Normal,0,Normal,0.9927408,0.0006296535,0.0006573265,0.005972177
/media/storage2/Anuj/5th international anujj ones/medxpert/data/raw/Normal/norm_Normal-1625.png,0,Normal,0,Normal,0.9912983,0.0005223912,0.00057089876,0.0076083364
/media/storage2/Anuj/5th international anujj ones/medxpert/data/raw/Normal/norm_Normal-1638.png,0,Normal,0,Normal,0.9919024,0.0005632714,0.0005715545,0.0069627305
/media/storage2/Anuj/5th international anujj ones/medxpert/data/raw/Normal/norm_Normal-166.png,0,Normal,0,Normal,0.99267983,0.0005755626,0.00065587193,0.0060888333
/media/storage2/Anuj/5th international anujj ones/medxpert/data/raw/Normal/norm_Normal-1666.png,0,Normal,0,Normal,0.9914061,0.00051154953,0.0005710144,0.007511389
/media/storage2/Anuj/5th international anujj ones/medxpert/data/raw/Normal/norm_Normal-1687.png,0,Normal,0,Normal,0.9915937,0.0005208433,0.0005961551,0.007289368
/media/storage2/Anuj/5th international anujj ones/medxpert/data/raw/Normal/norm_Normal-1715.png,0,Normal,0,Normal,0.9925368,0.00057741225,0.00061315217,0.006272744
/media/storage2/Anuj/5th international anujj ones/medxpert/data/raw/Normal/norm_Normal-1725.png,0,Normal,0,Normal,0.9901586,0.0004633878,0.00058556406,0.008792374
/media/storage2/Anuj/5th international anujj ones/medxpert/data/raw/Normal/norm_Normal-1734.png,0,Normal,0,Normal,0.991355,0.0005366993,0.00056646427,0.00754196
/media/storage2/Anuj/5th international anujj ones/medxpert/data/raw/Normal/norm_Normal-1744.png,0,Normal,0,Normal,0.9917224,0.00055270805,0.00056541193,0.007159445
/media/storage2/Anuj/5th international anujj ones/medxpert/data/raw/Normal/norm_Normal-1763.png,0,Normal,0,Normal,0.9915828,0.00055059587,0.000576229,0.0072903507
/media/storage2/Anuj/5th international anujj ones/medxpert/data/raw/Normal/norm_Normal-1772.png,0,Normal,0,Normal,0.99301815,0.00063597324,0.0006481237,0.005697868
/media/storage2/Anuj/5th international anujj ones/medxpert/data/raw/Normal/norm_Normal-1776.png,0,Normal,0,Normal,0.99260724,0.000600564,0.0006080012,0.0061842366
/media/storage2/Anuj/5th international anujj ones/medxpert/data/raw/Normal/norm_Normal-1786.png,0,Normal,0,Normal,0.9916095,0.0005488832,0.0007091574,0.007132442
/media/storage2/Anuj/5th international anujj ones/medxpert/data/raw/Normal/norm_Normal-1788.png,0,Normal,0,Normal,0.99182725,0.0006174117,0.00058577437,0.0069696032
/media/storage2/Anuj/5th international anujj ones/medxpert/data/raw/Normal/norm_Normal-1801.png,0,Normal,0,Normal,0.9883979,0.00042575804,0.00067384815,0.010502549
/media/storage2/Anuj/5th international anujj ones/medxpert/data/raw/Normal/norm_Normal-1802.png,0,Normal,0,Normal,0.99234205,0.00058197195,0.0005986517,0.0064771925
/media/storage2/Anuj/5th international anujj ones/medxpert/data/raw/Normal/norm_Normal-1805.png,0,Normal,0,Normal,0.9914722,0.000507861,0.00062439026,0.007395538
/media/storage2/Anuj/5th international anujj ones/medxpert/data/raw/Normal/norm_Normal-1807.png,0,Normal,0,Normal,0.99222624,0.0005797418,0.0005785896,0.0066154725
/media/storage2/Anuj/5th international anujj ones/medxpert/data/raw/Normal/norm_Normal-181.png,0,Normal,0,Normal,0.9930363,0.0006067932,0.0008190315,0.0055377316
/media/storage2/Anuj/5th international anujj ones/medxpert/data/raw/Normal/norm_Normal-1815.png,0,Normal,0,Normal,0.9911033,0.0005258602,0.0006545241,0.007716265
/media/storage2/Anuj/5th international anujj ones/medxpert/data/raw/Normal/norm_Normal-1820.png,0,Normal,0,Normal,0.9909909,0.0005161032,0.00054760673,0.007945468
/media/storage2/Anuj/5th international anujj ones/medxpert/data/raw/Normal/norm_Normal-1855.png,0,Normal,0,Normal,0.9914853,0.0005516368,0.0005627331,0.0074003986
/media/storage2/Anuj/5th international anujj ones/medxpert/data/raw/Normal/norm_Normal-1865.png,0,Normal,0,Normal,0.99221605,0.0005818627,0.00057614135,0.0066260616
/media/storage2/Anuj/5th international anujj ones/medxpert/data/raw/Normal/norm_Normal-1885.png,0,Normal,0,Normal,0.96500677,0.0004545712,0.0017753176,0.032763496
/media/storage2/Anuj/5th international anujj ones/medxpert/data/raw/Normal/norm_Normal-1897.png,0,Normal,0,Normal,0.99145424,0.0005447415,0.00062765955,0.0073733227
/media/storage2/Anuj/5th international anujj ones/medxpert/data/raw/Normal/norm_Normal-1912.png,0,Normal,0,Normal,0.98989606,0.00050886587,0.0005540773,0.009041046
/media/storage2/Anuj/5th international anujj ones/medxpert/data/raw/Normal/norm_Normal-1940.png,0,Normal,0,Normal,0.99180144,0.00054426806,0.00057847705,0.007075806
/media/storage2/Anuj/5th international anujj ones/medxpert/data/raw/Normal/norm_Normal-1955.png,0,Normal,0,Normal,0.9882279,0.0004718003,0.0005739786,0.010726299
/media/storage2/Anuj/5th international anujj ones/medxpert/data/raw/Normal/norm_Normal-1963.png,0,Normal,0,Normal,0.9921895,0.00056651473,0.0006699134,0.0065740175
/media/storage2/Anuj/5th international anujj ones/medxpert/data/raw/Normal/norm_Normal-1969.png,0,Normal,0,Normal,0.9923558,0.00057307555,0.00059830665,0.0064728423
/media/storage2/Anuj/5th international anujj ones/medxpert/data/raw/Normal/norm_Normal-1991.png,0,Normal,3,Pneumonia,0.10968583,0.0003096224,0.0010543831,0.8889502
/media/storage2/Anuj/5th international anujj ones/medxpert/data/raw/Normal/norm_Normal-2017.png,0,Normal,0,Normal,0.9908894,0.00050569826,0.0005594652,0.008045501
/media/storage2/Anuj/5th international anujj ones/medxpert/data/raw/Normal/norm_Normal-2037.png,0,Normal,3,Pneumonia,0.0035230962,0.00042904564,0.0004831074,0.99556476
/media/storage2/Anuj/5th international anujj ones/medxpert/data/raw/Normal/norm_Normal-2051.png,0,Normal,0,Normal,0.9893456,0.00047262455,0.00057501235,0.009606815
/media/storage2/Anuj/5th international anujj ones/medxpert/data/raw/Normal/norm_Normal-2058.png,0,Normal,0,Normal,0.9911144,0.00052334927,0.0005632158,0.0077989227
/media/storage2/Anuj/5th international anujj ones/medxpert/data/raw/Normal/norm_Normal-2087.png,0,Normal,0,Normal,0.99243927,0.00059273065,0.00067566487,0.0062923837
/media/storage2/Anuj/5th international anujj ones/medxpert/data/raw/Normal/norm_Normal-2098.png,0,Normal,0,Normal,0.9927626,0.00059578987,0.00068927935,0.005952356
/media/storage2/Anuj/5th international anujj ones/medxpert/data/raw/Normal/norm_Normal-210.png,0,Normal,0,Normal,0.9917454,0.00053786417,0.0005686184,0.0071480954
/media/storage2/Anuj/5th international anujj ones/medxpert/data/raw/Normal/norm_Normal-2108.png,0,Normal,0,Normal,0.99207085,0.00056644157,0.0005756197,0.0067870026
/media/storage2/Anuj/5th international anujj ones/medxpert/data/raw/Normal/norm_Normal-2114.png,0,Normal,0,Normal,0.8919476,0.00086497155,0.003088282,0.10409905
/media/storage2/Anuj/5th international anujj ones/medxpert/data/raw/Normal/norm_Normal-2115.png,0,Normal,3,Pneumonia,0.017005427,0.00022504955,0.0004808541,0.9822887
/media/storage2/Anuj/5th international anujj ones/medxpert/data/raw/Normal/norm_Normal-2133.png,0,Normal,0,Normal,0.99290425,0.0006367289,0.0006273905,0.0058316244
/media/storage2/Anuj/5th international anujj ones/medxpert/data/raw/Normal/norm_Normal-2136.png,0,Normal,0,Normal,0.99277896,0.0006176005,0.0006064839,0.0059970086
/media/storage2/Anuj/5th international anujj ones/medxpert/data/raw/Normal/norm_Normal-2149.png,0,Normal,0,Normal,0.99186593,0.0005643965,0.00057527336,0.006994409
/media/storage2/Anuj/5th international anujj ones/medxpert/data/raw/Normal/norm_Normal-2165.png,0,Normal,0,Normal,0.9926461,0.0005982726,0.000606825,0.0061487937
/media/storage2/Anuj/5th international anujj ones/medxpert/data/raw/Normal/norm_Normal-2174.png,0,Normal,0,Normal,0.99227107,0.0005864184,0.00059702963,0.0065455143
/media/storage2/Anuj/5th international anujj ones/medxpert/data/raw/Normal/norm_Normal-2185.png,0,Normal,0,Normal,0.98678744,0.00043940378,0.00059125427,0.012181955
/media/storage2/Anuj/5th international anujj ones/medxpert/data/raw/Normal/norm_Normal-22.png,0,Normal,0,Normal,0.98692596,0.00041076893,0.00068112626,0.011982261
/media/storage2/Anuj/5th international anujj ones/medxpert/data/raw/Normal/norm_Normal-2214.png,0,Normal,0,Normal,0.9928745,0.0006350012,0.000633609,0.005856909
/media/storage2/Anuj/5th international anujj ones/medxpert/data/raw/Normal/norm_Normal-2230.png,0,Normal,0,Normal,0.99278027,0.00061495125,0.00063533115,0.0059694992
/media/storage2/Anuj/5th international anujj ones/medxpert/data/raw/Normal/norm_Normal-2234.png,0,Normal,0,Normal,0.9914737,0.0005405841,0.0005758992,0.0074097575
/media/storage2/Anuj/5th international anujj ones/medxpert/data/raw/Normal/norm_Normal-2240.png,0,Normal,0,Normal,0.9862207,0.00046872202,0.00058237347,0.0127280755
/media/storage2/Anuj/5th international anujj ones/medxpert/data/raw/Normal/norm_Normal-2242.png,0,Normal,0,Normal,0.9918548,0.0005538414,0.0005801499,0.0070111565
/media/storage2/Anuj/5th international anujj ones/medxpert/data/raw/Normal/norm_Normal-2257.png,0,Normal,0,Normal,0.9913743,0.0004908564,0.0006174232,0.0075175334
/media/storage2/Anuj/5th international anujj ones/medxpert/data/raw/Normal/norm_Normal-2287.png,0,Normal,0,Normal,0.99263036,0.0006131021,0.0006081934,0.0061483113
/media/storage2/Anuj/5th international anujj ones/medxpert/data/raw/Normal/norm_Normal-232.png,0,Normal,0,Normal,0.9926174,0.00060640665,0.0006100319,0.0061661205
/media/storage2/Anuj/5th international anujj ones/medxpert/data/raw/Normal/norm_Normal-2352.png,0,Normal,0,Normal,0.9915208,0.0005085846,0.0005855887,0.007385068
/media/storage2/Anuj/5th international anujj ones/medxpert/data/raw/Normal/norm_Normal-2387.png,0,Normal,0,Normal,0.991305,0.0004905745,0.00061426085,0.0075902874
/media/storage2/Anuj/5th international anujj ones/medxpert/data/raw/Normal/norm_Normal-2389.png,0,Normal,0,Normal,0.99225724,0.0005599774,0.0005935668,0.006589287
/media/storage2/Anuj/5th international anujj ones/medxpert/data/raw/Normal/norm_Normal-2397.png,0,Normal,0,Normal,0.9926704,0.00061888667,0.00060351443,0.0061072246
/media/storage2/Anuj/5th international anujj ones/medxpert/data/raw/Normal/norm_Normal-2407.png,0,Normal,0,Normal,0.99251735,0.00060377596,0.00060096226,0.0062778727
/media/storage2/Anuj/5th international anujj ones/medxpert/data/raw/Normal/norm_Normal-2418.png,0,Normal,0,Normal,0.98805004,0.0004998968,0.00061406224,0.010836119
/media/storage2/Anuj/5th international anujj ones/medxpert/data/raw/Normal/norm_Normal-2427.png,0,Normal,0,Normal,0.9887002,0.00046826445,0.0005764271,0.010255106
/media/storage2/Anuj/5th international anujj ones/medxpert/data/raw/Normal/norm_Normal-2428.png,0,Normal,0,Normal,0.9918487,0.0005404112,0.00058657443,0.0070242444
/media/storage2/Anuj/5th international anujj ones/medxpert/data/raw/Normal/norm_Normal-2432.png,0,Normal,0,Normal,0.9906364,0.0005185173,0.0005598518,0.008285175
/media/storage2/Anuj/5th international anujj ones/medxpert/data/raw/Normal/norm_Normal-245.png,0,Normal,0,Normal,0.99272305,0.0006270128,0.0006018175,0.006048201
/media/storage2/Anuj/5th international anujj ones/medxpert/data/raw/Normal/norm_Normal-2456.png,0,Normal,0,Normal,0.9929299,0.0006346746,0.0006250656,0.005810393
/media/storage2/Anuj/5th international anujj ones/medxpert/data/raw/Normal/norm_Normal-2478.png,0,Normal,0,Normal,0.9919526,0.00055775815,0.00057896925,0.0069106747
/media/storage2/Anuj/5th international anujj ones/medxpert/data/raw/Normal/norm_Normal-2486.png,0,Normal,0,Normal,0.9924826,0.0005980175,0.0005981236,0.0063212104
/media/storage2/Anuj/5th international anujj ones/medxpert/data/raw/Normal/norm_Normal-2524.png,0,Normal,0,Normal,0.9871414,0.00048670257,0.0005487286,0.01182315
/media/storage2/Anuj/5th international anujj ones/medxpert/data/raw/Normal/norm_Normal-2530.png,0,Normal,0,Normal,0.9919876,0.00055313535,0.0005748407,0.006884441
/media/storage2/Anuj/5th international anujj ones/medxpert/data/raw/Normal/norm_Normal-256.png,0,Normal,0,Normal,0.9927973,0.000605411,0.00064499833,0.0059523513
/media/storage2/Anuj/5th international anujj ones/medxpert/data/raw/Normal/norm_Normal-2579.png,0,Normal,0,Normal,0.99028975,0.00045347892,0.00071453914,0.008542234
/media/storage2/Anuj/5th international anujj ones/medxpert/data/raw/Normal/norm_Normal-2580.png,0,Normal,0,Normal,0.9867677,0.00046500316,0.00056962215,0.01219772
/media/storage2/Anuj/5th international anujj ones/medxpert/data/raw/Normal/norm_Normal-2584.png,0,Normal,0,Normal,0.99206924,0.00056083273,0.00057618914,0.0067937844
/media/storage2/Anuj/5th international anujj ones/medxpert/data/raw/Normal/norm_Normal-2594.png,0,Normal,0,Normal,0.97839373,0.00039724112,0.0009187135,0.020290274
/media/storage2/Anuj/5th international anujj ones/medxpert/data/raw/Normal/norm_Normal-2602.png,0,Normal,0,Normal,0.9923294,0.00058799254,0.00059481245,0.0064877523
/media/storage2/Anuj/5th international anujj ones/medxpert/data/raw/Normal/norm_Normal-2620.png,0,Normal,0,Normal,0.99259627,0.00058103306,0.0006813688,0.0061413646
/media/storage2/Anuj/5th international anujj ones/medxpert/data/raw/Normal/norm_Normal-2628.png,0,Normal,0,Normal,0.99266064,0.00057171035,0.0006290976,0.0061386507
/media/storage2/Anuj/5th international anujj ones/medxpert/data/raw/Normal/norm_Normal-2636.png,0,Normal,0,Normal,0.99201024,0.00054705766,0.00058849226,0.006854253
/media/storage2/Anuj/5th international anujj ones/medxpert/data/raw/Normal/norm_Normal-2638.png,0,Normal,0,Normal,0.991623,0.000549151,0.0006693407,0.0071584345
/media/storage2/Anuj/5th international anujj ones/medxpert/data/raw/Normal/norm_Normal-2644.png,0,Normal,3,Pneumonia,0.27885717,0.0005127547,0.0023400432,0.7182901
/media/storage2/Anuj/5th international anujj ones/medxpert/data/raw/Normal/norm_Normal-2662.png,0,Normal,0,Normal,0.99040776,0.00050007727,0.00058774924,0.008504408
/media/storage2/Anuj/5th international anujj ones/medxpert/data/raw/Normal/norm_Normal-2669.png,0,Normal,0,Normal,0.9704167,0.0005140536,0.00078897434,0.028280245
/media/storage2/Anuj/5th international anujj ones/medxpert/data/raw/Normal/norm_Normal-2684.png,0,Normal,0,Normal,0.99268484,0.0006012913,0.00060050556,0.0061133453
/media/storage2/Anuj/5th international anujj ones/medxpert/data/raw/Normal/norm_Normal-27.png,0,Normal,0,Normal,0.989828,0.0004965838,0.0005497211,0.009125709
/media/storage2/Anuj/5th international anujj ones/medxpert/data/raw/Normal/norm_Normal-2707.png,0,Normal,0,Normal,0.99046665,0.00051922526,0.0005538068,0.008460243
/media/storage2/Anuj/5th international anujj ones/medxpert/data/raw/Normal/norm_Normal-2716.png,0,Normal,0,Normal,0.9890626,0.0004911149,0.0005478553,0.009898447
/media/storage2/Anuj/5th international anujj ones/medxpert/data/raw/Normal/norm_Normal-2742.png,0,Normal,0,Normal,0.9899586,0.0004541847,0.0006010016,0.008986157
/media/storage2/Anuj/5th international anujj ones/medxpert/data/raw/Normal/norm_Normal-2762.png,0,Normal,0,Normal,0.9913168,0.0005523182,0.00093928725,0.0071916324
/media/storage2/Anuj/5th international anujj ones/medxpert/data/raw/Normal/norm_Normal-2795.png,0,Normal,0,Normal,0.9928108,0.000604409,0.00062173256,0.005963034
/media/storage2/Anuj/5th international anujj ones/medxpert/data/raw/Normal/norm_Normal-2827.png,0,Normal,0,Normal,0.99112904,0.00051767775,0.0006265597,0.007726786
/media/storage2/Anuj/5th international anujj ones/medxpert/data/raw/Normal/norm_Normal-2863.png,0,Normal,0,Normal,0.9910493,0.00052949414,0.00055670313,0.007864444
/media/storage2/Anuj/5th international anujj ones/medxpert/data/raw/Normal/norm_Normal-2890.png,0,Normal,0,Normal,0.9927562,0.0006089996,0.00060995715,0.006024862
/media/storage2/Anuj/5th international anujj ones/medxpert/data/raw/Normal/norm_Normal-2896.png,0,Normal,0,Normal,0.9926697,0.0006218603,0.0006076445,0.0061007733
/media/storage2/Anuj/5th international anujj ones/medxpert/data/raw/Normal/norm_Normal-2897.png,0,Normal,0,Normal,0.920229,0.001072582,0.03276042,0.045937978
/media/storage2/Anuj/5th international anujj ones/medxpert/data/raw/Normal/norm_Normal-290.png,0,Normal,0,Normal,0.9911423,0.0005141951,0.00056099735,0.007782473
/media/storage2/Anuj/5th international anujj ones/medxpert/data/raw/Normal/norm_Normal-2921.png,0,Normal,0,Normal,0.9925056,0.00059541356,0.00061192835,0.006287025
/media/storage2/Anuj/5th international anujj ones/medxpert/data/raw/Normal/norm_Normal-295.png,0,Normal,0,Normal,0.9773697,0.00041592756,0.00076548255,0.021448813
/media/storage2/Anuj/5th international anujj ones/medxpert/data/raw/Normal/norm_Normal-2966.png,0,Normal,0,Normal,0.99156344,0.00053754554,0.0006082142,0.007290769
/media/storage2/Anuj/5th international anujj ones/medxpert/data/raw/Normal/norm_Normal-298.png,0,Normal,0,Normal,0.9918405,0.0005683598,0.00057865214,0.007012483
/media/storage2/Anuj/5th international anujj ones/medxpert/data/raw/Normal/norm_Normal-2994.png,0,Normal,0,Normal,0.992424,0.0006059471,0.00064175535,0.006328148
/media/storage2/Anuj/5th international anujj ones/medxpert/data/raw/Normal/norm_Normal-3002.png,0,Normal,0,Normal,0.9921037,0.0005933171,0.0005867241,0.0067162327
/media/storage2/Anuj/5th international anujj ones/medxpert/data/raw/Normal/norm_Normal-3018.png,0,Normal,0,Normal,0.992257,0.0005675651,0.0006551741,0.0065202503
/media/storage2/Anuj/5th international anujj ones/medxpert/data/raw/Normal/norm_Normal-3111.png,0,Normal,0,Normal,0.9915318,0.0005312718,0.0005928218,0.007344158
/media/storage2/Anuj/5th international anujj ones/medxpert/data/raw/Normal/norm_Normal-3118.png,0,Normal,0,Normal,0.9909204,0.0004688418,0.00081563793,0.0077951215
/media/storage2/Anuj/5th international anujj ones/medxpert/data/raw/Normal/norm_Normal-3152.png,0,Normal,0,Normal,0.9901335,0.00047173866,0.0006065614,0.008788114
/media/storage2/Anuj/5th international anujj ones/medxpert/data/raw/Normal/norm_Normal-3165.png,0,Normal,3,Pneumonia,0.06956298,0.00028710955,0.0008455108,0.9293044
/media/storage2/Anuj/5th international anujj ones/medxpert/data/raw/Normal/norm_Normal-3175.png,0,Normal,3,Pneumonia,0.20744395,0.00042293587,0.001757557,0.79037553
/media/storage2/Anuj/5th international anujj ones/medxpert/data/raw/Normal/norm_Normal-3179.png,0,Normal,0,Normal,0.9924591,0.00058020884,0.0005947342,0.0063659768
/media/storage2/Anuj/5th international anujj ones/medxpert/data/raw/Normal/norm_Normal-3234.png,0,Normal,0,Normal,0.9919007,0.0005729016,0.00057363755,0.006952871
/media/storage2/Anuj/5th international anujj ones/medxpert/data/raw/Normal/norm_Normal-3235.png,0,Normal,0,Normal,0.9867106,0.00042096415,0.00062681315,0.012241646
/media/storage2/Anuj/5th international anujj ones/medxpert/data/raw/Normal/norm_Normal-3240.png,0,Normal,0,Normal,0.9920868,0.00056475535,0.00058654795,0.00676189
/media/storage2/Anuj/5th international anujj ones/medxpert/data/raw/Normal/norm_Normal-3241.png,0,Normal,0,Normal,0.99269754,0.00060303725,0.0006125007,0.00608682
/media/storage2/Anuj/5th international anujj ones/medxpert/data/raw/Normal/norm_Normal-3259.png,0,Normal,0,Normal,0.98132265,0.0003994118,0.0007669508,0.017511042
/media/storage2/Anuj/5th international anujj ones/medxpert/data/raw/Normal/norm_Normal-3274.png,0,Normal,0,Normal,0.991927,0.00054251374,0.00058124796,0.0069490783
/media/storage2/Anuj/5th international anujj ones/medxpert/data/raw/Normal/norm_Normal-3285.png,0,Normal,0,Normal,0.99259466,0.0006009477,0.0005970925,0.0062073413
/media/storage2/Anuj/5th international anujj ones/medxpert/data/raw/Normal/norm_Normal-3301.png,0,Normal,0,Normal,0.9700332,0.00048884534,0.00079980824,0.028678093
/media/storage2/Anuj/5th international anujj ones/medxpert/data/raw/Normal/norm_Normal-3303.png,0,Normal,0,Normal,0.98992926,0.00049383624,0.0005606357,0.009016275
/media/storage2/Anuj/5th international anujj ones/medxpert/data/raw/Normal/norm_Normal-331.png,0,Normal,0,Normal,0.9922179,0.00057715905,0.0005766144,0.006628299
/media/storage2/Anuj/5th international anujj ones/medxpert/data/raw/Normal/norm_Normal-3319.png,0,Normal,0,Normal,0.99249965,0.00058018195,0.00061917806,0.0063009905
/media/storage2/Anuj/5th international anujj ones/medxpert/data/raw/Normal/norm_Normal-3370.png,0,Normal,0,Normal,0.99281573,0.00060316833,0.000644444,0.0059366645
/media/storage2/Anuj/5th international anujj ones/medxpert/data/raw/Normal/norm_Normal-3391.png,0,Normal,0,Normal,0.9918773,0.0005416698,0.0005797222,0.007001336
/media/storage2/Anuj/5th international anujj ones/medxpert/data/raw/Normal/norm_Normal-3392.png,0,Normal,0,Normal,0.9898831,0.00049212645,0.0029040042,0.006720704
/media/storage2/Anuj/5th international anujj ones/medxpert/data/raw/Normal/norm_Normal-3393.png,0,Normal,0,Normal,0.98598933,0.0004409245,0.00058079325,0.012988951
/media/storage2/Anuj/5th international anujj ones/medxpert/data/raw/Normal/norm_Normal-3413.png,0,Normal,0,Normal,0.9927045,0.0006083783,0.00061206386,0.006075122
/media/storage2/Anuj/5th international anujj ones/medxpert/data/raw/Normal/norm_Normal-342.png,0,Normal,0,Normal,0.9926777,0.000541507,0.00078005,0.006000777
/media/storage2/Anuj/5th international anujj ones/medxpert/data/raw/Normal/norm_Normal-343.png,0,Normal,0,Normal,0.9929254,0.000679486,0.00064677186,0.0057483483
/media/storage2/Anuj/5th international anujj ones/medxpert/data/raw/Normal/norm_Normal-3450.png,0,Normal,0,Normal,0.99233526,0.0005634793,0.0006173763,0.0064839497
/media/storage2/Anuj/5th international anujj ones/medxpert/data/raw/Normal/norm_Normal-3499.png,0,Normal,0,Normal,0.9910069,0.00047596282,0.0007196964,0.0077973893
/media/storage2/Anuj/5th international anujj ones/medxpert/data/raw/Normal/norm_Normal-35.png,0,Normal,0,Normal,0.5410696,0.00078981096,0.0064806016,0.45165998
/media/storage2/Anuj/5th international anujj ones/medxpert/data/raw/Normal/norm_Normal-3521.png,0,Normal,0,Normal,0.9610301,0.0016957867,0.026407128,0.010866943
/media/storage2/Anuj/5th international anujj ones/medxpert/data/raw/Normal/norm_Normal-3531.png,0,Normal,0,Normal,0.99214125,0.00056421687,0.0005852581,0.006709419
/media/storage2/Anuj/5th international anujj ones/medxpert/data/raw/Normal/norm_Normal-3580.png,0,Normal,0,Normal,0.9919898,0.000549863,0.00057767547,0.006882599
/media/storage2/Anuj/5th international anujj ones/medxpert/data/raw/Normal/norm_Normal-36.png,0,Normal,0,Normal,0.99260783,0.0006010594,0.0005939345,0.00619717
/media/storage2/Anuj/5th international anujj ones/medxpert/data/raw/Normal/norm_Normal-3604.png,0,Normal,0,Normal,0.991799,0.0005428782,0.0005878444,0.0070702033
/media/storage2/Anuj/5th international anujj ones/medxpert/data/raw/Normal/norm_Normal-3630.png,0,Normal,0,Normal,0.96223015,0.0005071933,0.0010921239,0.03617053
/media/storage2/Anuj/5th international anujj ones/medxpert/data/raw/Normal/norm_Normal-3634.png,0,Normal,0,Normal,0.9925966,0.0005956238,0.00059328164,0.0062143966
/media/storage2/Anuj/5th international anujj ones/medxpert/data/raw/Normal/norm_Normal-3646.png,0,Normal,0,Normal,0.9900429,0.00043721727,0.0006897331,0.008830041
/media/storage2/Anuj/5th international anujj ones/medxpert/data/raw/Normal/norm_Normal-3747.png,0,Normal,0,Normal,0.99056304,0.00041325446,0.0010906885,0.007932867
/media/storage2/Anuj/5th international anujj ones/medxpert/data/raw/Normal/norm_Normal-3755.png,0,Normal,0,Normal,0.9923241,0.0005862327,0.00058501324,0.0065046055
/media/storage2/Anuj/5th international anujj ones/medxpert/data/raw/Normal/norm_Normal-377.png,0,Normal,0,Normal,0.9929119,0.00061505835,0.0006827076,0.005790433
/media/storage2/Anuj/5th international anujj ones/medxpert/data/raw/Normal/norm_Normal-3797.png,0,Normal,0,Normal,0.84814894,0.002591681,0.012038302,0.137221
/media/storage2/Anuj/5th international anujj ones/medxpert/data/raw/Normal/norm_Normal-3820.png,0,Normal,0,Normal,0.9922288,0.0005709073,0.0006306518,0.0065695373
/media/storage2/Anuj/5th international anujj ones/medxpert/data/raw/Normal/norm_Normal-3857.png,0,Normal,0,Normal,0.98934186,0.00048161912,0.0005619475,0.00961449
/media/storage2/Anuj/5th international anujj ones/medxpert/data/raw/Normal/norm_Normal-394.png,0,Normal,0,Normal,0.9933616,0.0006581589,0.000955886,0.005024401
/media/storage2/Anuj/5th international anujj ones/medxpert/data/raw/Normal/norm_Normal-3945.png,0,Normal,0,Normal,0.9846257,0.00041064524,0.000643761,0.014319812
/media/storage2/Anuj/5th international anujj ones/medxpert/data/raw/Normal/norm_Normal-3946.png,0,Normal,0,Normal,0.969687,0.0006154486,0.014212991,0.015484593
/media/storage2/Anuj/5th international anujj ones/medxpert/data/raw/Normal/norm_Normal-4003.png,0,Normal,0,Normal,0.99226636,0.00060456083,0.00062098494,0.006508055
/media/storage2/Anuj/5th international anujj ones/medxpert/data/raw/Normal/norm_Normal-4017.png,0,Normal,0,Normal,0.99254143,0.00058497174,0.00064923294,0.006224317
/media/storage2/Anuj/5th international anujj ones/medxpert/data/raw/Normal/norm_Normal-4076.png,0,Normal,0,Normal,0.9912511,0.0005997681,0.0005875004,0.0075615393
/media/storage2/Anuj/5th international anujj ones/medxpert/data/raw/Normal/norm_Normal-4083.png,0,Normal,0,Normal,0.99275583,0.00060774584,0.0006130995,0.0060232864
/media/storage2/Anuj/5th international anujj ones/medxpert/data/raw/Normal/norm_Normal-409.png,0,Normal,0,Normal,0.99264574,0.0006180506,0.00061379874,0.006122451
/media/storage2/Anuj/5th international anujj ones/medxpert/data/raw/Normal/norm_Normal-410.png,0,Normal,0,Normal,0.9914492,0.0005882497,0.0005659074,0.0073967287
/media/storage2/Anuj/5th international anujj ones/medxpert/data/raw/Normal/norm_Normal-4104.png,0,Normal,0,Normal,0.99201924,0.00055754354,0.00058472087,0.0068385317
/media/storage2/Anuj/5th international anujj ones/medxpert/data/raw/Normal/norm_Normal-4205.png,0,Normal,0,Normal,0.9810284,0.00041039218,0.0008883992,0.017672824
/media/storage2/Anuj/5th international anujj ones/medxpert/data/raw/Normal/norm_Normal-4222.png,0,Normal,0,Normal,0.98996174,0.00045912244,0.0007084156,0.008870718
/media/storage2/Anuj/5th international anujj ones/medxpert/data/raw/Normal/norm_Normal-4242.png,0,Normal,0,Normal,0.9918343,0.0005433383,0.0005825976,0.0070398487
/media/storage2/Anuj/5th international anujj ones/medxpert/data/raw/Normal/norm_Normal-4247.png,0,Normal,0,Normal,0.9912328,0.00051384914,0.00057557726,0.007677721
/media/storage2/Anuj/5th international anujj ones/medxpert/data/raw/Normal/norm_Normal-4282.png,0,Normal,0,Normal,0.99059993,0.00051214575,0.0006135887,0.008274352
/media/storage2/Anuj/5th international anujj ones/medxpert/data/raw/Normal/norm_Normal-4305.png,0,Normal,0,Normal,0.991306,0.0004934579,0.0006119558,0.0075885793
/media/storage2/Anuj/5th international anujj ones/medxpert/data/raw/Normal/norm_Normal-4322.png,0,Normal,0,Normal,0.9905185,0.0005035319,0.00056033314,0.008417675
/media/storage2/Anuj/5th international anujj ones/medxpert/data/raw/Normal/norm_Normal-4359.png,0,Normal,0,Normal,0.9921457,0.0005722492,0.0005770113,0.0067050676
/media/storage2/Anuj/5th international anujj ones/medxpert/data/raw/Normal/norm_Normal-4363.png,0,Normal,0,Normal,0.9920751,0.0005655963,0.0005829511,0.00677647
/media/storage2/Anuj/5th international anujj ones/medxpert/data/raw/Normal/norm_Normal-4364.png,0,Normal,0,Normal,0.9911494,0.00054305873,0.0017326627,0.006574978
/media/storage2/Anuj/5th international anujj ones/medxpert/data/raw/Normal/norm_Normal-439.png,0,Normal,0,Normal,0.9926842,0.0006485236,0.0007138918,0.00595341
/media/storage2/Anuj/5th international anujj ones/medxpert/data/raw/Normal/norm_Normal-4410.png,0,Normal,0,Normal,0.9928283,0.0006201813,0.00061722967,0.0059343427
/media/storage2/Anuj/5th international anujj ones/medxpert/data/raw/Normal/norm_Normal-442.png,0,Normal,0,Normal,0.9911663,0.00054210855,0.0005512266,0.00774036
/media/storage2/Anuj/5th international anujj ones/medxpert/data/raw/Normal/norm_Normal-4436.png,0,Normal,0,Normal,0.9925724,0.0005940266,0.000595385,0.006238186
/media/storage2/Anuj/5th international anujj ones/medxpert/data/raw/Normal/norm_Normal-444.png,0,Normal,0,Normal,0.9923167,0.0005849952,0.00059388886,0.0065044397
/media/storage2/Anuj/5th international anujj ones/medxpert/data/raw/Normal/norm_Normal-4447.png,0,Normal,0,Normal,0.9866903,0.00040279632,0.00073154125,0.012175466
/media/storage2/Anuj/5th international anujj ones/medxpert/data/raw/Normal/norm_Normal-4465.png,0,Normal,0,Normal,0.992792,0.00062311155,0.0006294725,0.005955329
/media/storage2/Anuj/5th international anujj ones/medxpert/data/raw/Normal/norm_Normal-4515.png,0,Normal,0,Normal,0.9923239,0.00057751883,0.0005913886,0.006507251
/media/storage2/Anuj/5th international anujj ones/medxpert/data/raw/Normal/norm_Normal-4529.png,0,Normal,3,Pneumonia,0.4878807,0.00075534626,0.003990294,0.50737363
/media/storage2/Anuj/5th international anujj ones/medxpert/data/raw/Normal/norm_Normal-4531.png,0,Normal,0,Normal,0.9922769,0.00057266693,0.0006069234,0.0065435055
/media/storage2/Anuj/5th international anujj ones/medxpert/data/raw/Normal/norm_Normal-4560.png,0,Normal,0,Normal,0.9830102,0.00043417836,0.00058007805,0.015975578
/media/storage2/Anuj/5th international anujj ones/medxpert/data/raw/Normal/norm_Normal-4593.png,0,Normal,0,Normal,0.9920642,0.00057161064,0.0005776643,0.0067865145
/media/storage2/Anuj/5th international anujj ones/medxpert/data/raw/Normal/norm_Normal-4617.png,0,Normal,3,Pneumonia,0.15434971,0.0003110548,0.0028059606,0.84253323
/media/storage2/Anuj/5th international anujj ones/medxpert/data/raw/Normal/norm_Normal-462.png,0,Normal,0,Normal,0.9933531,0.00068347924,0.00081591576,0.005147487
/media/storage2/Anuj/5th international anujj ones/medxpert/data/raw/Normal/norm_Normal-4705.png,0,Normal,0,Normal,0.988167,0.00047367753,0.0005646176,0.010794709
/media/storage2/Anuj/5th international anujj ones/medxpert/data/raw/Normal/norm_Normal-4750.png,0,Normal,0,Normal,0.99121255,0.00050859596,0.00062066567,0.0076581817
/media/storage2/Anuj/5th international anujj ones/medxpert/data/raw/Normal/norm_Normal-4755.png,0,Normal,0,Normal,0.8992413,0.0008842257,0.0022936566,0.0975808
/media/storage2/Anuj/5th international anujj ones/medxpert/data/raw/Normal/norm_Normal-4772.png,0,Normal,0,Normal,0.99160063,0.00054881966,0.00077700167,0.007073571
/media/storage2/Anuj/5th international anujj ones/medxpert/data/raw/Normal/norm_Normal-4783.png,0,Normal,0,Normal,0.9547119,0.00066525413,0.0011262721,0.043496616
/media/storage2/Anuj/5th international anujj ones/medxpert/data/raw/Normal/norm_Normal-4795.png,0,Normal,0,Normal,0.9925719,0.000671633,0.0006220205,0.0061344905
/media/storage2/Anuj/5th international anujj ones/medxpert/data/raw/Normal/norm_Normal-4831.png,0,Normal,0,Normal,0.99124956,0.0004990054,0.00063707604,0.007614368
/media/storage2/Anuj/5th international anujj ones/medxpert/data/raw/Normal/norm_Normal-4836.png,0,Normal,0,Normal,0.98944956,0.0005107206,0.0013939961,0.00864578
/media/storage2/Anuj/5th international anujj ones/medxpert/data/raw/Normal/norm_Normal-494.png,0,Normal,0,Normal,0.99292505,0.0006067762,0.0006877318,0.00578052
/media/storage2/Anuj/5th international anujj ones/medxpert/data/raw/Normal/norm_Normal-4961.png,0,Normal,0,Normal,0.9884201,0.0004634876,0.0005570199,0.010559358
/media/storage2/Anuj/5th international anujj ones/medxpert/data/raw/Normal/norm_Normal-5069.png,0,Normal,0,Normal,0.98472995,0.00038049623,0.0009952763,0.013894435
/media/storage2/Anuj/5th international anujj ones/medxpert/data/raw/Normal/norm_Normal-5090.png,0,Normal,0,Normal,0.99029845,0.0005128788,0.00061446964,0.008574304
/media/storage2/Anuj/5th international anujj ones/medxpert/data/raw/Normal/norm_Normal-510.png,0,Normal,0,Normal,0.9930823,0.00063330727,0.0006848589,0.005599531
/media/storage2/Anuj/5th international anujj ones/medxpert/data/raw/Normal/norm_Normal-5122.png,0,Normal,0,Normal,0.9920739,0.000565851,0.0005776419,0.0067825597
/media/storage2/Anuj/5th international anujj ones/medxpert/data/raw/Normal/norm_Normal-5137.png,0,Normal,0,Normal,0.9923591,0.0005812655,0.0005953118,0.006464326
/media/storage2/Anuj/5th international anujj ones/medxpert/data/raw/Normal/norm_Normal-5150.png,0,Normal,0,Normal,0.99185383,0.00055430474,0.000574022,0.007017736
/media/storage2/Anuj/5th international anujj ones/medxpert/data/raw/Normal/norm_Normal-5152.png,0,Normal,0,Normal,0.9849814,0.00041102857,0.0006210046,0.013986463
/media/storage2/Anuj/5th international anujj ones/medxpert/data/raw/Normal/norm_Normal-5153.png,0,Normal,0,Normal,0.99128765,0.0005302608,0.000572302,0.0076097925
/media/storage2/Anuj/5th international anujj ones/medxpert/data/raw/Normal/norm_Normal-5159.png,0,Normal,0,Normal,0.9927602,0.00061284873,0.00062230387,0.006004825
/media/storage2/Anuj/5th international anujj ones/medxpert/data/raw/Normal/norm_Normal-5194.png,0,Normal,0,Normal,0.9923684,0.0005735573,0.00059042184,0.00646767
/media/storage2/Anuj/5th international anujj ones/medxpert/data/raw/Normal/norm_Normal-5237.png,0,Normal,0,Normal,0.99232024,0.0005772692,0.0005835794,0.0065188943
/media/storage2/Anuj/5th international anujj ones/medxpert/data/raw/Normal/norm_Normal-5244.png,0,Normal,0,Normal,0.989808,0.00048597172,0.0005617905,0.009144153
/media/storage2/Anuj/5th international anujj ones/medxpert/data/raw/Normal/norm_Normal-5247.png,0,Normal,3,Pneumonia,0.002557713,0.0005715417,0.00063764467,0.99623305
/media/storage2/Anuj/5th international anujj ones/medxpert/data/raw/Normal/norm_Normal-5255.png,0,Normal,0,Normal,0.9924442,0.00058489246,0.0005894171,0.006381393
/media/storage2/Anuj/5th international anujj ones/medxpert/data/raw/Normal/norm_Normal-5286.png,0,Normal,2,COVID-19,0.019353814,0.0005825263,0.9729201,0.007143507
/media/storage2/Anuj/5th international anujj ones/medxpert/data/raw/Normal/norm_Normal-5380.png,0,Normal,0,Normal,0.9820441,0.00048667516,0.00063229393,0.01683697
/media/storage2/Anuj/5th international anujj ones/medxpert/data/raw/Normal/norm_Normal-5406.png,0,Normal,0,Normal,0.9893205,0.0004474721,0.0006167511,0.009615273
/media/storage2/Anuj/5th international anujj ones/medxpert/data/raw/Normal/norm_Normal-5415.png,0,Normal,0,Normal,0.99260277,0.0006014611,0.0006791377,0.0061166566
/media/storage2/Anuj/5th international anujj ones/medxpert/data/raw/Normal/norm_Normal-5461.png,0,Normal,0,Normal,0.9913833,0.0005167336,0.0005700867,0.0075298324
/media/storage2/Anuj/5th international anujj ones/medxpert/data/raw/Normal/norm_Normal-547.png,0,Normal,0,Normal,0.99255776,0.0006029886,0.00063147774,0.006207827
/media/storage2/Anuj/5th international anujj ones/medxpert/data/raw/Normal/norm_Normal-5478.png,0,Normal,0,Normal,0.9915236,0.00052647886,0.000565101,0.007384878
/media/storage2/Anuj/5th international anujj ones/medxpert/data/raw/Normal/norm_Normal-5548.png,0,Normal,0,Normal,0.990743,0.0005286122,0.0005602662,0.008168051
/media/storage2/Anuj/5th international anujj ones/medxpert/data/raw/Normal/norm_Normal-5558.png,0,Normal,2,COVID-19,0.09658679,0.0044023194,0.8800513,0.018959474
/media/storage2/Anuj/5th international anujj ones/medxpert/data/raw/Normal/norm_Normal-5567.png,0,Normal,0,Normal,0.9926716,0.00060531,0.0006816441,0.0060415347
/media/storage2/Anuj/5th international anujj ones/medxpert/data/raw/Normal/norm_Normal-5573.png,0,Normal,0,Normal,0.99228823,0.0005730845,0.00058486516,0.0065538157
/media/storage2/Anuj/5th international anujj ones/medxpert/data/raw/Normal/norm_Normal-5583.png,0,Normal,0,Normal,0.99239165,0.00057751226,0.0005908074,0.0064400313
/media/storage2/Anuj/5th international anujj ones/medxpert/data/raw/Normal/norm_Normal-5587.png,0,Normal,0,Normal,0.992101,0.0005683961,0.00065735466,0.0066732746
/media/storage2/Anuj/5th international anujj ones/medxpert/data/raw/Normal/norm_Normal-5588.png,0,Normal,0,Normal,0.9923815,0.000586847,0.0005975186,0.006434052
/media/storage2/Anuj/5th international anujj ones/medxpert/data/raw/Normal/norm_Normal-5602.png,0,Normal,0,Normal,0.99167436,0.00052317523,0.0005711153,0.0072312774
/media/storage2/Anuj/5th international anujj ones/medxpert/data/raw/Normal/norm_Normal-5614.png,0,Normal,0,Normal,0.9921767,0.00069006335,0.0006119535,0.0065213437
/media/storage2/Anuj/5th international anujj ones/medxpert/data/raw/Normal/norm_Normal-5627.png,0,Normal,0,Normal,0.9927609,0.00061079185,0.00061315316,0.0060152113
/media/storage2/Anuj/5th international anujj ones/medxpert/data/raw/Normal/norm_Normal-5684.png,0,Normal,0,Normal,0.99217707,0.0005629561,0.000583884,0.006676021
/media/storage2/Anuj/5th international anujj ones/medxpert/data/raw/Normal/norm_Normal-5687.png,0,Normal,0,Normal,0.9916768,0.0005327527,0.0005887648,0.0072016097
/media/storage2/Anuj/5th international anujj ones/medxpert/data/raw/Normal/norm_Normal-570.png,0,Normal,0,Normal,0.9926789,0.000602408,0.0006566962,0.006062007
/media/storage2/Anuj/5th international anujj ones/medxpert/data/raw/Normal/norm_Normal-571.png,0,Normal,0,Normal,0.9929222,0.00062275183,0.0006584666,0.005796653
/media/storage2/Anuj/5th international anujj ones/medxpert/data/raw/Normal/norm_Normal-5713.png,0,Normal,0,Normal,0.9917745,0.0005607986,0.0005721179,0.007092696
/media/storage2/Anuj/5th international anujj ones/medxpert/data/raw/Normal/norm_Normal-5750.png,0,Normal,0,Normal,0.9910288,0.00052234455,0.0005544316,0.007894512
/media/storage2/Anuj/5th international anujj ones/medxpert/data/raw/Normal/norm_Normal-5752.png,0,Normal,0,Normal,0.9916366,0.00057096314,0.00057325955,0.007219196
/media/storage2/Anuj/5th international anujj ones/medxpert/data/raw/Normal/norm_Normal-5755.png,0,Normal,0,Normal,0.9923894,0.0005899756,0.0006021543,0.006418491
/media/storage2/Anuj/5th international anujj ones/medxpert/data/raw/Normal/norm_Normal-5858.png,0,Normal,0,Normal,0.94006395,0.00058764726,0.0023459343,0.057002414
/media/storage2/Anuj/5th international anujj ones/medxpert/data/raw/Normal/norm_Normal-5889.png,0,Normal,0,Normal,0.9922259,0.00056497025,0.0005806125,0.006628495
/media/storage2/Anuj/5th international anujj ones/medxpert/data/raw/Normal/norm_Normal-591.png,0,Normal,0,Normal,0.9931873,0.00063677225,0.0007271612,0.0054488042
/media/storage2/Anuj/5th international anujj ones/medxpert/data/raw/Normal/norm_Normal-5980.png,0,Normal,0,Normal,0.99101466,0.0004864486,0.00060611026,0.007892661
/media/storage2/Anuj/5th international anujj ones/medxpert/data/raw/Normal/norm_Normal-5983.png,0,Normal,0,Normal,0.9923753,0.0005894459,0.0005900752,0.0064451364
/media/storage2/Anuj/5th international anujj ones/medxpert/data/raw/Normal/norm_Normal-6002.png,0,Normal,0,Normal,0.9922861,0.0005764624,0.0006522174,0.006485175
/media/storage2/Anuj/5th international anujj ones/medxpert/data/raw/Normal/norm_Normal-602.png,0,Normal,0,Normal,0.99217755,0.00055935496,0.0006083396,0.006654866
/media/storage2/Anuj/5th international anujj ones/medxpert/data/raw/Normal/norm_Normal-604.png,0,Normal,0,Normal,0.9927596,0.0006090362,0.0006271014,0.0060043344
/media/storage2/Anuj/5th international anujj ones/medxpert/data/raw/Normal/norm_Normal-6044.png,0,Normal,0,Normal,0.9920636,0.00059485045,0.00058024435,0.0067613414
/media/storage2/Anuj/5th international anujj ones/medxpert/data/raw/Normal/norm_Normal-6052.png,0,Normal,0,Normal,0.99128,0.0005210116,0.0005623202,0.007636629
/media/storage2/Anuj/5th international anujj ones/medxpert/data/raw/Normal/norm_Normal-6089.png,0,Normal,0,Normal,0.9913532,0.00052966183,0.0005569787,0.007560057
/media/storage2/Anuj/5th international anujj ones/medxpert/data/raw/Normal/norm_Normal-6096.png,0,Normal,0,Normal,0.9926571,0.00060008175,0.0005984524,0.006144351
/media/storage2/Anuj/5th international anujj ones/medxpert/data/raw/Normal/norm_Normal-6183.png,0,Normal,0,Normal,0.9923717,0.00059924246,0.00059850916,0.006430669
/media/storage2/Anuj/5th international anujj ones/medxpert/data/raw/Normal/norm_Normal-620.png,0,Normal,0,Normal,0.9923598,0.0006110705,0.0005870525,0.0064422153
/media/storage2/Anuj/5th international anujj ones/medxpert/data/raw/Normal/norm_Normal-6219.png,0,Normal,0,Normal,0.9918588,0.0005415367,0.00058702915,0.0070125754
/media/storage2/Anuj/5th international anujj ones/medxpert/data/raw/Normal/norm_Normal-6243.png,0,Normal,0,Normal,0.9835872,0.0004383281,0.0006043441,0.015370206
/media/storage2/Anuj/5th international anujj ones/medxpert/data/raw/Normal/norm_Normal-6269.png,0,Normal,0,Normal,0.9821811,0.00043679072,0.0006292751,0.01675272
/media/storage2/Anuj/5th international anujj ones/medxpert/data/raw/Normal/norm_Normal-6276.png,0,Normal,0,Normal,0.9909079,0.0005055618,0.000565462,0.008021082
/media/storage2/Anuj/5th international anujj ones/medxpert/data/raw/Normal/norm_Normal-6308.png,0,Normal,0,Normal,0.9912292,0.0005200246,0.0005622507,0.0076885074
/media/storage2/Anuj/5th international anujj ones/medxpert/data/raw/Normal/norm_Normal-6313.png,0,Normal,0,Normal,0.9650775,0.0005167823,0.0010156404,0.033390116
/media/storage2/Anuj/5th international anujj ones/medxpert/data/raw/Normal/norm_Normal-6335.png,0,Normal,0,Normal,0.99090683,0.00051452423,0.00056218245,0.008016511
/media/storage2/Anuj/5th international anujj ones/medxpert/data/raw/Normal/norm_Normal-635.png,0,Normal,0,Normal,0.9927643,0.0006021235,0.00061967457,0.0060139303
/media/storage2/Anuj/5th international anujj ones/medxpert/data/raw/Normal/norm_Normal-6355.png,0,Normal,0,Normal,0.991999,0.00055646675,0.0005779271,0.0068666195
/media/storage2/Anuj/5th international anujj ones/medxpert/data/raw/Normal/norm_Normal-6455.png,0,Normal,0,Normal,0.9924589,0.00058909314,0.00059676525,0.006355269
/media/storage2/Anuj/5th international anujj ones/medxpert/data/raw/Normal/norm_Normal-6465.png,0,Normal,0,Normal,0.9925328,0.0005827644,0.0005922912,0.0062921788
/media/storage2/Anuj/5th international anujj ones/medxpert/data/raw/Normal/norm_Normal-6476.png,0,Normal,0,Normal,0.9924461,0.0005803748,0.00059644575,0.006377107
/media/storage2/Anuj/5th international anujj ones/medxpert/data/raw/Normal/norm_Normal-6525.png,0,Normal,0,Normal,0.9885439,0.00042472302,0.00063358794,0.010397687
/media/storage2/Anuj/5th international anujj ones/medxpert/data/raw/Normal/norm_Normal-6538.png,0,Normal,0,Normal,0.9921256,0.0005658038,0.00057664316,0.0067319917
/media/storage2/Anuj/5th international anujj ones/medxpert/data/raw/Normal/norm_Normal-6545.png,0,Normal,0,Normal,0.99201643,0.00056246057,0.00058300083,0.006838091
/media/storage2/Anuj/5th international anujj ones/medxpert/data/raw/Normal/norm_Normal-6576.png,0,Normal,0,Normal,0.9924114,0.00059896935,0.0006111233,0.006378468
/media/storage2/Anuj/5th international anujj ones/medxpert/data/raw/Normal/norm_Normal-6622.png,0,Normal,0,Normal,0.9915658,0.0005397362,0.0005638411,0.007330662
/media/storage2/Anuj/5th international anujj ones/medxpert/data/raw/Normal/norm_Normal-6669.png,0,Normal,3,Pneumonia,0.06072184,0.0078061977,0.0038634199,0.92760855
/media/storage2/Anuj/5th international anujj ones/medxpert/data/raw/Normal/norm_Normal-6689.png,0,Normal,0,Normal,0.9892238,0.0004756572,0.0005671429,0.0097333295
/media/storage2/Anuj/5th international anujj ones/medxpert/data/raw/Normal/norm_Normal-670.png,0,Normal,0,Normal,0.97347045,0.00048742545,0.0007791618,0.025262987
/media/storage2/Anuj/5th international anujj ones/medxpert/data/raw/Normal/norm_Normal-6706.png,0,Normal,0,Normal,0.9919499,0.0005587245,0.000573412,0.0069179726
/media/storage2/Anuj/5th international anujj ones/medxpert/data/raw/Normal/norm_Normal-6723.png,0,Normal,0,Normal,0.98563844,0.00044734453,0.00058039726,0.013333836
/media/storage2/Anuj/5th international anujj ones/medxpert/data/raw/Normal/norm_Normal-680.png,0,Normal,0,Normal,0.9928203,0.000589573,0.00067733775,0.0059127826
/media/storage2/Anuj/5th international anujj ones/medxpert/data/raw/Normal/norm_Normal-681.png,0,Normal,0,Normal,0.9931763,0.0006322384,0.00073771924,0.00545373
/media/storage2/Anuj/5th international anujj ones/medxpert/data/raw/Normal/norm_Normal-686.png,0,Normal,0,Normal,0.99081236,0.00054044154,0.00055411895,0.008093044
/media/storage2/Anuj/5th international anujj ones/medxpert/data/raw/Normal/norm_Normal-688.png,0,Normal,0,Normal,0.98447603,0.00046851794,0.0005835461,0.014471998
/media/storage2/Anuj/5th international anujj ones/medxpert/data/raw/Normal/norm_Normal-6910.png,0,Normal,0,Normal,0.99052024,0.00050198915,0.0005567716,0.008421008
/media/storage2/Anuj/5th international anujj ones/medxpert/data/raw/Normal/norm_Normal-6948.png,0,Normal,0,Normal,0.99218905,0.00058731844,0.0005864238,0.0066372086
/media/storage2/Anuj/5th international anujj ones/medxpert/data/raw/Normal/norm_Normal-697.png,0,Normal,0,Normal,0.992316,0.0005800729,0.00059356116,0.0065102368
/media/storage2/Anuj/5th international anujj ones/medxpert/data/raw/Normal/norm_Normal-6993.png,0,Normal,0,Normal,0.98983824,0.00047389368,0.00055912975,0.009128744
/media/storage2/Anuj/5th international anujj ones/medxpert/data/raw/Normal/norm_Normal-6998.png,0,Normal,0,Normal,0.99243766,0.0005909678,0.00059120846,0.0063802274
/media/storage2/Anuj/5th international anujj ones/medxpert/data/raw/Normal/norm_Normal-7018.png,0,Normal,3,Pneumonia,0.0031938555,0.00044169664,0.0005292637,0.9958352
/media/storage2/Anuj/5th international anujj ones/medxpert/data/raw/Normal/norm_Normal-7033.png,0,Normal,0,Normal,0.99209213,0.00055978145,0.0005898669,0.006758235
/media/storage2/Anuj/5th international anujj ones/medxpert/data/raw/Normal/norm_Normal-7060.png,0,Normal,0,Normal,0.9921665,0.00056493137,0.0006033864,0.006665148
/media/storage2/Anuj/5th international anujj ones/medxpert/data/raw/Normal/norm_Normal-7084.png,0,Normal,0,Normal,0.9912561,0.00050700834,0.00056806393,0.0076687983
/media/storage2/Anuj/5th international anujj ones/medxpert/data/raw/Normal/norm_Normal-7089.png,0,Normal,0,Normal,0.9899905,0.0005041784,0.0005608193,0.008944509
/media/storage2/Anuj/5th international anujj ones/medxpert/data/raw/Normal/norm_Normal-7096.png,0,Normal,0,Normal,0.98842174,0.00043214622,0.0020441096,0.009101887
/media/storage2/Anuj/5th international anujj ones/medxpert/data/raw/Normal/norm_Normal-71.png,0,Normal,0,Normal,0.99202067,0.00055454497,0.0005749427,0.0068499087
/media/storage2/Anuj/5th international anujj ones/medxpert/data/raw/Normal/norm_Normal-7121.png,0,Normal,0,Normal,0.9907408,0.0004870517,0.0006191521,0.008153065
/media/storage2/Anuj/5th international anujj ones/medxpert/data/raw/Normal/norm_Normal-7127.png,0,Normal,0,Normal,0.99123806,0.00053388055,0.00056262873,0.00766546
/media/storage2/Anuj/5th international anujj ones/medxpert/data/raw/Normal/norm_Normal-7130.png,0,Normal,0,Normal,0.992029,0.00056571775,0.00059709867,0.0068081995
/media/storage2/Anuj/5th international anujj ones/medxpert/data/raw/Normal/norm_Normal-7133.png,0,Normal,0,Normal,0.99104285,0.0005305434,0.00056685496,0.007859755
/media/storage2/Anuj/5th international anujj ones/medxpert/data/raw/Normal/norm_Normal-7141.png,0,Normal,0,Normal,0.990889,0.00050220237,0.00078274345,0.0078259045
/media/storage2/Anuj/5th international anujj ones/medxpert/data/raw/Normal/norm_Normal-7142.png,0,Normal,0,Normal,0.99148023,0.0005245845,0.00056789746,0.007427302
/media/storage2/Anuj/5th international anujj ones/medxpert/data/raw/Normal/norm_Normal-716.png,0,Normal,0,Normal,0.99031186,0.000503447,0.00055724144,0.008627449
/media/storage2/Anuj/5th international anujj ones/medxpert/data/raw/Normal/norm_Normal-717.png,0,Normal,0,Normal,0.99088097,0.000508009,0.0005582831,0.008052697
/media/storage2/Anuj/5th international anujj ones/medxpert/data/raw/Normal/norm_Normal-7195.png,0,Normal,3,Pneumonia,0.012097836,0.00021600812,0.00046552127,0.9872206
/media/storage2/Anuj/5th international anujj ones/medxpert/data/raw/Normal/norm_Normal-7211.png,0,Normal,0,Normal,0.99094886,0.0004626414,0.00067370274,0.007914816
/media/storage2/Anuj/5th international anujj ones/medxpert/data/raw/Normal/norm_Normal-7226.png,0,Normal,0,Normal,0.99238974,0.0005690985,0.0005921827,0.006448842
/media/storage2/Anuj/5th international anujj ones/medxpert/data/raw/Normal/norm_Normal-7229.png,0,Normal,0,Normal,0.991617,0.00054336566,0.0005801901,0.0072594127
/media/storage2/Anuj/5th international anujj ones/medxpert/data/raw/Normal/norm_Normal-7232.png,0,Normal,0,Normal,0.9912209,0.00055176555,0.0005725222,0.007654869
/media/storage2/Anuj/5th international anujj ones/medxpert/data/raw/Normal/norm_Normal-740.png,0,Normal,0,Normal,0.9932939,0.000636445,0.00084127596,0.005228401
/media/storage2/Anuj/5th international anujj ones/medxpert/data/raw/Normal/norm_Normal-7419.png,0,Normal,0,Normal,0.9894722,0.0005033399,0.0005529548,0.009471483
/media/storage2/Anuj/5th international anujj ones/medxpert/data/raw/Normal/norm_Normal-7439.png,0,Normal,0,Normal,0.9907023,0.0005191296,0.00054977793,0.0082287565
/media/storage2/Anuj/5th international anujj ones/medxpert/data/raw/Normal/norm_Normal-7482.png,0,Normal,0,Normal,0.99067515,0.00047286222,0.00067593256,0.008175974
/media/storage2/Anuj/5th international anujj ones/medxpert/data/raw/Normal/norm_Normal-7507.png,0,Normal,0,Normal,0.9925625,0.0005853385,0.0006109887,0.0062412233
/media/storage2/Anuj/5th international anujj ones/medxpert/data/raw/Normal/norm_Normal-754.png,0,Normal,0,Normal,0.99153745,0.00051911763,0.0006869243,0.007256463
/media/storage2/Anuj/5th international anujj ones/medxpert/data/raw/Normal/norm_Normal-7562.png,0,Normal,0,Normal,0.9927624,0.0006236259,0.000629111,0.005984885
/media/storage2/Anuj/5th international anujj ones/medxpert/data/raw/Normal/norm_Normal-7566.png,0,Normal,0,Normal,0.9922631,0.00056297553,0.00059519574,0.0065787793
/media/storage2/Anuj/5th international anujj ones/medxpert/data/raw/Normal/norm_Normal-7619.png,0,Normal,0,Normal,0.9897232,0.0004999262,0.0005473062,0.009229564
/media/storage2/Anuj/5th international anujj ones/medxpert/data/raw/Normal/norm_Normal-7625.png,0,Normal,0,Normal,0.99225134,0.0005875596,0.00058586505,0.0065752333
/media/storage2/Anuj/5th international anujj ones/medxpert/data/raw/Normal/norm_Normal-764.png,0,Normal,0,Normal,0.9917058,0.0005301047,0.0006043418,0.007159789
/media/storage2/Anuj/5th international anujj ones/medxpert/data/raw/Normal/norm_Normal-7716.png,0,Normal,0,Normal,0.9915292,0.0005541926,0.0006378043,0.0072787004
/media/storage2/Anuj/5th international anujj ones/medxpert/data/raw/Normal/norm_Normal-7731.png,0,Normal,0,Normal,0.99264705,0.00059761654,0.0006070196,0.0061483094
/media/storage2/Anuj/5th international anujj ones/medxpert/data/raw/Normal/norm_Normal-7740.png,0,Normal,0,Normal,0.9918711,0.00056836277,0.000576998,0.0069835517
/media/storage2/Anuj/5th international anujj ones/medxpert/data/raw/Normal/norm_Normal-7791.png,0,Normal,0,Normal,0.99263036,0.000621758,0.0006131702,0.0061347377
/media/storage2/Anuj/5th international anujj ones/medxpert/data/raw/Normal/norm_Normal-7807.png,0,Normal,0,Normal,0.9844765,0.00043517887,0.0005928145,0.014495605
/media/storage2/Anuj/5th international anujj ones/medxpert/data/raw/Normal/norm_Normal-7811.png,0,Normal,0,Normal,0.9797218,0.00045783364,0.00062954624,0.01919094
/media/storage2/Anuj/5th international anujj ones/medxpert/data/raw/Normal/norm_Normal-7842.png,0,Normal,0,Normal,0.99040633,0.0004841169,0.00056379446,0.008545844
/media/storage2/Anuj/5th international anujj ones/medxpert/data/raw/Normal/norm_Normal-7882.png,0,Normal,0,Normal,0.9908024,0.00057192607,0.00057083933,0.008054794
/media/storage2/Anuj/5th international anujj ones/medxpert/data/raw/Normal/norm_Normal-7930.png,0,Normal,3,Pneumonia,0.023875903,0.0002081437,0.00051302003,0.97540295
/media/storage2/Anuj/5th international anujj ones/medxpert/data/raw/Normal/norm_Normal-7977.png,0,Normal,3,Pneumonia,0.00546969,0.00021768486,0.00058663246,0.9937261
/media/storage2/Anuj/5th international anujj ones/medxpert/data/raw/Normal/norm_Normal-798.png,0,Normal,0,Normal,0.97121596,0.0005224924,0.00080367527,0.027457813
/media/storage2/Anuj/5th international anujj ones/medxpert/data/raw/Normal/norm_Normal-7997.png,0,Normal,0,Normal,0.9925632,0.00059503433,0.00063085643,0.0062108715
/media/storage2/Anuj/5th international anujj ones/medxpert/data/raw/Normal/norm_Normal-8011.png,0,Normal,0,Normal,0.99158806,0.0005067301,0.0006418974,0.0072633424
/media/storage2/Anuj/5th international anujj ones/medxpert/data/raw/Normal/norm_Normal-8017.png,0,Normal,0,Normal,0.99228644,0.0005639717,0.00058994704,0.0065596635
/media/storage2/Anuj/5th international anujj ones/medxpert/data/raw/Normal/norm_Normal-8039.png,0,Normal,0,Normal,0.9844936,0.0004629238,0.00058531476,0.0144582195
/media/storage2/Anuj/5th international anujj ones/medxpert/data/raw/Normal/norm_Normal-8058.png,0,Normal,0,Normal,0.9926623,0.00060128444,0.00060696056,0.006129453
/media/storage2/Anuj/5th international anujj ones/medxpert/data/raw/Normal/norm_Normal-8141.png,0,Normal,0,Normal,0.9887356,0.0004792422,0.00054596155,0.010239227
/media/storage2/Anuj/5th international anujj ones/medxpert/data/raw/Normal/norm_Normal-8217.png,0,Normal,0,Normal,0.99127674,0.00052284525,0.00058947597,0.007610979
/media/storage2/Anuj/5th international anujj ones/medxpert/data/raw/Normal/norm_Normal-8229.png,0,Normal,3,Pneumonia,0.387123,0.00068824866,0.0029436592,0.6092451
/media/storage2/Anuj/5th international anujj ones/medxpert/data/raw/Normal/norm_Normal-8235.png,0,Normal,0,Normal,0.9905826,0.0006226858,0.0006362765,0.008158504
/media/storage2/Anuj/5th international anujj ones/medxpert/data/raw/Normal/norm_Normal-8242.png,0,Normal,0,Normal,0.98552334,0.00043486597,0.0005867442,0.013455086
/media/storage2/Anuj/5th international anujj ones/medxpert/data/raw/Normal/norm_Normal-8286.png,0,Normal,0,Normal,0.9924779,0.0005883847,0.0006263208,0.006307388
/media/storage2/Anuj/5th international anujj ones/medxpert/data/raw/Normal/norm_Normal-83.png,0,Normal,0,Normal,0.9926031,0.0005931488,0.0006128868,0.006190817
/media/storage2/Anuj/5th international anujj ones/medxpert/data/raw/Normal/norm_Normal-8321.png,0,Normal,0,Normal,0.99192894,0.00055596785,0.00057171454,0.0069433353
/media/storage2/Anuj/5th international anujj ones/medxpert/data/raw/Normal/norm_Normal-8340.png,0,Normal,0,Normal,0.9911795,0.00052304135,0.0005616876,0.0077357036
/media/storage2/Anuj/5th international anujj ones/medxpert/data/raw/Normal/norm_Normal-8355.png,0,Normal,0,Normal,0.99206525,0.00055916794,0.0005979547,0.006777721
/media/storage2/Anuj/5th international anujj ones/medxpert/data/raw/Normal/norm_Normal-8360.png,0,Normal,0,Normal,0.9895858,0.00049395335,0.0005467036,0.009373607
/media/storage2/Anuj/5th international anujj ones/medxpert/data/raw/Normal/norm_Normal-8378.png,0,Normal,0,Normal,0.99174374,0.0005536951,0.000629978,0.0070726187
/media/storage2/Anuj/5th international anujj ones/medxpert/data/raw/Normal/norm_Normal-84.png,0,Normal,0,Normal,0.9893139,0.0004663717,0.00054778886,0.00967199
/media/storage2/Anuj/5th international anujj ones/medxpert/data/raw/Normal/norm_Normal-8402.png,0,Normal,0,Normal,0.9847853,0.0004563965,0.000570295,0.0141879
/media/storage2/Anuj/5th international anujj ones/medxpert/data/raw/Normal/norm_Normal-8465.png,0,Normal,0,Normal,0.9631133,0.0005214981,0.0011782616,0.035186913
/media/storage2/Anuj/5th international anujj ones/medxpert/data/raw/Normal/norm_Normal-8471.png,0,Normal,0,Normal,0.9918719,0.000552765,0.00056967477,0.0070055695
/media/storage2/Anuj/5th international anujj ones/medxpert/data/raw/Normal/norm_Normal-8477.png,0,Normal,0,Normal,0.9915991,0.0005454523,0.00057216635,0.0072833444
/media/storage2/Anuj/5th international anujj ones/medxpert/data/raw/Normal/norm_Normal-849.png,0,Normal,0,Normal,0.98939776,0.00049512816,0.00054537354,0.009561732
/media/storage2/Anuj/5th international anujj ones/medxpert/data/raw/Normal/norm_Normal-8552.png,0,Normal,0,Normal,0.9911567,0.0005372556,0.0005533932,0.0077526136
/media/storage2/Anuj/5th international anujj ones/medxpert/data/raw/Normal/norm_Normal-8569.png,0,Normal,0,Normal,0.9914159,0.00053574657,0.0005651571,0.0074831573
/media/storage2/Anuj/5th international anujj ones/medxpert/data/raw/Normal/norm_Normal-8572.png,0,Normal,0,Normal,0.9926407,0.00061797316,0.0006152155,0.0061261286
/media/storage2/Anuj/5th international anujj ones/medxpert/data/raw/Normal/norm_Normal-8619.png,0,Normal,0,Normal,0.9922489,0.0005814227,0.00058828504,0.006581515
/media/storage2/Anuj/5th international anujj ones/medxpert/data/raw/Normal/norm_Normal-866.png,0,Normal,3,Pneumonia,0.117867246,0.0002734707,0.0014343949,0.88042486
/media/storage2/Anuj/5th international anujj ones/medxpert/data/raw/Normal/norm_Normal-8689.png,0,Normal,0,Normal,0.9915537,0.0005212839,0.00058339094,0.0073415325
/media/storage2/Anuj/5th international anujj ones/medxpert/data/raw/Normal/norm_Normal-8724.png,0,Normal,0,Normal,0.99287647,0.00062656635,0.00062254176,0.005874304
/media/storage2/Anuj/5th international anujj ones/medxpert/data/raw/Normal/norm_Normal-8733.png,0,Normal,0,Normal,0.9912373,0.0005145414,0.00059414987,0.0076541197
/media/storage2/Anuj/5th international anujj ones/medxpert/data/raw/Normal/norm_Normal-8779.png,0,Normal,0,Normal,0.9910102,0.00049920427,0.0005690024,0.007921649
/media/storage2/Anuj/5th international anujj ones/medxpert/data/raw/Normal/norm_Normal-8868.png,0,Normal,0,Normal,0.98793787,0.0004158005,0.00081356004,0.010832731
/media/storage2/Anuj/5th international anujj ones/medxpert/data/raw/Normal/norm_Normal-8883.png,0,Normal,0,Normal,0.986765,0.0004301951,0.00057414046,0.012230594
/media/storage2/Anuj/5th international anujj ones/medxpert/data/raw/Normal/norm_Normal-8885.png,0,Normal,0,Normal,0.9923314,0.000587484,0.0005858036,0.0064953114
/media/storage2/Anuj/5th international anujj ones/medxpert/data/raw/Normal/norm_Normal-8903.png,0,Normal,0,Normal,0.9903289,0.00049181166,0.00055303465,0.008626319
/media/storage2/Anuj/5th international anujj ones/medxpert/data/raw/Normal/norm_Normal-8935.png,0,Normal,3,Pneumonia,0.005701805,0.00018925498,0.0012747227,0.9928342
/media/storage2/Anuj/5th international anujj ones/medxpert/data/raw/Normal/norm_Normal-896.png,0,Normal,0,Normal,0.99245065,0.0005818461,0.0006096142,0.006357783
/media/storage2/Anuj/5th international anujj ones/medxpert/data/raw/Normal/norm_Normal-9114.png,0,Normal,0,Normal,0.9914771,0.0005339706,0.00056776777,0.0074211755
/media/storage2/Anuj/5th international anujj ones/medxpert/data/raw/Normal/norm_Normal-9122.png,0,Normal,0,Normal,0.9918269,0.00054130965,0.00057057216,0.007061262
/media/storage2/Anuj/5th international anujj ones/medxpert/data/raw/Normal/norm_Normal-9128.png,0,Normal,0,Normal,0.9920494,0.0005365137,0.0006106178,0.0068034106
/media/storage2/Anuj/5th international anujj ones/medxpert/data/raw/Normal/norm_Normal-913.png,0,Normal,0,Normal,0.9926093,0.00058980845,0.0005946966,0.006206072
/media/storage2/Anuj/5th international anujj ones/medxpert/data/raw/Normal/norm_Normal-9140.png,0,Normal,0,Normal,0.987122,0.00042933633,0.0006022812,0.011846377
/media/storage2/Anuj/5th international anujj ones/medxpert/data/raw/Normal/norm_Normal-9179.png,0,Normal,0,Normal,0.99032557,0.00050821307,0.0005559205,0.008610294
/media/storage2/Anuj/5th international anujj ones/medxpert/data/raw/Normal/norm_Normal-9210.png,0,Normal,0,Normal,0.96334934,0.0005881352,0.000983617,0.035079
/media/storage2/Anuj/5th international anujj ones/medxpert/data/raw/Normal/norm_Normal-922.png,0,Normal,0,Normal,0.99154824,0.0005283792,0.0005774239,0.0073460056
/media/storage2/Anuj/5th international anujj ones/medxpert/data/raw/Normal/norm_Normal-9223.png,0,Normal,0,Normal,0.99240017,0.0005898104,0.0005918761,0.0064180917
/media/storage2/Anuj/5th international anujj ones/medxpert/data/raw/Normal/norm_Normal-9228.png,0,Normal,0,Normal,0.99240804,0.00058223575,0.00059277675,0.0064167837
/media/storage2/Anuj/5th international anujj ones/medxpert/data/raw/Normal/norm_Normal-9233.png,0,Normal,0,Normal,0.9900337,0.000472981,0.00056061463,0.0089327
/media/storage2/Anuj/5th international anujj ones/medxpert/data/raw/Normal/norm_Normal-924.png,0,Normal,0,Normal,0.9919608,0.0006005153,0.0005619786,0.006876798
/media/storage2/Anuj/5th international anujj ones/medxpert/data/raw/Normal/norm_Normal-926.png,0,Normal,0,Normal,0.9818401,0.00042369377,0.0006428967,0.01709332
/media/storage2/Anuj/5th international anujj ones/medxpert/data/raw/Normal/norm_Normal-929.png,0,Normal,0,Normal,0.99262816,0.0006005938,0.0006066069,0.0061646695
/media/storage2/Anuj/5th international anujj ones/medxpert/data/raw/Normal/norm_Normal-9299.png,0,Normal,0,Normal,0.9919205,0.00055076554,0.00060253014,0.0069260937
/media/storage2/Anuj/5th international anujj ones/medxpert/data/raw/Normal/norm_Normal-9350.png,0,Normal,0,Normal,0.9884343,0.00060271425,0.00059007865,0.010372869
/media/storage2/Anuj/5th international anujj ones/medxpert/data/raw/Normal/norm_Normal-9361.png,0,Normal,0,Normal,0.992046,0.0006346487,0.00059782056,0.006721525
/media/storage2/Anuj/5th international anujj ones/medxpert/data/raw/Normal/norm_Normal-9370.png,0,Normal,0,Normal,0.9919035,0.00054372684,0.0005792006,0.006973639
/media/storage2/Anuj/5th international anujj ones/medxpert/data/raw/Normal/norm_Normal-9384.png,0,Normal,0,Normal,0.9908048,0.00051764114,0.000586146,0.008091295
/media/storage2/Anuj/5th international anujj ones/medxpert/data/raw/Normal/norm_Normal-9409.png,0,Normal,3,Pneumonia,0.33140892,0.0006120464,0.0027536007,0.6652254
/media/storage2/Anuj/5th international anujj ones/medxpert/data/raw/Normal/norm_Normal-9422.png,0,Normal,0,Normal,0.99032646,0.00046456026,0.00065422093,0.0085546775
/media/storage2/Anuj/5th international anujj ones/medxpert/data/raw/Normal/norm_Normal-9493.png,0,Normal,0,Normal,0.9604818,0.00061770296,0.0010198843,0.037880614
/media/storage2/Anuj/5th international anujj ones/medxpert/data/raw/Normal/norm_Normal-9522.png,0,Normal,0,Normal,0.9874429,0.0004067532,0.0012753076,0.010875083
/media/storage2/Anuj/5th international anujj ones/medxpert/data/raw/Normal/norm_Normal-9655.png,0,Normal,0,Normal,0.98959243,0.00049131986,0.0005540545,0.009362131
/media/storage2/Anuj/5th international anujj ones/medxpert/data/raw/Normal/norm_Normal-9656.png,0,Normal,0,Normal,0.99159604,0.00053897384,0.00057685643,0.007288127
/media/storage2/Anuj/5th international anujj ones/medxpert/data/raw/Normal/norm_Normal-9664.png,0,Normal,0,Normal,0.9901245,0.00048141115,0.00057363056,0.00882044
/media/storage2/Anuj/5th international anujj ones/medxpert/data/raw/Normal/norm_Normal-974.png,0,Normal,0,Normal,0.98683214,0.00045443134,0.00054083945,0.012172688
/media/storage2/Anuj/5th international anujj ones/medxpert/data/raw/Normal/norm_Normal-9798.png,0,Normal,0,Normal,0.9848103,0.00044317238,0.00059569086,0.014150924
/media/storage2/Anuj/5th international anujj ones/medxpert/data/raw/Normal/norm_Normal-9806.png,0,Normal,0,Normal,0.987224,0.00044459704,0.0005804357,0.011751026
/media/storage2/Anuj/5th international anujj ones/medxpert/data/raw/Normal/norm_Normal-983.png,0,Normal,0,Normal,0.9919469,0.0005756466,0.00058753055,0.0068899128
/media/storage2/Anuj/5th international anujj ones/medxpert/data/raw/Normal/norm_Normal-9860.png,0,Normal,0,Normal,0.9925212,0.00062892947,0.00061367784,0.0062359995
/media/storage2/Anuj/5th international anujj ones/medxpert/data/raw/Normal/norm_Normal-9865.png,0,Normal,0,Normal,0.99266255,0.00059872004,0.00060267735,0.006136014
/media/storage2/Anuj/5th international anujj ones/medxpert/data/raw/Normal/norm_Normal-9880.png,0,Normal,3,Pneumonia,0.21001509,0.00046989822,0.0016171234,0.7878979
/media/storage2/Anuj/5th international anujj ones/medxpert/data/raw/Normal/norm_Normal-9887.png,0,Normal,0,Normal,0.9916216,0.0005479349,0.0005714497,0.0072591
/media/storage2/Anuj/5th international anujj ones/medxpert/data/raw/Normal/norm_Normal-990.png,0,Normal,0,Normal,0.99292564,0.00059343263,0.0006827252,0.0057981852
/media/storage2/Anuj/5th international anujj ones/medxpert/data/raw/Normal/norm_Normal-9922.png,0,Normal,0,Normal,0.99200684,0.0005517583,0.0005824601,0.0068590455
/media/storage2/Anuj/5th international anujj ones/medxpert/data/raw/Normal/norm_Normal-9928.png,0,Normal,0,Normal,0.99237096,0.00057127094,0.0006004789,0.0064572226
/media/storage2/Anuj/5th international anujj ones/medxpert/data/raw/Normal/norm_Normal-9929.png,0,Normal,0,Normal,0.96335167,0.0008426452,0.0011587355,0.034646872
/media/storage2/Anuj/5th international anujj ones/medxpert/data/raw/Normal/norm_Normal-9958.png,0,Normal,0,Normal,0.99154425,0.0005389058,0.00058154203,0.0073353
/media/storage2/Anuj/5th international anujj ones/medxpert/data/raw/Normal/norm_Normal-996.png,0,Normal,0,Normal,0.9916648,0.00054988946,0.0005695762,0.007215694
/media/storage2/Anuj/5th international anujj ones/medxpert/data/raw/Tuberculosis/tb_aug1003_Tuberculosis-19.png,1,Tuberculosis,1,Tuberculosis,0.00025782202,0.99926764,0.00033921318,0.00013536589
/media/storage2/Anuj/5th international anujj ones/medxpert/data/raw/Tuberculosis/tb_aug1010_Tuberculosis-371.png,1,Tuberculosis,1,Tuberculosis,0.0002063504,0.99931395,0.00035076536,0.00012896465
/media/storage2/Anuj/5th international anujj ones/medxpert/data/raw/Tuberculosis/tb_aug1022_Tuberculosis-597.png,1,Tuberculosis,1,Tuberculosis,0.00027814167,0.9992544,0.0003239928,0.00014340135
/media/storage2/Anuj/5th international anujj ones/medxpert/data/raw/Tuberculosis/tb_aug1024_Tuberculosis-184.png,1,Tuberculosis,1,Tuberculosis,0.0002040854,0.9993166,0.00035013663,0.00012931203
/media/storage2/Anuj/5th international anujj ones/medxpert/data/raw/Tuberculosis/tb_aug1036_Tuberculosis-551.png,1,Tuberculosis,1,Tuberculosis,0.00027648377,0.9992231,0.00035998743,0.00014040382
/media/storage2/Anuj/5th international anujj ones/medxpert/data/raw/Tuberculosis/tb_aug1040_Tuberculosis-458.png,1,Tuberculosis,1,Tuberculosis,0.0002064165,0.99929655,0.0003711052,0.00012592298
/media/storage2/Anuj/5th international anujj ones/medxpert/data/raw/Tuberculosis/tb_aug1041_Tuberculosis-118.png,1,Tuberculosis,1,Tuberculosis,0.0002867687,0.99922323,0.00035194863,0.00013802474
/media/storage2/Anuj/5th international anujj ones/medxpert/data/raw/Tuberculosis/tb_aug1044_Tuberculosis-433.png,1,Tuberculosis,1,Tuberculosis,0.00021713384,0.99929357,0.00035999427,0.00012921747
/media/storage2/Anuj/5th international anujj ones/medxpert/data/raw/Tuberculosis/tb_aug1045_Tuberculosis-372.png,1,Tuberculosis,1,Tuberculosis,0.00020034073,0.9993026,0.00037107244,0.00012594559
/media/storage2/Anuj/5th international anujj ones/medxpert/data/raw/Tuberculosis/tb_aug1048_Tuberculosis-7.png,1,Tuberculosis,1,Tuberculosis,0.00024234224,0.999253,0.00037612455,0.00012856677
/media/storage2/Anuj/5th international anujj ones/medxpert/data/raw/Tuberculosis/tb_aug104_Tuberculosis-217.png,1,Tuberculosis,1,Tuberculosis,0.00021112592,0.9993038,0.00035683945,0.00012831828
/media/storage2/Anuj/5th international anujj ones/medxpert/data/raw/Tuberculosis/tb_aug1055_Tuberculosis-288.png,1,Tuberculosis,1,Tuberculosis,0.00030496262,0.9991567,0.00039326874,0.00014507589
/media/storage2/Anuj/5th international anujj ones/medxpert/data/raw/Tuberculosis/tb_aug1058_Tuberculosis-8.png,1,Tuberculosis,1,Tuberculosis,0.00025283956,0.9992111,0.0004067412,0.0001292413
/media/storage2/Anuj/5th international anujj ones/medxpert/data/raw/Tuberculosis/tb_aug105_Tuberculosis-387.png,1,Tuberculosis,1,Tuberculosis,0.00020644304,0.99932027,0.00034316516,0.00013013868
/media/storage2/Anuj/5th international anujj ones/medxpert/data/raw/Tuberculosis/tb_aug1061_Tuberculosis-287.png,1,Tuberculosis,1,Tuberculosis,0.00043583527,0.9989975,0.00039008845,0.0001764995
/media/storage2/Anuj/5th international anujj ones/medxpert/data/raw/Tuberculosis/tb_aug106_Tuberculosis-233.png,1,Tuberculosis,1,Tuberculosis,0.0002014074,0.99930847,0.00036191999,0.00012814107
/media/storage2/Anuj/5th international anujj ones/medxpert/data/raw/Tuberculosis/tb_aug1070_Tuberculosis-630.png,1,Tuberculosis,1,Tuberculosis,0.00021661285,0.99930596,0.00034825818,0.00012929265
/media/storage2/Anuj/5th international anujj ones/medxpert/data/raw/Tuberculosis/tb_aug1071_Tuberculosis-697.png,1,Tuberculosis,1,Tuberculosis,0.00023379692,0.9992999,0.00033298746,0.00013331375
/media/storage2/Anuj/5th international anujj ones/medxpert/data/raw/Tuberculosis/tb_aug1079_Tuberculosis-28.png,1,Tuberculosis,1,Tuberculosis,0.00023852367,0.9992731,0.0003582457,0.00013018915
/media/storage2/Anuj/5th international anujj ones/medxpert/data/raw/Tuberculosis/tb_aug1083_Tuberculosis-589.png,1,Tuberculosis,1,Tuberculosis,0.00020268867,0.9993174,0.0003508049,0.00012907607
/media/storage2/Anuj/5th international anujj ones/medxpert/data/raw/Tuberculosis/tb_aug1094_Tuberculosis-300.png,1,Tuberculosis,1,Tuberculosis,0.00021143115,0.9993199,0.00033767047,0.0001309481
/media/storage2/Anuj/5th international anujj ones/medxpert/data/raw/Tuberculosis/tb_aug10_Tuberculosis-56.png,1,Tuberculosis,1,Tuberculosis,0.000264224,0.9992298,0.0003705521,0.00013546085
/media/storage2/Anuj/5th international anujj ones/medxpert/data/raw/Tuberculosis/tb_aug1102_Tuberculosis-215.png,1,Tuberculosis,1,Tuberculosis,0.0002847085,0.99921894,0.00035896758,0.00013730682
/media/storage2/Anuj/5th international anujj ones/medxpert/data/raw/Tuberculosis/tb_aug1104_Tuberculosis-678.png,1,Tuberculosis,1,Tuberculosis,0.00035817688,0.99912673,0.00031444267,0.00020064367
/media/storage2/Anuj/5th international anujj ones/medxpert/data/raw/Tuberculosis/tb_aug1107_Tuberculosis-549.png,1,Tuberculosis,1,Tuberculosis,0.0002139357,0.9993181,0.0003360155,0.00013185173
/media/storage2/Anuj/5th international anujj ones/medxpert/data/raw/Tuberculosis/tb_aug1110_Tuberculosis-549.png,1,Tuberculosis,1,Tuberculosis,0.00021697173,0.9993154,0.00033575686,0.00013204252
/media/storage2/Anuj/5th international anujj ones/medxpert/data/raw/Tuberculosis/tb_aug1113_Tuberculosis-216.png,1,Tuberculosis,1,Tuberculosis,0.0002631758,0.99924207,0.0003629458,0.0001319217
/media/storage2/Anuj/5th international anujj ones/medxpert/data/raw/Tuberculosis/tb_aug1119_Tuberculosis-279.png,1,Tuberculosis,1,Tuberculosis,0.00023893673,0.99931157,0.0003118603,0.00013754169
/media/storage2/Anuj/5th international anujj ones/medxpert/data/raw/Tuberculosis/tb_aug1123_Tuberculosis-511.png,1,Tuberculosis,1,Tuberculosis,0.00020587894,0.9993241,0.00033937147,0.00013067231
/media/storage2/Anuj/5th international anujj ones/medxpert/data/raw/Tuberculosis/tb_aug1124_Tuberculosis-657.png,1,Tuberculosis,1,Tuberculosis,0.00025463162,0.9992797,0.0003251621,0.00014046294
/media/storage2/Anuj/5th international anujj ones/medxpert/data/raw/Tuberculosis/tb_aug1126_Tuberculosis-473.png,1,Tuberculosis,1,Tuberculosis,0.00025397906,0.99921405,0.000402304,0.00012977241
/media/storage2/Anuj/5th international anujj ones/medxpert/data/raw/Tuberculosis/tb_aug1127_Tuberculosis-185.png,1,Tuberculosis,1,Tuberculosis,0.00020210759,0.9993143,0.00035507846,0.00012841511
/media/storage2/Anuj/5th international anujj ones/medxpert/data/raw/Tuberculosis/tb_aug1139_Tuberculosis-291.png,1,Tuberculosis,1,Tuberculosis,0.00023124558,0.9993125,0.0003204858,0.00013575038
/media/storage2/Anuj/5th international anujj ones/medxpert/data/raw/Tuberculosis/tb_aug1141_Tuberculosis-14.png,1,Tuberculosis,1,Tuberculosis,0.0002849727,0.99920136,0.0003746685,0.00013912533
/media/storage2/Anuj/5th international anujj ones/medxpert/data/raw/Tuberculosis/tb_aug1154_Tuberculosis-124.png,1,Tuberculosis,1,Tuberculosis,0.00029516505,0.9992036,0.00035969538,0.000141475
/media/storage2/Anuj/5th international anujj ones/medxpert/data/raw/Tuberculosis/tb_aug1158_Tuberculosis-43.png,1,Tuberculosis,1,Tuberculosis,0.00028464547,0.99923205,0.00034530112,0.0001379895
/media/storage2/Anuj/5th international anujj ones/medxpert/data/raw/Tuberculosis/tb_aug115_Tuberculosis-76.png,1,Tuberculosis,1,Tuberculosis,0.00025090398,0.9992853,0.00032755363,0.00013629462
/media/storage2/Anuj/5th international anujj ones/medxpert/data/raw/Tuberculosis/tb_aug1183_Tuberculosis-290.png,1,Tuberculosis,1,Tuberculosis,0.00020288391,0.99931526,0.00035420133,0.00012770093
/media/storage2/Anuj/5th international anujj ones/medxpert/data/raw/Tuberculosis/tb_aug1185_Tuberculosis-100.png,1,Tuberculosis,1,Tuberculosis,0.0002600888,0.9992198,0.0003895064,0.00013062531
/media/storage2/Anuj/5th international anujj ones/medxpert/data/raw/Tuberculosis/tb_aug1194_Tuberculosis-332.png,1,Tuberculosis,1,Tuberculosis,0.00020236739,0.9993162,0.0003529363,0.00012844156
/media/storage2/Anuj/5th international anujj ones/medxpert/data/raw/Tuberculosis/tb_aug1196_Tuberculosis-462.png,1,Tuberculosis,1,Tuberculosis,0.00020186858,0.9993135,0.00035618106,0.00012846767
/media/storage2/Anuj/5th international anujj ones/medxpert/data/raw/Tuberculosis/tb_aug1197_Tuberculosis-206.png,1,Tuberculosis,1,Tuberculosis,0.00022412345,0.9993137,0.00032534942,0.00013684396
/media/storage2/Anuj/5th international anujj ones/medxpert/data/raw/Tuberculosis/tb_aug1199_Tuberculosis-268.png,1,Tuberculosis,1,Tuberculosis,0.00023111985,0.99929905,0.00033436,0.00013543874
/media/storage2/Anuj/5th international anujj ones/medxpert/data/raw/Tuberculosis/tb_aug119_Tuberculosis-449.png,1,Tuberculosis,1,Tuberculosis,0.00021480363,0.9993261,0.00032575673,0.00013344508
/media/storage2/Anuj/5th international anujj ones/medxpert/data/raw/Tuberculosis/tb_aug1206_Tuberculosis-89.png,1,Tuberculosis,1,Tuberculosis,0.0003145016,0.9991492,0.00039672878,0.0001395844
/media/storage2/Anuj/5th international anujj ones/medxpert/data/raw/Tuberculosis/tb_aug1208_Tuberculosis-484.png,1,Tuberculosis,1,Tuberculosis,0.00021326954,0.99931514,0.00034093313,0.00013064411
/media/storage2/Anuj/5th international anujj ones/medxpert/data/raw/Tuberculosis/tb_aug1222_Tuberculosis-222.png,1,Tuberculosis,1,Tuberculosis,0.00024919971,0.9992855,0.0003295166,0.00013581844
/media/storage2/Anuj/5th international anujj ones/medxpert/data/raw/Tuberculosis/tb_aug1225_Tuberculosis-306.png,1,Tuberculosis,1,Tuberculosis,0.00028837952,0.999116,0.00045537393,0.00014030124
/media/storage2/Anuj/5th international anujj ones/medxpert/data/raw/Tuberculosis/tb_aug1226_Tuberculosis-626.png,1,Tuberculosis,1,Tuberculosis,0.00020360647,0.9993074,0.00036134603,0.00012773207
/media/storage2/Anuj/5th international anujj ones/medxpert/data/raw/Tuberculosis/tb_aug1228_Tuberculosis-573.png,1,Tuberculosis,1,Tuberculosis,0.00024319062,0.9992735,0.00035019332,0.000133051
/media/storage2/Anuj/5th international anujj ones/medxpert/data/raw/Tuberculosis/tb_aug1232_Tuberculosis-107.png,1,Tuberculosis,1,Tuberculosis,0.00029950275,0.99913555,0.0004111525,0.00015379106
/media/storage2/Anuj/5th international anujj ones/medxpert/data/raw/Tuberculosis/tb_aug1238_Tuberculosis-82.png,1,Tuberculosis,1,Tuberculosis,0.00025693016,0.9992242,0.00038797906,0.00013096641
/media/storage2/Anuj/5th international anujj ones/medxpert/data/raw/Tuberculosis/tb_aug1246_Tuberculosis-342.png,1,Tuberculosis,1,Tuberculosis,0.00019943726,0.9993261,0.00034594143,0.00012852676
/media/storage2/Anuj/5th international anujj ones/medxpert/data/raw/Tuberculosis/tb_aug1253_Tuberculosis-668.png,1,Tuberculosis,1,Tuberculosis,0.00025391488,0.99926466,0.00034506313,0.00013623956
/media/storage2/Anuj/5th international anujj ones/medxpert/data/raw/Tuberculosis/tb_aug1265_Tuberculosis-583.png,1,Tuberculosis,1,Tuberculosis,0.00020340267,0.9993073,0.00035665423,0.00013276435
/media/storage2/Anuj/5th international anujj ones/medxpert/data/raw/Tuberculosis/tb_aug1267_Tuberculosis-455.png,1,Tuberculosis,1,Tuberculosis,0.00020173227,0.9993161,0.00035327475,0.00012890686
/media/storage2/Anuj/5th international anujj ones/medxpert/data/raw/Tuberculosis/tb_aug1269_Tuberculosis-91.png,1,Tuberculosis,1,Tuberculosis,0.00029130164,0.99917835,0.00039522297,0.00013504694
/media/storage2/Anuj/5th international anujj ones/medxpert/data/raw/Tuberculosis/tb_aug1279_Tuberculosis-522.png,1,Tuberculosis,1,Tuberculosis,0.00030968172,0.99916697,0.00037564593,0.00014773912
/media/storage2/Anuj/5th international anujj ones/medxpert/data/raw/Tuberculosis/tb_aug127_Tuberculosis-317.png,1,Tuberculosis,1,Tuberculosis,0.00037091534,0.99911195,0.00034857765,0.00016854425
/media/storage2/Anuj/5th international anujj ones/medxpert/data/raw/Tuberculosis/tb_aug1280_Tuberculosis-512.png,1,Tuberculosis,1,Tuberculosis,0.00020272218,0.99930644,0.00036316615,0.00012753901
/media/storage2/Anuj/5th international anujj ones/medxpert/data/raw/Tuberculosis/tb_aug1281_Tuberculosis-165.png,1,Tuberculosis,1,Tuberculosis,0.0002244941,0.99929726,0.00034872675,0.00012954134
/media/storage2/Anuj/5th international anujj ones/medxpert/data/raw/Tuberculosis/tb_aug128_Tuberculosis-546.png,1,Tuberculosis,1,Tuberculosis,0.00025993402,0.99925,0.00035233758,0.00013773916
/media/storage2/Anuj/5th international anujj ones/medxpert/data/raw/Tuberculosis/tb_aug1291_Tuberculosis-43.png,1,Tuberculosis,1,Tuberculosis,0.0003192805,0.99918765,0.00035027298,0.00014278782
/media/storage2/Anuj/5th international anujj ones/medxpert/data/raw/Tuberculosis/tb_aug1295_Tuberculosis-97.png,1,Tuberculosis,1,Tuberculosis,0.000268691,0.99917823,0.00042205164,0.00013102035
/media/storage2/Anuj/5th international anujj ones/medxpert/data/raw/Tuberculosis/tb_aug1305_Tuberculosis-280.png,1,Tuberculosis,1,Tuberculosis,0.00020161227,0.9993105,0.00036040452,0.00012761862
/media/storage2/Anuj/5th international anujj ones/medxpert/data/raw/Tuberculosis/tb_aug1309_Tuberculosis-293.png,1,Tuberculosis,1,Tuberculosis,0.0002139081,0.9993198,0.00033409632,0.00013213682
/media/storage2/Anuj/5th international anujj ones/medxpert/data/raw/Tuberculosis/tb_aug1333_Tuberculosis-120.png,1,Tuberculosis,1,Tuberculosis,0.00055991777,0.99826044,0.0009775355,0.0002021295
/media/storage2/Anuj/5th international anujj ones/medxpert/data/raw/Tuberculosis/tb_aug1335_Tuberculosis-416.png,1,Tuberculosis,1,Tuberculosis,0.00020807919,0.99931705,0.0003445137,0.00013027102
/media/storage2/Anuj/5th international anujj ones/medxpert/data/raw/Tuberculosis/tb_aug1336_Tuberculosis-354.png,1,Tuberculosis,1,Tuberculosis,0.00020483337,0.9993099,0.0003574129,0.00012796307
/media/storage2/Anuj/5th international anujj ones/medxpert/data/raw/Tuberculosis/tb_aug1341_Tuberculosis-553.png,1,Tuberculosis,1,Tuberculosis,0.0002074748,0.99931407,0.00034911264,0.0001292413
/media/storage2/Anuj/5th international anujj ones/medxpert/data/raw/Tuberculosis/tb_aug1354_Tuberculosis-649.png,1,Tuberculosis,1,Tuberculosis,0.00032842788,0.9991566,0.00037178278,0.00014331855
/media/storage2/Anuj/5th international anujj ones/medxpert/data/raw/Tuberculosis/tb_aug1361_Tuberculosis-597.png,1,Tuberculosis,1,Tuberculosis,0.00021754729,0.99932194,0.0003272709,0.00013324665
/media/storage2/Anuj/5th international anujj ones/medxpert/data/raw/Tuberculosis/tb_aug1363_Tuberculosis-569.png,1,Tuberculosis,1,Tuberculosis,0.0001977189,0.9993111,0.00036421185,0.00012704189
/media/storage2/Anuj/5th international anujj ones/medxpert/data/raw/Tuberculosis/tb_aug1367_Tuberculosis-31.png,1,Tuberculosis,1,Tuberculosis,0.00042604646,0.9989967,0.00040982358,0.00016743515
/media/storage2/Anuj/5th international anujj ones/medxpert/data/raw/Tuberculosis/tb_aug137_Tuberculosis-638.png,1,Tuberculosis,1,Tuberculosis,0.00029171305,0.9992249,0.00031734712,0.00016608568
/media/storage2/Anuj/5th international anujj ones/medxpert/data/raw/Tuberculosis/tb_aug1382_Tuberculosis-621.png,1,Tuberculosis,1,Tuberculosis,0.00020808281,0.9993068,0.00035755025,0.00012762935
/media/storage2/Anuj/5th international anujj ones/medxpert/data/raw/Tuberculosis/tb_aug1386_Tuberculosis-85.png,1,Tuberculosis,1,Tuberculosis,0.0003199277,0.9991566,0.00038214689,0.00014137718
/media/storage2/Anuj/5th international anujj ones/medxpert/data/raw/Tuberculosis/tb_aug1391_Tuberculosis-62.png,1,Tuberculosis,1,Tuberculosis,0.00030813462,0.9991787,0.00037248357,0.0001406345
/media/storage2/Anuj/5th international anujj ones/medxpert/data/raw/Tuberculosis/tb_aug1396_Tuberculosis-449.png,1,Tuberculosis,1,Tuberculosis,0.0002138621,0.99932504,0.00032795707,0.00013313275
/media/storage2/Anuj/5th international anujj ones/medxpert/data/raw/Tuberculosis/tb_aug1397_Tuberculosis-53.png,1,Tuberculosis,1,Tuberculosis,0.0002419018,0.999243,0.00038495602,0.00013008891
/media/storage2/Anuj/5th international anujj ones/medxpert/data/raw/Tuberculosis/tb_aug13_Tuberculosis-145.png,1,Tuberculosis,1,Tuberculosis,0.0007119754,0.9986694,0.00039320308,0.00022552066
/media/storage2/Anuj/5th international anujj ones/medxpert/data/raw/Tuberculosis/tb_aug1402_Tuberculosis-664.png,1,Tuberculosis,1,Tuberculosis,0.0002245452,0.99929786,0.00034719252,0.00013037874
/media/storage2/Anuj/5th international anujj ones/medxpert/data/raw/Tuberculosis/tb_aug1404_Tuberculosis-375.png,1,Tuberculosis,1,Tuberculosis,0.00020140609,0.99931157,0.00035847432,0.00012854293
/media/storage2/Anuj/5th international anujj ones/medxpert/data/raw/Tuberculosis/tb_aug1409_Tuberculosis-118.png,1,Tuberculosis,1,Tuberculosis,0.00026564448,0.999206,0.00039602,0.00013231773
/media/storage2/Anuj/5th international anujj ones/medxpert/data/raw/Tuberculosis/tb_aug1417_Tuberculosis-118.png,1,Tuberculosis,1,Tuberculosis,0.00026326143,0.9992287,0.00037520492,0.00013284851
/media/storage2/Anuj/5th international anujj ones/medxpert/data/raw/Tuberculosis/tb_aug1419_Tuberculosis-447.png,1,Tuberculosis,1,Tuberculosis,0.00021187737,0.9993205,0.00033571172,0.0001318386
/media/storage2/Anuj/5th international anujj ones/medxpert/data/raw/Tuberculosis/tb_aug1432_Tuberculosis-292.png,1,Tuberculosis,1,Tuberculosis,0.00021802906,0.9993148,0.0003351327,0.00013216956
/media/storage2/Anuj/5th international anujj ones/medxpert/data/raw/Tuberculosis/tb_aug1433_Tuberculosis-404.png,1,Tuberculosis,1,Tuberculosis,0.00020650041,0.9993197,0.00034352415,0.00013037388
/media/storage2/Anuj/5th international anujj ones/medxpert/data/raw/Tuberculosis/tb_aug1435_Tuberculosis-32.png,1,Tuberculosis,1,Tuberculosis,0.00032343622,0.9992163,0.00030596435,0.00015430714
/media/storage2/Anuj/5th international anujj ones/medxpert/data/raw/Tuberculosis/tb_aug1450_Tuberculosis-526.png,1,Tuberculosis,1,Tuberculosis,0.0002107746,0.9993198,0.00033856818,0.00013097282
/media/storage2/Anuj/5th international anujj ones/medxpert/data/raw/Tuberculosis/tb_aug1453_Tuberculosis-293.png,1,Tuberculosis,1,Tuberculosis,0.00021490119,0.9993206,0.0003316234,0.000132824
/media/storage2/Anuj/5th international anujj ones/medxpert/data/raw/Tuberculosis/tb_aug1456_Tuberculosis-27.png,1,Tuberculosis,1,Tuberculosis,0.00025675687,0.9992094,0.00040243354,0.00013130688
/media/storage2/Anuj/5th international anujj ones/medxpert/data/raw/Tuberculosis/tb_aug145_Tuberculosis-301.png,1,Tuberculosis,1,Tuberculosis,0.0002174793,0.9993069,0.00034633817,0.000129241
/media/storage2/Anuj/5th international anujj ones/medxpert/data/raw/Tuberculosis/tb_aug1460_Tuberculosis-503.png,1,Tuberculosis,1,Tuberculosis,0.00026463548,0.99924743,0.00035119406,0.00013679195
/media/storage2/Anuj/5th international anujj ones/medxpert/data/raw/Tuberculosis/tb_aug1465_Tuberculosis-103.png,1,Tuberculosis,1,Tuberculosis,0.0004965624,0.99895394,0.00036852906,0.00018094738
/media/storage2/Anuj/5th international anujj ones/medxpert/data/raw/Tuberculosis/tb_aug1467_Tuberculosis-93.png,1,Tuberculosis,1,Tuberculosis,0.00042149276,0.9990069,0.00040982018,0.00016189675
/media/storage2/Anuj/5th international anujj ones/medxpert/data/raw/Tuberculosis/tb_aug1474_Tuberculosis-28.png,1,Tuberculosis,1,Tuberculosis,0.00036207688,0.9991322,0.00035156606,0.00015416426
/media/storage2/Anuj/5th international anujj ones/medxpert/data/raw/Tuberculosis/tb_aug1477_Tuberculosis-8.png,1,Tuberculosis,1,Tuberculosis,0.00026817265,0.99919087,0.00040863085,0.00013234223
/media/storage2/Anuj/5th international anujj ones/medxpert/data/raw/Tuberculosis/tb_aug1483_Tuberculosis-384.png,1,Tuberculosis,1,Tuberculosis,0.00020253088,0.9993112,0.00035902913,0.00012727498
/media/storage2/Anuj/5th international anujj ones/medxpert/data/raw/Tuberculosis/tb_aug1494_Tuberculosis-116.png,1,Tuberculosis,1,Tuberculosis,0.00025960352,0.99921477,0.00039525452,0.00013048308
/media/storage2/Anuj/5th international anujj ones/medxpert/data/raw/Tuberculosis/tb_aug1508_Tuberculosis-253.png,1,Tuberculosis,1,Tuberculosis,0.00031679898,0.9991623,0.00037462384,0.0001462889
/media/storage2/Anuj/5th international anujj ones/medxpert/data/raw/Tuberculosis/tb_aug1509_Tuberculosis-519.png,1,Tuberculosis,1,Tuberculosis,0.0005005746,0.9989951,0.0003084043,0.00019595893
/media/storage2/Anuj/5th international anujj ones/medxpert/data/raw/Tuberculosis/tb_aug1518_Tuberculosis-154.png,1,Tuberculosis,1,Tuberculosis,0.00031240482,0.99918133,0.00036381013,0.00014250395
/media/storage2/Anuj/5th international anujj ones/medxpert/data/raw/Tuberculosis/tb_aug1528_Tuberculosis-651.png,1,Tuberculosis,1,Tuberculosis,0.00038318822,0.999113,0.0003489597,0.00015478992
/media/storage2/Anuj/5th international anujj ones/medxpert/data/raw/Tuberculosis/tb_aug1530_Tuberculosis-687.png,1,Tuberculosis,1,Tuberculosis,0.00025352198,0.9992716,0.0003388141,0.00013616725
/media/storage2/Anuj/5th international anujj ones/medxpert/data/raw/Tuberculosis/tb_aug1535_Tuberculosis-27.png,1,Tuberculosis,1,Tuberculosis,0.00024354947,0.9992411,0.00038604182,0.00012922916
/media/storage2/Anuj/5th international anujj ones/medxpert/data/raw/Tuberculosis/tb_aug1541_Tuberculosis-581.png,1,Tuberculosis,1,Tuberculosis,0.00020223919,0.9993185,0.00034702988,0.00013222262
/media/storage2/Anuj/5th international anujj ones/medxpert/data/raw/Tuberculosis/tb_aug1550_Tuberculosis-502.png,1,Tuberculosis,1,Tuberculosis,0.00030228033,0.9992181,0.0003378973,0.00014158463
/media/storage2/Anuj/5th international anujj ones/medxpert/data/raw/Tuberculosis/tb_aug1554_Tuberculosis-420.png,1,Tuberculosis,1,Tuberculosis,0.00021231892,0.99931955,0.00033778662,0.00013038618
/media/storage2/Anuj/5th international anujj ones/medxpert/data/raw/Tuberculosis/tb_aug1559_Tuberculosis-85.png,1,Tuberculosis,1,Tuberculosis,0.0003199277,0.9991566,0.00038214689,0.00014137718
/media/storage2/Anuj/5th international anujj ones/medxpert/data/raw/Tuberculosis/tb_aug156_Tuberculosis-75.png,1,Tuberculosis,1,Tuberculosis,0.000266911,0.9992607,0.00033300332,0.00013920237
/media/storage2/Anuj/5th international anujj ones/medxpert/data/raw/Tuberculosis/tb_aug1574_Tuberculosis-203.png,1,Tuberculosis,1,Tuberculosis,0.0002729061,0.9992593,0.00032632012,0.00014146481
/media/storage2/Anuj/5th international anujj ones/medxpert/data/raw/Tuberculosis/tb_aug1578_Tuberculosis-59.png,1,Tuberculosis,1,Tuberculosis,0.00022479074,0.9992798,0.00036660366,0.00012880292
/media/storage2/Anuj/5th international anujj ones/medxpert/data/raw/Tuberculosis/tb_aug1586_Tuberculosis-143.png,1,Tuberculosis,1,Tuberculosis,0.00037922832,0.999148,0.00031385975,0.000158906
/media/storage2/Anuj/5th international anujj ones/medxpert/data/raw/Tuberculosis/tb_aug1597_Tuberculosis-662.png,1,Tuberculosis,1,Tuberculosis,0.00022258238,0.9993081,0.00033697806,0.00013229743
/media/storage2/Anuj/5th international anujj ones/medxpert/data/raw/Tuberculosis/tb_aug15_Tuberculosis-282.png,1,Tuberculosis,1,Tuberculosis,0.00023670077,0.99930894,0.0003162215,0.00013821971
/media/storage2/Anuj/5th international anujj ones/medxpert/data/raw/Tuberculosis/tb_aug1601_Tuberculosis-690.png,1,Tuberculosis,1,Tuberculosis,0.00024865274,0.99927694,0.00034001746,0.00013451125
/media/storage2/Anuj/5th international anujj ones/medxpert/data/raw/Tuberculosis/tb_aug1602_Tuberculosis-320.png,1,Tuberculosis,1,Tuberculosis,0.0004727583,0.99898046,0.00036828782,0.00017840641
/media/storage2/Anuj/5th international anujj ones/medxpert/data/raw/Tuberculosis/tb_aug1625_Tuberculosis-534.png,1,Tuberculosis,1,Tuberculosis,0.0002985978,0.9992003,0.0003529065,0.00014822884
/media/storage2/Anuj/5th international anujj ones/medxpert/data/raw/Tuberculosis/tb_aug1630_Tuberculosis-425.png,1,Tuberculosis,1,Tuberculosis,0.0002010145,0.9993175,0.00035330624,0.00012820186
/media/storage2/Anuj/5th international anujj ones/medxpert/data/raw/Tuberculosis/tb_aug1635_Tuberculosis-357.png,1,Tuberculosis,1,Tuberculosis,0.00020497479,0.99930954,0.00035724582,0.00012813827
/media/storage2/Anuj/5th international anujj ones/medxpert/data/raw/Tuberculosis/tb_aug1636_Tuberculosis-48.png,1,Tuberculosis,1,Tuberculosis,0.00034371857,0.9991351,0.00037493277,0.00014621613
/media/storage2/Anuj/5th international anujj ones/medxpert/data/raw/Tuberculosis/tb_aug1638_Tuberculosis-32.png,1,Tuberculosis,1,Tuberculosis,0.00043949852,0.99905807,0.00030645842,0.00019601575
/media/storage2/Anuj/5th international anujj ones/medxpert/data/raw/Tuberculosis/tb_aug1643_Tuberculosis-211.png,1,Tuberculosis,1,Tuberculosis,0.00020329097,0.9993073,0.00036143162,0.00012794894
/media/storage2/Anuj/5th international anujj ones/medxpert/data/raw/Tuberculosis/tb_aug1651_Tuberculosis-315.png,1,Tuberculosis,1,Tuberculosis,0.0001984934,0.9993011,0.00037037447,0.00013008644
/media/storage2/Anuj/5th international anujj ones/medxpert/data/raw/Tuberculosis/tb_aug165_Tuberculosis-123.png,1,Tuberculosis,1,Tuberculosis,0.00025175617,0.9992285,0.00038876053,0.00013096847
/media/storage2/Anuj/5th international anujj ones/medxpert/data/raw/Tuberculosis/tb_aug1660_Tuberculosis-146.png,1,Tuberculosis,1,Tuberculosis,0.00025318144,0.99924433,0.00036993413,0.00013258896
/media/storage2/Anuj/5th international anujj ones/medxpert/data/raw/Tuberculosis/tb_aug1674_Tuberculosis-608.png,1,Tuberculosis,1,Tuberculosis,0.0002003289,0.9993161,0.00035620583,0.00012733437
/media/storage2/Anuj/5th international anujj ones/medxpert/data/raw/Tuberculosis/tb_aug1676_Tuberculosis-562.png,1,Tuberculosis,1,Tuberculosis,0.00026893528,0.99924207,0.0003515363,0.00013747887
/media/storage2/Anuj/5th international anujj ones/medxpert/data/raw/Tuberculosis/tb_aug1678_Tuberculosis-268.png,1,Tuberculosis,1,Tuberculosis,0.00023048634,0.99929893,0.00033372763,0.00013684519
/media/storage2/Anuj/5th international anujj ones/medxpert/data/raw/Tuberculosis/tb_aug1685_Tuberculosis-597.png,1,Tuberculosis,1,Tuberculosis,0.0002725582,0.9992644,0.00031896567,0.00014397354
/media/storage2/Anuj/5th international anujj ones/medxpert/data/raw/Tuberculosis/tb_aug1686_Tuberculosis-225.png,1,Tuberculosis,1,Tuberculosis,0.00020776092,0.9993161,0.00034581244,0.00013026925
/media/storage2/Anuj/5th international anujj ones/medxpert/data/raw/Tuberculosis/tb_aug1696_Tuberculosis-138.png,1,Tuberculosis,1,Tuberculosis,0.000266148,0.99914455,0.00045890978,0.00013027398
/media/storage2/Anuj/5th international anujj ones/medxpert/data/raw/Tuberculosis/tb_aug1708_Tuberculosis-3.png,1,Tuberculosis,1,Tuberculosis,0.00019780427,0.9993042,0.00037185504,0.00012619588
/media/storage2/Anuj/5th international anujj ones/medxpert/data/raw/Tuberculosis/tb_aug1709_Tuberculosis-363.png,1,Tuberculosis,1,Tuberculosis,0.0002025988,0.9993042,0.00036662314,0.0001265449
/media/storage2/Anuj/5th international anujj ones/medxpert/data/raw/Tuberculosis/tb_aug170_Tuberculosis-576.png,1,Tuberculosis,1,Tuberculosis,0.00025012402,0.99928373,0.0003292848,0.00013686244
/media/storage2/Anuj/5th international anujj ones/medxpert/data/raw/Tuberculosis/tb_aug171_Tuberculosis-443.png,1,Tuberculosis,1,Tuberculosis,0.00021405298,0.9993255,0.00032715287,0.00013330852
/media/storage2/Anuj/5th international anujj ones/medxpert/data/raw/Tuberculosis/tb_aug1724_Tuberculosis-580.png,1,Tuberculosis,1,Tuberculosis,0.0002184768,0.9993082,0.00034237682,0.00013086532
/media/storage2/Anuj/5th international anujj ones/medxpert/data/raw/Tuberculosis/tb_aug1732_Tuberculosis-553.png,1,Tuberculosis,1,Tuberculosis,0.00020905887,0.9993212,0.0003386639,0.00013101324
/media/storage2/Anuj/5th international anujj ones/medxpert/data/raw/Tuberculosis/tb_aug173_Tuberculosis-440.png,1,Tuberculosis,1,Tuberculosis,0.000203278,0.999318,0.00034932283,0.00012943684
/media/storage2/Anuj/5th international anujj ones/medxpert/data/raw/Tuberculosis/tb_aug1742_Tuberculosis-46.png,1,Tuberculosis,1,Tuberculosis,0.00029226873,0.99921787,0.000349333,0.00014045478
/media/storage2/Anuj/5th international anujj ones/medxpert/data/raw/Tuberculosis/tb_aug1747_Tuberculosis-185.png,1,Tuberculosis,1,Tuberculosis,0.00020202607,0.9993142,0.00035563114,0.00012820194
/media/storage2/Anuj/5th international anujj ones/medxpert/data/raw/Tuberculosis/tb_aug1752_Tuberculosis-218.png,1,Tuberculosis,1,Tuberculosis,0.00021376414,0.9993131,0.00034263785,0.0001306147
/media/storage2/Anuj/5th international anujj ones/medxpert/data/raw/Tuberculosis/tb_aug1757_Tuberculosis-256.png,1,Tuberculosis,1,Tuberculosis,0.0002587274,0.999113,0.0004980063,0.00013028664
/media/storage2/Anuj/5th international anujj ones/medxpert/data/raw/Tuberculosis/tb_aug1759_Tuberculosis-433.png,1,Tuberculosis,1,Tuberculosis,0.00044735565,0.9985026,0.0008635235,0.00018650015
/media/storage2/Anuj/5th international anujj ones/medxpert/data/raw/Tuberculosis/tb_aug1773_Tuberculosis-99.png,1,Tuberculosis,1,Tuberculosis,0.00026332636,0.9992188,0.00038629046,0.0001315119
/media/storage2/Anuj/5th international anujj ones/medxpert/data/raw/Tuberculosis/tb_aug1774_Tuberculosis-404.png,1,Tuberculosis,1,Tuberculosis,0.00020750373,0.9993191,0.00034251966,0.00013091891
/media/storage2/Anuj/5th international anujj ones/medxpert/data/raw/Tuberculosis/tb_aug1782_Tuberculosis-206.png,1,Tuberculosis,1,Tuberculosis,0.0002271631,0.99931526,0.0003189807,0.0001385912
/media/storage2/Anuj/5th international anujj ones/medxpert/data/raw/Tuberculosis/tb_aug1798_Tuberculosis-559.png,1,Tuberculosis,1,Tuberculosis,0.00021863596,0.99930596,0.00034490996,0.00013055275
/media/storage2/Anuj/5th international anujj ones/medxpert/data/raw/Tuberculosis/tb_aug1803_Tuberculosis-262.png,1,Tuberculosis,1,Tuberculosis,0.00020918585,0.9993199,0.00033927962,0.0001316065
/media/storage2/Anuj/5th international anujj ones/medxpert/data/raw/Tuberculosis/tb_aug1804_Tuberculosis-506.png,1,Tuberculosis,1,Tuberculosis,0.00020385032,0.9993179,0.000348869,0.00012937018
/media/storage2/Anuj/5th international anujj ones/medxpert/data/raw/Tuberculosis/tb_aug1822_Tuberculosis-272.png,1,Tuberculosis,1,Tuberculosis,0.00021377057,0.9993185,0.0003367991,0.00013099187
/media/storage2/Anuj/5th international anujj ones/medxpert/data/raw/Tuberculosis/tb_aug1824_Tuberculosis-49.png,1,Tuberculosis,1,Tuberculosis,0.0003000054,0.9991949,0.00036531198,0.00013976316
/media/storage2/Anuj/5th international anujj ones/medxpert/data/raw/Tuberculosis/tb_aug1828_Tuberculosis-420.png,1,Tuberculosis,1,Tuberculosis,0.00021897252,0.9993154,0.00033428925,0.00013140112
/media/storage2/Anuj/5th international anujj ones/medxpert/data/raw/Tuberculosis/tb_aug182_Tuberculosis-81.png,1,Tuberculosis,1,Tuberculosis,0.0002645338,0.9992379,0.00036244755,0.0001350551
/media/storage2/Anuj/5th international anujj ones/medxpert/data/raw/Tuberculosis/tb_aug1841_Tuberculosis-343.png,1,Tuberculosis,1,Tuberculosis,0.00020380013,0.99931395,0.0003535387,0.00012866416
/media/storage2/Anuj/5th international anujj ones/medxpert/data/raw/Tuberculosis/tb_aug1843_Tuberculosis-514.png,1,Tuberculosis,1,Tuberculosis,0.00020993355,0.99932027,0.00033875016,0.00013099711
/media/storage2/Anuj/5th international anujj ones/medxpert/data/raw/Tuberculosis/tb_aug1844_Tuberculosis-319.png,1,Tuberculosis,1,Tuberculosis,0.00020625742,0.9993248,0.00033848867,0.00013058646
/media/storage2/Anuj/5th international anujj ones/medxpert/data/raw/Tuberculosis/tb_aug184_Tuberculosis-136.png,1,Tuberculosis,1,Tuberculosis,0.00024343639,0.999263,0.00035826227,0.00013516376
/media/storage2/Anuj/5th international anujj ones/medxpert/data/raw/Tuberculosis/tb_aug1853_Tuberculosis-79.png,1,Tuberculosis,1,Tuberculosis,0.00028456678,0.999212,0.00036373842,0.00013955565
/media/storage2/Anuj/5th international anujj ones/medxpert/data/raw/Tuberculosis/tb_aug1862_Tuberculosis-382.png,1,Tuberculosis,1,Tuberculosis,0.00021573763,0.9993075,0.00034755818,0.00012908489
/media/storage2/Anuj/5th international anujj ones/medxpert/data/raw/Tuberculosis/tb_aug1879_Tuberculosis-182.png,1,Tuberculosis,1,Tuberculosis,0.0005772733,0.99861383,0.0006123841,0.00019657241
/media/storage2/Anuj/5th international anujj ones/medxpert/data/raw/Tuberculosis/tb_aug1884_Tuberculosis-522.png,1,Tuberculosis,1,Tuberculosis,0.0002588843,0.9992204,0.00038279893,0.00013794884
/media/storage2/Anuj/5th international anujj ones/medxpert/data/raw/Tuberculosis/tb_aug188_Tuberculosis-290.png,1,Tuberculosis,1,Tuberculosis,0.00020182833,0.9993154,0.00035538897,0.0001275123
/media/storage2/Anuj/5th international anujj ones/medxpert/data/raw/Tuberculosis/tb_aug1893_Tuberculosis-10.png,1,Tuberculosis,1,Tuberculosis,0.0002739396,0.99918824,0.0004040043,0.00013375437
/media/storage2/Anuj/5th international anujj ones/medxpert/data/raw/Tuberculosis/tb_aug1914_Tuberculosis-619.png,1,Tuberculosis,1,Tuberculosis,0.00028354826,0.9991942,0.00035169433,0.00017054619
/media/storage2/Anuj/5th international anujj ones/medxpert/data/raw/Tuberculosis/tb_aug1924_Tuberculosis-106.png,1,Tuberculosis,1,Tuberculosis,0.00025719966,0.99918634,0.0004207341,0.00013574853
/media/storage2/Anuj/5th international anujj ones/medxpert/data/raw/Tuberculosis/tb_aug1925_Tuberculosis-289.png,1,Tuberculosis,1,Tuberculosis,0.00020999716,0.99931324,0.00034712238,0.00012964326
/media/storage2/Anuj/5th international anujj ones/medxpert/data/raw/Tuberculosis/tb_aug1928_Tuberculosis-433.png,1,Tuberculosis,1,Tuberculosis,0.00031464678,0.9988508,0.00068315654,0.00015145355
/media/storage2/Anuj/5th international anujj ones/medxpert/data/raw/Tuberculosis/tb_aug1938_Tuberculosis-59.png,1,Tuberculosis,1,Tuberculosis,0.00026729287,0.999215,0.00038185195,0.00013584332
/media/storage2/Anuj/5th international anujj ones/medxpert/data/raw/Tuberculosis/tb_aug193_Tuberculosis-329.png,1,Tuberculosis,1,Tuberculosis,0.00035777382,0.99917287,0.000316961,0.00015240071
/media/storage2/Anuj/5th international anujj ones/medxpert/data/raw/Tuberculosis/tb_aug1954_Tuberculosis-410.png,1,Tuberculosis,1,Tuberculosis,0.00020521677,0.99931264,0.0003529011,0.00012923754
/media/storage2/Anuj/5th international anujj ones/medxpert/data/raw/Tuberculosis/tb_aug195_Tuberculosis-16.png,1,Tuberculosis,1,Tuberculosis,0.00023390973,0.9992729,0.0003642999,0.00012885546
/media/storage2/Anuj/5th international anujj ones/medxpert/data/raw/Tuberculosis/tb_aug1961_Tuberculosis-467.png,1,Tuberculosis,1,Tuberculosis,0.00020015612,0.9993144,0.00035713246,0.00012835488
/media/storage2/Anuj/5th international anujj ones/medxpert/data/raw/Tuberculosis/tb_aug196_Tuberculosis-631.png,1,Tuberculosis,1,Tuberculosis,0.00027662123,0.9992279,0.0003581091,0.00013742488
/media/storage2/Anuj/5th international anujj ones/medxpert/data/raw/Tuberculosis/tb_aug1980_Tuberculosis-454.png,1,Tuberculosis,1,Tuberculosis,0.00020319551,0.9993173,0.0003501691,0.00012934912
/media/storage2/Anuj/5th international anujj ones/medxpert/data/raw/Tuberculosis/tb_aug1991_Tuberculosis-583.png,1,Tuberculosis,1,Tuberculosis,0.00020342576,0.9992987,0.00036604275,0.0001317984
/media/storage2/Anuj/5th international anujj ones/medxpert/data/raw/Tuberculosis/tb_aug1998_Tuberculosis-378.png,1,Tuberculosis,1,Tuberculosis,0.00021266413,0.9993162,0.0003397566,0.00013145262
/media/storage2/Anuj/5th international anujj ones/medxpert/data/raw/Tuberculosis/tb_aug2001_Tuberculosis-36.png,1,Tuberculosis,1,Tuberculosis,0.0004920183,0.9989241,0.00040709812,0.00017670715
/media/storage2/Anuj/5th international anujj ones/medxpert/data/raw/Tuberculosis/tb_aug2010_Tuberculosis-139.png,1,Tuberculosis,1,Tuberculosis,0.00026239268,0.9991516,0.00045632294,0.0001297519
/media/storage2/Anuj/5th international anujj ones/medxpert/data/raw/Tuberculosis/tb_aug2012_Tuberculosis-156.png,1,Tuberculosis,1,Tuberculosis,0.00022287662,0.9993017,0.00034514407,0.0001302741
/media/storage2/Anuj/5th international anujj ones/medxpert/data/raw/Tuberculosis/tb_aug2014_Tuberculosis-273.png,1,Tuberculosis,1,Tuberculosis,0.00020661,0.9993191,0.00034330008,0.00013099908
/media/storage2/Anuj/5th international anujj ones/medxpert/data/raw/Tuberculosis/tb_aug2026_Tuberculosis-592.png,1,Tuberculosis,1,Tuberculosis,0.00020929988,0.9993042,0.00035844414,0.0001280936
/media/storage2/Anuj/5th international anujj ones/medxpert/data/raw/Tuberculosis/tb_aug2029_Tuberculosis-191.png,1,Tuberculosis,1,Tuberculosis,0.00035048244,0.9989699,0.0005285777,0.00015097593
/media/storage2/Anuj/5th international anujj ones/medxpert/data/raw/Tuberculosis/tb_aug2035_Tuberculosis-648.png,1,Tuberculosis,1,Tuberculosis,0.00032071013,0.99917597,0.00036076654,0.00014243009
/media/storage2/Anuj/5th international anujj ones/medxpert/data/raw/Tuberculosis/tb_aug2040_Tuberculosis-194.png,1,Tuberculosis,1,Tuberculosis,0.00020931312,0.99932075,0.00033904088,0.00013097133
/media/storage2/Anuj/5th international anujj ones/medxpert/data/raw/Tuberculosis/tb_aug2043_Tuberculosis-379.png,1,Tuberculosis,1,Tuberculosis,0.00020964502,0.9993192,0.00034013984,0.00013104746
/media/storage2/Anuj/5th international anujj ones/medxpert/data/raw/Tuberculosis/tb_aug2046_Tuberculosis-447.png,1,Tuberculosis,1,Tuberculosis,0.00021212413,0.99932003,0.00033588734,0.00013186016
/media/storage2/Anuj/5th international anujj ones/medxpert/data/raw/Tuberculosis/tb_aug2066_Tuberculosis-671.png,1,Tuberculosis,1,Tuberculosis,0.00025064542,0.99928707,0.00032751143,0.00013484759
/media/storage2/Anuj/5th international anujj ones/medxpert/data/raw/Tuberculosis/tb_aug2071_Tuberculosis-101.png,1,Tuberculosis,1,Tuberculosis,0.00025530113,0.99920565,0.00040990714,0.00012918132
/media/storage2/Anuj/5th international anujj ones/medxpert/data/raw/Tuberculosis/tb_aug2078_Tuberculosis-500.png,1,Tuberculosis,1,Tuberculosis,0.00028173544,0.9992482,0.00032801603,0.0001420115
/media/storage2/Anuj/5th international anujj ones/medxpert/data/raw/Tuberculosis/tb_aug2085_Tuberculosis-641.png,1,Tuberculosis,1,Tuberculosis,0.00021396531,0.99931633,0.00033848788,0.00013128325
/media/storage2/Anuj/5th international anujj ones/medxpert/data/raw/Tuberculosis/tb_aug2087_Tuberculosis-98.png,1,Tuberculosis,1,Tuberculosis,0.00030211077,0.99915004,0.00041092583,0.00013695078
/media/storage2/Anuj/5th international anujj ones/medxpert/data/raw/Tuberculosis/tb_aug2091_Tuberculosis-389.png,1,Tuberculosis,1,Tuberculosis,0.00020365251,0.9993055,0.00036406706,0.00012673019
/media/storage2/Anuj/5th international anujj ones/medxpert/data/raw/Tuberculosis/tb_aug2093_Tuberculosis-527.png,1,Tuberculosis,1,Tuberculosis,0.00019985919,0.9993061,0.0003672208,0.00012676012
/media/storage2/Anuj/5th international anujj ones/medxpert/data/raw/Tuberculosis/tb_aug2095_Tuberculosis-672.png,1,Tuberculosis,1,Tuberculosis,0.00029229448,0.99922395,0.00034470478,0.00013904292
/media/storage2/Anuj/5th international anujj ones/medxpert/data/raw/Tuberculosis/tb_aug2108_Tuberculosis-401.png,1,Tuberculosis,1,Tuberculosis,0.00019810148,0.99930537,0.00037109718,0.00012544307
/media/storage2/Anuj/5th international anujj ones/medxpert/data/raw/Tuberculosis/tb_aug2117_Tuberculosis-680.png,1,Tuberculosis,1,Tuberculosis,0.00020875364,0.99930775,0.00035460544,0.00012893125
/media/storage2/Anuj/5th international anujj ones/medxpert/data/raw/Tuberculosis/tb_aug2122_Tuberculosis-452.png,1,Tuberculosis,1,Tuberculosis,0.00020552501,0.9993086,0.0003583921,0.0001275787
/media/storage2/Anuj/5th international anujj ones/medxpert/data/raw/Tuberculosis/tb_aug2125_Tuberculosis-583.png,1,Tuberculosis,1,Tuberculosis,0.00020230566,0.9993038,0.00036309284,0.00013079822
/media/storage2/Anuj/5th international anujj ones/medxpert/data/raw/Tuberculosis/tb_aug2129_Tuberculosis-51.png,1,Tuberculosis,1,Tuberculosis,0.00038423587,0.9990706,0.00038620626,0.00015894668
/media/storage2/Anuj/5th international anujj ones/medxpert/data/raw/Tuberculosis/tb_aug212_Tuberculosis-679.png,1,Tuberculosis,1,Tuberculosis,0.00021106019,0.9993024,0.00035927,0.00012727593
/media/storage2/Anuj/5th international anujj ones/medxpert/data/raw/Tuberculosis/tb_aug2134_Tuberculosis-596.png,1,Tuberculosis,1,Tuberculosis,0.00026214586,0.9992661,0.00033024795,0.00014148938
/media/storage2/Anuj/5th international anujj ones/medxpert/data/raw/Tuberculosis/tb_aug2138_Tuberculosis-393.png,1,Tuberculosis,1,Tuberculosis,0.00020530623,0.99931824,0.0003464306,0.00013014599
/media/storage2/Anuj/5th international anujj ones/medxpert/data/raw/Tuberculosis/tb_aug2139_Tuberculosis-300.png,1,Tuberculosis,1,Tuberculosis,0.000209481,0.9993204,0.00033929048,0.00013089474
/media/storage2/Anuj/5th international anujj ones/medxpert/data/raw/Tuberculosis/tb_aug2153_Tuberculosis-522.png,1,Tuberculosis,1,Tuberculosis,0.0003076199,0.99916446,0.0003831642,0.0001447619
/media/storage2/Anuj/5th international anujj ones/medxpert/data/raw/Tuberculosis/tb_aug2158_Tuberculosis-499.png,1,Tuberculosis,1,Tuberculosis,0.00019980686,0.9993093,0.00036418447,0.00012678049
/media/storage2/Anuj/5th international anujj ones/medxpert/data/raw/Tuberculosis/tb_aug2167_Tuberculosis-664.png,1,Tuberculosis,1,Tuberculosis,0.00022486992,0.99929714,0.000347885,0.0001300595
/media/storage2/Anuj/5th international anujj ones/medxpert/data/raw/Tuberculosis/tb_aug2168_Tuberculosis-574.png,1,Tuberculosis,1,Tuberculosis,0.00023158191,0.9993173,0.0003136804,0.00013751847
/media/storage2/Anuj/5th international anujj ones/medxpert/data/raw/Tuberculosis/tb_aug2169_Tuberculosis-125.png,1,Tuberculosis,1,Tuberculosis,0.00022943894,0.9993018,0.0003354852,0.00013328667
/media/storage2/Anuj/5th international anujj ones/medxpert/data/raw/Tuberculosis/tb_aug2177_Tuberculosis-426.png,1,Tuberculosis,1,Tuberculosis,0.00020200908,0.99930644,0.00036437484,0.00012715839
/media/storage2/Anuj/5th international anujj ones/medxpert/data/raw/Tuberculosis/tb_aug2180_Tuberculosis-560.png,1,Tuberculosis,1,Tuberculosis,0.00028297328,0.99919385,0.00038105625,0.00014211649
/media/storage2/Anuj/5th international anujj ones/medxpert/data/raw/Tuberculosis/tb_aug2184_Tuberculosis-180.png,1,Tuberculosis,1,Tuberculosis,0.0005018527,0.99897814,0.00032964154,0.00019042905
/media/storage2/Anuj/5th international anujj ones/medxpert/data/raw/Tuberculosis/tb_aug2185_Tuberculosis-653.png,1,Tuberculosis,1,Tuberculosis,0.0003078981,0.9991756,0.00037667892,0.00013978804
/media/storage2/Anuj/5th international anujj ones/medxpert/data/raw/Tuberculosis/tb_aug2195_Tuberculosis-215.png,1,Tuberculosis,1,Tuberculosis,0.00032576878,0.99917907,0.00034989658,0.00014517727
/media/storage2/Anuj/5th international anujj ones/medxpert/data/raw/Tuberculosis/tb_aug2201_Tuberculosis-495.png,1,Tuberculosis,1,Tuberculosis,0.0002209536,0.9993173,0.00032934645,0.000132386
/media/storage2/Anuj/5th international anujj ones/medxpert/data/raw/Tuberculosis/tb_aug2211_Tuberculosis-664.png,1,Tuberculosis,1,Tuberculosis,0.00022742926,0.9992913,0.00035129624,0.00012997653
/media/storage2/Anuj/5th international anujj ones/medxpert/data/raw/Tuberculosis/tb_aug2218_Tuberculosis-6.png,1,Tuberculosis,1,Tuberculosis,0.00045594605,0.99900407,0.0003683149,0.00017155355
/media/storage2/Anuj/5th international anujj ones/medxpert/data/raw/Tuberculosis/tb_aug2221_Tuberculosis-633.png,1,Tuberculosis,1,Tuberculosis,0.0002182896,0.9993093,0.00034207432,0.00013036333
/media/storage2/Anuj/5th international anujj ones/medxpert/data/raw/Tuberculosis/tb_aug2226_Tuberculosis-256.png,1,Tuberculosis,1,Tuberculosis,0.0002587274,0.999113,0.0004980063,0.00013028664
/media/storage2/Anuj/5th international anujj ones/medxpert/data/raw/Tuberculosis/tb_aug2227_Tuberculosis-666.png,1,Tuberculosis,1,Tuberculosis,0.0002745463,0.9992737,0.00030522008,0.00014653071
/media/storage2/Anuj/5th international anujj ones/medxpert/data/raw/Tuberculosis/tb_aug222_Tuberculosis-104.png,1,Tuberculosis,1,Tuberculosis,0.00025287186,0.9992225,0.00039481628,0.00012971534
/media/storage2/Anuj/5th international anujj ones/medxpert/data/raw/Tuberculosis/tb_aug2231_Tuberculosis-394.png,1,Tuberculosis,1,Tuberculosis,0.00020432155,0.99931896,0.0003465743,0.00013022592
/media/storage2/Anuj/5th international anujj ones/medxpert/data/raw/Tuberculosis/tb_aug2232_Tuberculosis-101.png,1,Tuberculosis,1,Tuberculosis,0.00027771195,0.999218,0.0003698314,0.0001344369
/media/storage2/Anuj/5th international anujj ones/medxpert/data/raw/Tuberculosis/tb_aug2237_Tuberculosis-195.png,1,Tuberculosis,1,Tuberculosis,0.00026186416,0.99922097,0.0003830706,0.00013413328
/media/storage2/Anuj/5th international anujj ones/medxpert/data/raw/Tuberculosis/tb_aug2239_Tuberculosis-74.png,1,Tuberculosis,1,Tuberculosis,0.00026639845,0.99924207,0.00035630682,0.00013529546
/media/storage2/Anuj/5th international anujj ones/medxpert/data/raw/Tuberculosis/tb_aug2241_Tuberculosis-336.png,1,Tuberculosis,1,Tuberculosis,0.00021643894,0.9993229,0.0003276478,0.00013303931
/media/storage2/Anuj/5th international anujj ones/medxpert/data/raw/Tuberculosis/tb_aug2253_Tuberculosis-391.png,1,Tuberculosis,1,Tuberculosis,0.00020311921,0.99929166,0.00038006916,0.00012509218
/media/storage2/Anuj/5th international anujj ones/medxpert/data/raw/Tuberculosis/tb_aug225_Tuberculosis-348.png,1,Tuberculosis,1,Tuberculosis,0.00021494846,0.999305,0.0003516773,0.00012845556
/media/storage2/Anuj/5th international anujj ones/medxpert/data/raw/Tuberculosis/tb_aug2266_Tuberculosis-387.png,1,Tuberculosis,1,Tuberculosis,0.00020720005,0.99932027,0.00034246012,0.00013006522
/media/storage2/Anuj/5th international anujj ones/medxpert/data/raw/Tuberculosis/tb_aug2274_Tuberculosis-312.png,1,Tuberculosis,1,Tuberculosis,0.00029124125,0.9992551,0.00030750674,0.00014615829
/media/storage2/Anuj/5th international anujj ones/medxpert/data/raw/Tuberculosis/tb_aug2278_Tuberculosis-236.png,1,Tuberculosis,1,Tuberculosis,0.00028026933,0.9992206,0.00035615516,0.00014290627
/media/storage2/Anuj/5th international anujj ones/medxpert/data/raw/Tuberculosis/tb_aug2286_Tuberculosis-527.png,1,Tuberculosis,1,Tuberculosis,0.00019811286,0.99931514,0.00035870008,0.00012802635
/media/storage2/Anuj/5th international anujj ones/medxpert/data/raw/Tuberculosis/tb_aug2294_Tuberculosis-236.png,1,Tuberculosis,1,Tuberculosis,0.00028026933,0.9992206,0.00035615516,0.00014290627
/media/storage2/Anuj/5th international anujj ones/medxpert/data/raw/Tuberculosis/tb_aug2299_Tuberculosis-123.png,1,Tuberculosis,1,Tuberculosis,0.00025333712,0.9992238,0.00039143657,0.00013138531
/media/storage2/Anuj/5th international anujj ones/medxpert/data/raw/Tuberculosis/tb_aug230_Tuberculosis-150.png,1,Tuberculosis,1,Tuberculosis,0.0002960597,0.9992279,0.00033418156,0.00014203081
/media/storage2/Anuj/5th international anujj ones/medxpert/data/raw/Tuberculosis/tb_aug234_Tuberculosis-334.png,1,Tuberculosis,1,Tuberculosis,0.00029441697,0.99913317,0.00043007577,0.00014229622
/media/storage2/Anuj/5th international anujj ones/medxpert/data/raw/Tuberculosis/tb_aug23_Tuberculosis-276.png,1,Tuberculosis,1,Tuberculosis,0.00020262292,0.9993144,0.00035439903,0.00012853667
/media/storage2/Anuj/5th international anujj ones/medxpert/data/raw/Tuberculosis/tb_aug244_Tuberculosis-656.png,1,Tuberculosis,1,Tuberculosis,0.00026802128,0.99927956,0.00030300114,0.00014940169
/media/storage2/Anuj/5th international anujj ones/medxpert/data/raw/Tuberculosis/tb_aug245_Tuberculosis-669.png,1,Tuberculosis,1,Tuberculosis,0.00020624662,0.9993135,0.00035146085,0.00012891884
/media/storage2/Anuj/5th international anujj ones/medxpert/data/raw/Tuberculosis/tb_aug251_Tuberculosis-268.png,1,Tuberculosis,1,Tuberculosis,0.00022722887,0.9993081,0.00033028802,0.00013435057
/media/storage2/Anuj/5th international anujj ones/medxpert/data/raw/Tuberculosis/tb_aug252_Tuberculosis-309.png,1,Tuberculosis,1,Tuberculosis,0.0003133863,0.9991642,0.00036741912,0.00015497244
/media/storage2/Anuj/5th international anujj ones/medxpert/data/raw/Tuberculosis/tb_aug254_Tuberculosis-598.png,1,Tuberculosis,1,Tuberculosis,0.00026173107,0.99927896,0.00031831668,0.00014109492
/media/storage2/Anuj/5th international anujj ones/medxpert/data/raw/Tuberculosis/tb_aug25_Tuberculosis-28.png,1,Tuberculosis,1,Tuberculosis,0.0003166134,0.9991685,0.00036981344,0.0001450971
/media/storage2/Anuj/5th international anujj ones/medxpert/data/raw/Tuberculosis/tb_aug268_Tuberculosis-519.png,1,Tuberculosis,1,Tuberculosis,0.0003561993,0.9991806,0.00029937836,0.00016383895
/media/storage2/Anuj/5th international anujj ones/medxpert/data/raw/Tuberculosis/tb_aug286_Tuberculosis-468.png,1,Tuberculosis,1,Tuberculosis,0.00020048617,0.999315,0.00035626246,0.00012821071
/media/storage2/Anuj/5th international anujj ones/medxpert/data/raw/Tuberculosis/tb_aug287_Tuberculosis-436.png,1,Tuberculosis,1,Tuberculosis,0.00020831366,0.99928457,0.0003793769,0.0001277456
/media/storage2/Anuj/5th international anujj ones/medxpert/data/raw/Tuberculosis/tb_aug28_Tuberculosis-539.png,1,Tuberculosis,1,Tuberculosis,0.0002548637,0.9992778,0.0003258867,0.00014155028
/media/storage2/Anuj/5th international anujj ones/medxpert/data/raw/Tuberculosis/tb_aug294_Tuberculosis-551.png,1,Tuberculosis,1,Tuberculosis,0.00027700182,0.99922,0.00036261705,0.0001404918
/media/storage2/Anuj/5th international anujj ones/medxpert/data/raw/Tuberculosis/tb_aug301_Tuberculosis-337.png,1,Tuberculosis,1,Tuberculosis,0.00026910022,0.9992392,0.0003542316,0.00013745016
/media/storage2/Anuj/5th international anujj ones/medxpert/data/raw/Tuberculosis/tb_aug307_Tuberculosis-514.png,1,Tuberculosis,1,Tuberculosis,0.00020816128,0.99932146,0.00033983044,0.00013056336
/media/storage2/Anuj/5th international anujj ones/medxpert/data/raw/Tuberculosis/tb_aug309_Tuberculosis-313.png,1,Tuberculosis,1,Tuberculosis,0.00022051555,0.99930215,0.0003452906,0.0001320044
/media/storage2/Anuj/5th international anujj ones/medxpert/data/raw/Tuberculosis/tb_aug321_Tuberculosis-494.png,1,Tuberculosis,1,Tuberculosis,0.00021341883,0.9993167,0.00033887982,0.00013092457
/media/storage2/Anuj/5th international anujj ones/medxpert/data/raw/Tuberculosis/tb_aug32_Tuberculosis-667.png,1,Tuberculosis,1,Tuberculosis,0.00025474158,0.9992822,0.00032675295,0.00013645233
/media/storage2/Anuj/5th international anujj ones/medxpert/data/raw/Tuberculosis/tb_aug333_Tuberculosis-85.png,1,Tuberculosis,1,Tuberculosis,0.00026259542,0.9992181,0.00038836666,0.00013094502
/media/storage2/Anuj/5th international anujj ones/medxpert/data/raw/Tuberculosis/tb_aug339_Tuberculosis-378.png,1,Tuberculosis,1,Tuberculosis,0.00021032807,0.999318,0.00034057503,0.00013102655
/media/storage2/Anuj/5th international anujj ones/medxpert/data/raw/Tuberculosis/tb_aug347_Tuberculosis-372.png,1,Tuberculosis,1,Tuberculosis,0.00020048492,0.9993031,0.00037027057,0.00012612091
/media/storage2/Anuj/5th international anujj ones/medxpert/data/raw/Tuberculosis/tb_aug355_Tuberculosis-266.png,1,Tuberculosis,1,Tuberculosis,0.00022475029,0.99930763,0.00033480895,0.0001327078
/media/storage2/Anuj/5th international anujj ones/medxpert/data/raw/Tuberculosis/tb_aug35_Tuberculosis-486.png,1,Tuberculosis,1,Tuberculosis,0.00027711774,0.9991893,0.00038868395,0.00014482431
/media/storage2/Anuj/5th international anujj ones/medxpert/data/raw/Tuberculosis/tb_aug360_Tuberculosis-256.png,1,Tuberculosis,1,Tuberculosis,0.0002491144,0.9992237,0.0003966925,0.00013059318
/media/storage2/Anuj/5th international anujj ones/medxpert/data/raw/Tuberculosis/tb_aug372_Tuberculosis-253.png,1,Tuberculosis,1,Tuberculosis,0.00020840255,0.9993154,0.00034584786,0.00013049212
/media/storage2/Anuj/5th international anujj ones/medxpert/data/raw/Tuberculosis/tb_aug374_Tuberculosis-393.png,1,Tuberculosis,1,Tuberculosis,0.00020288532,0.9993173,0.0003505323,0.00012937059
/media/storage2/Anuj/5th international anujj ones/medxpert/data/raw/Tuberculosis/tb_aug380_Tuberculosis-384.png,1,Tuberculosis,1,Tuberculosis,0.00020253088,0.9993112,0.00035902913,0.00012727498
/media/storage2/Anuj/5th international anujj ones/medxpert/data/raw/Tuberculosis/tb_aug382_Tuberculosis-456.png,1,Tuberculosis,1,Tuberculosis,0.00020732956,0.99930906,0.00035487124,0.00012872195
/media/storage2/Anuj/5th international anujj ones/medxpert/data/raw/Tuberculosis/tb_aug383_Tuberculosis-561.png,1,Tuberculosis,1,Tuberculosis,0.00026781758,0.99924207,0.0003481449,0.00014195417
/media/storage2/Anuj/5th international anujj ones/medxpert/data/raw/Tuberculosis/tb_aug387_Tuberculosis-129.png,1,Tuberculosis,1,Tuberculosis,0.00029114092,0.9991738,0.000399883,0.00013519799
/media/storage2/Anuj/5th international anujj ones/medxpert/data/raw/Tuberculosis/tb_aug391_Tuberculosis-8.png,1,Tuberculosis,1,Tuberculosis,0.0002736858,0.99918824,0.00040426716,0.00013382007
/media/storage2/Anuj/5th international anujj ones/medxpert/data/raw/Tuberculosis/tb_aug411_Tuberculosis-274.png,1,Tuberculosis,1,Tuberculosis,0.00020367187,0.99932134,0.00034424753,0.00013064618
/media/storage2/Anuj/5th international anujj ones/medxpert/data/raw/Tuberculosis/tb_aug412_Tuberculosis-577.png,1,Tuberculosis,1,Tuberculosis,0.0002912639,0.99921083,0.00035491612,0.00014294017
/media/storage2/Anuj/5th international anujj ones/medxpert/data/raw/Tuberculosis/tb_aug416_Tuberculosis-295.png,1,Tuberculosis,1,Tuberculosis,0.00020284479,0.99932075,0.00034731536,0.00012911738
/media/storage2/Anuj/5th international anujj ones/medxpert/data/raw/Tuberculosis/tb_aug420_Tuberculosis-523.png,1,Tuberculosis,1,Tuberculosis,0.00027733285,0.9992643,0.00029655598,0.00016178256
/media/storage2/Anuj/5th international anujj ones/medxpert/data/raw/Tuberculosis/tb_aug423_Tuberculosis-175.png,1,Tuberculosis,1,Tuberculosis,0.0003306569,0.9992125,0.0003064286,0.00015032476
/media/storage2/Anuj/5th international anujj ones/medxpert/data/raw/Tuberculosis/tb_aug428_Tuberculosis-307.png,1,Tuberculosis,1,Tuberculosis,0.00027248688,0.9992373,0.00035277067,0.00013735425
/media/storage2/Anuj/5th international anujj ones/medxpert/data/raw/Tuberculosis/tb_aug42_Tuberculosis-505.png,1,Tuberculosis,1,Tuberculosis,0.00019920096,0.9993042,0.00037037654,0.00012623343
/media/storage2/Anuj/5th international anujj ones/medxpert/data/raw/Tuberculosis/tb_aug431_Tuberculosis-615.png,1,Tuberculosis,1,Tuberculosis,0.00029025477,0.999084,0.0004885353,0.00013722922
/media/storage2/Anuj/5th international anujj ones/medxpert/data/raw/Tuberculosis/tb_aug432_Tuberculosis-195.png,1,Tuberculosis,1,Tuberculosis,0.00023891804,0.9993105,0.00031439017,0.00013611672
/media/storage2/Anuj/5th international anujj ones/medxpert/data/raw/Tuberculosis/tb_aug438_Tuberculosis-465.png,1,Tuberculosis,1,Tuberculosis,0.0002023159,0.99931264,0.0003564501,0.00012871197
/media/storage2/Anuj/5th international anujj ones/medxpert/data/raw/Tuberculosis/tb_aug458_Tuberculosis-571.png,1,Tuberculosis,1,Tuberculosis,0.00019875751,0.9993204,0.00034954894,0.00013135228
/media/storage2/Anuj/5th international anujj ones/medxpert/data/raw/Tuberculosis/tb_aug460_Tuberculosis-602.png,1,Tuberculosis,1,Tuberculosis,0.00020282906,0.9993099,0.00035962372,0.00012756427
/media/storage2/Anuj/5th international anujj ones/medxpert/data/raw/Tuberculosis/tb_aug461_Tuberculosis-638.png,1,Tuberculosis,1,Tuberculosis,0.0003202191,0.9991381,0.00036390388,0.00017767146
/media/storage2/Anuj/5th international anujj ones/medxpert/data/raw/Tuberculosis/tb_aug462_Tuberculosis-347.png,1,Tuberculosis,1,Tuberculosis,0.00021368949,0.99931,0.00034615796,0.00013013672
/media/storage2/Anuj/5th international anujj ones/medxpert/data/raw/Tuberculosis/tb_aug479_Tuberculosis-569.png,1,Tuberculosis,1,Tuberculosis,0.00019817718,0.9993098,0.00036484265,0.00012709941
/media/storage2/Anuj/5th international anujj ones/medxpert/data/raw/Tuberculosis/tb_aug482_Tuberculosis-215.png,1,Tuberculosis,1,Tuberculosis,0.0005418214,0.99894243,0.0003210948,0.00019467232
/media/storage2/Anuj/5th international anujj ones/medxpert/data/raw/Tuberculosis/tb_aug483_Tuberculosis-454.png,1,Tuberculosis,1,Tuberculosis,0.00020631327,0.9993161,0.000347558,0.00012991964
/media/storage2/Anuj/5th international anujj ones/medxpert/data/raw/Tuberculosis/tb_aug487_Tuberculosis-244.png,1,Tuberculosis,1,Tuberculosis,0.0002323487,0.99927753,0.00035557334,0.00013459295
/media/storage2/Anuj/5th international anujj ones/medxpert/data/raw/Tuberculosis/tb_aug489_Tuberculosis-577.png,1,Tuberculosis,1,Tuberculosis,0.0002730811,0.99923754,0.0003494881,0.00013981138
/media/storage2/Anuj/5th international anujj ones/medxpert/data/raw/Tuberculosis/tb_aug490_Tuberculosis-511.png,1,Tuberculosis,1,Tuberculosis,0.0002062047,0.9993229,0.0003404533,0.00013040414
/media/storage2/Anuj/5th international anujj ones/medxpert/data/raw/Tuberculosis/tb_aug492_Tuberculosis-110.png,1,Tuberculosis,1,Tuberculosis,0.00023969752,0.9992605,0.00037154972,0.0001283312
/media/storage2/Anuj/5th international anujj ones/medxpert/data/raw/Tuberculosis/tb_aug496_Tuberculosis-621.png,1,Tuberculosis,1,Tuberculosis,0.00020796254,0.9993075,0.0003568435,0.00012768531
/media/storage2/Anuj/5th international anujj ones/medxpert/data/raw/Tuberculosis/tb_aug499_Tuberculosis-617.png,1,Tuberculosis,1,Tuberculosis,0.00023860692,0.9993055,0.00031743536,0.00013839702
/media/storage2/Anuj/5th international anujj ones/medxpert/data/raw/Tuberculosis/tb_aug49_Tuberculosis-258.png,1,Tuberculosis,1,Tuberculosis,0.00020658488,0.99932337,0.0003396599,0.00013043193
/media/storage2/Anuj/5th international anujj ones/medxpert/data/raw/Tuberculosis/tb_aug501_Tuberculosis-467.png,1,Tuberculosis,1,Tuberculosis,0.00020031055,0.9993142,0.00035714702,0.00012841976
/media/storage2/Anuj/5th international anujj ones/medxpert/data/raw/Tuberculosis/tb_aug507_Tuberculosis-115.png,1,Tuberculosis,1,Tuberculosis,0.00024437238,0.9992392,0.0003869011,0.00012953689
/media/storage2/Anuj/5th international anujj ones/medxpert/data/raw/Tuberculosis/tb_aug522_Tuberculosis-613.png,1,Tuberculosis,1,Tuberculosis,0.00020197286,0.9993082,0.00036255017,0.00012728773
/media/storage2/Anuj/5th international anujj ones/medxpert/data/raw/Tuberculosis/tb_aug52_Tuberculosis-581.png,1,Tuberculosis,1,Tuberculosis,0.00020198402,0.9993197,0.000346697,0.00013159205
/media/storage2/Anuj/5th international anujj ones/medxpert/data/raw/Tuberculosis/tb_aug537_Tuberculosis-185.png,1,Tuberculosis,1,Tuberculosis,0.00020214388,0.99931455,0.00035472974,0.000128572
/media/storage2/Anuj/5th international anujj ones/medxpert/data/raw/Tuberculosis/tb_aug53_Tuberculosis-332.png,1,Tuberculosis,1,Tuberculosis,0.00020236739,0.9993162,0.0003529363,0.00012844156
/media/storage2/Anuj/5th international anujj ones/medxpert/data/raw/Tuberculosis/tb_aug540_Tuberculosis-626.png,1,Tuberculosis,1,Tuberculosis,0.00020367191,0.99931014,0.00035811318,0.00012802011
/media/storage2/Anuj/5th international anujj ones/medxpert/data/raw/Tuberculosis/tb_aug54_Tuberculosis-187.png,1,Tuberculosis,1,Tuberculosis,0.00026637528,0.99927527,0.00031352663,0.00014486897
/media/storage2/Anuj/5th international anujj ones/medxpert/data/raw/Tuberculosis/tb_aug550_Tuberculosis-671.png,1,Tuberculosis,1,Tuberculosis,0.0003935751,0.9991248,0.00032102023,0.00016069014
/media/storage2/Anuj/5th international anujj ones/medxpert/data/raw/Tuberculosis/tb_aug552_Tuberculosis-297.png,1,Tuberculosis,1,Tuberculosis,0.00020461503,0.99931824,0.0003478691,0.00012921201
/media/storage2/Anuj/5th international anujj ones/medxpert/data/raw/Tuberculosis/tb_aug555_Tuberculosis-134.png,1,Tuberculosis,1,Tuberculosis,0.00024876586,0.9992435,0.00037663354,0.00013118019
/media/storage2/Anuj/5th international anujj ones/medxpert/data/raw/Tuberculosis/tb_aug563_Tuberculosis-202.png,1,Tuberculosis,1,Tuberculosis,0.0002069204,0.9993087,0.00035636255,0.00012809246
/media/storage2/Anuj/5th international anujj ones/medxpert/data/raw/Tuberculosis/tb_aug564_Tuberculosis-298.png,1,Tuberculosis,1,Tuberculosis,0.00021335103,0.99931467,0.00034133674,0.00013063871
/media/storage2/Anuj/5th international anujj ones/medxpert/data/raw/Tuberculosis/tb_aug583_Tuberculosis-593.png,1,Tuberculosis,1,Tuberculosis,0.00023130074,0.99929655,0.00034002948,0.00013213806
/media/storage2/Anuj/5th international anujj ones/medxpert/data/raw/Tuberculosis/tb_aug586_Tuberculosis-74.png,1,Tuberculosis,1,Tuberculosis,0.0002517165,0.9992692,0.00034552856,0.00013356123
/media/storage2/Anuj/5th international anujj ones/medxpert/data/raw/Tuberculosis/tb_aug587_Tuberculosis-79.png,1,Tuberculosis,1,Tuberculosis,0.00028856526,0.99922943,0.00034006682,0.00014187752
/media/storage2/Anuj/5th international anujj ones/medxpert/data/raw/Tuberculosis/tb_aug589_Tuberculosis-645.png,1,Tuberculosis,1,Tuberculosis,0.00024091925,0.99931,0.00031175156,0.0001373319
/media/storage2/Anuj/5th international anujj ones/medxpert/data/raw/Tuberculosis/tb_aug594_Tuberculosis-254.png,1,Tuberculosis,1,Tuberculosis,0.00028715035,0.99919313,0.0003812921,0.0001384134
/media/storage2/Anuj/5th international anujj ones/medxpert/data/raw/Tuberculosis/tb_aug597_Tuberculosis-46.png,1,Tuberculosis,1,Tuberculosis,0.00025868017,0.9992336,0.00037559608,0.0001320865
/media/storage2/Anuj/5th international anujj ones/medxpert/data/raw/Tuberculosis/tb_aug606_Tuberculosis-473.png,1,Tuberculosis,1,Tuberculosis,0.0002596883,0.9992142,0.00039530254,0.00013083301
/media/storage2/Anuj/5th international anujj ones/medxpert/data/raw/Tuberculosis/tb_aug60_Tuberculosis-43.png,1,Tuberculosis,1,Tuberculosis,0.00034849477,0.9991679,0.00033398627,0.0001495729
/media/storage2/Anuj/5th international anujj ones/medxpert/data/raw/Tuberculosis/tb_aug611_Tuberculosis-549.png,1,Tuberculosis,1,Tuberculosis,0.0002159671,0.9993168,0.00033504041,0.00013219379
/media/storage2/Anuj/5th international anujj ones/medxpert/data/raw/Tuberculosis/tb_aug61_Tuberculosis-32.png,1,Tuberculosis,1,Tuberculosis,0.00029607042,0.9992373,0.0003205959,0.00014603235
/media/storage2/Anuj/5th international anujj ones/medxpert/data/raw/Tuberculosis/tb_aug622_Tuberculosis-411.png,1,Tuberculosis,1,Tuberculosis,0.00021237144,0.9992988,0.00036172342,0.00012706469
/media/storage2/Anuj/5th international anujj ones/medxpert/data/raw/Tuberculosis/tb_aug623_Tuberculosis-503.png,1,Tuberculosis,1,Tuberculosis,0.00026269283,0.99924564,0.00035619782,0.00013553098
/media/storage2/Anuj/5th international anujj ones/medxpert/data/raw/Tuberculosis/tb_aug629_Tuberculosis-203.png,1,Tuberculosis,1,Tuberculosis,0.00021768424,0.9993198,0.0003297895,0.0001328548
/media/storage2/Anuj/5th international anujj ones/medxpert/data/raw/Tuberculosis/tb_aug638_Tuberculosis-48.png,1,Tuberculosis,1,Tuberculosis,0.0003305758,0.9991436,0.00038200003,0.0001438945
/media/storage2/Anuj/5th international anujj ones/medxpert/data/raw/Tuberculosis/tb_aug645_Tuberculosis-402.png,1,Tuberculosis,1,Tuberculosis,0.00020691403,0.999318,0.00034469264,0.0001304529
/media/storage2/Anuj/5th international anujj ones/medxpert/data/raw/Tuberculosis/tb_aug646_Tuberculosis-681.png,1,Tuberculosis,1,Tuberculosis,0.00024356486,0.9992843,0.0003365708,0.00013550624
/media/storage2/Anuj/5th international anujj ones/medxpert/data/raw/Tuberculosis/tb_aug648_Tuberculosis-262.png,1,Tuberculosis,1,Tuberculosis,0.00021033992,0.9993181,0.00033907476,0.00013252784
/media/storage2/Anuj/5th international anujj ones/medxpert/data/raw/Tuberculosis/tb_aug649_Tuberculosis-453.png,1,Tuberculosis,1,Tuberculosis,0.00020390221,0.9993179,0.00034960872,0.00012855293
/media/storage2/Anuj/5th international anujj ones/medxpert/data/raw/Tuberculosis/tb_aug64_Tuberculosis-63.png,1,Tuberculosis,1,Tuberculosis,0.00036618774,0.9991351,0.00034510432,0.00015380917
/media/storage2/Anuj/5th international anujj ones/medxpert/data/raw/Tuberculosis/tb_aug660_Tuberculosis-145.png,1,Tuberculosis,1,Tuberculosis,0.0007119754,0.9986694,0.00039320308,0.00022552066
/media/storage2/Anuj/5th international anujj ones/medxpert/data/raw/Tuberculosis/tb_aug669_Tuberculosis-218.png,1,Tuberculosis,1,Tuberculosis,0.00021235606,0.9993161,0.0003405687,0.0001308923
/media/storage2/Anuj/5th international anujj ones/medxpert/data/raw/Tuberculosis/tb_aug672_Tuberculosis-156.png,1,Tuberculosis,1,Tuberculosis,0.00028461768,0.9991898,0.00039105347,0.00013462619
/media/storage2/Anuj/5th international anujj ones/medxpert/data/raw/Tuberculosis/tb_aug673_Tuberculosis-645.png,1,Tuberculosis,1,Tuberculosis,0.0006074443,0.9988709,0.0003032637,0.00021832579
/media/storage2/Anuj/5th international anujj ones/medxpert/data/raw/Tuberculosis/tb_aug679_Tuberculosis-344.png,1,Tuberculosis,1,Tuberculosis,0.00022294237,0.99932384,0.00031898465,0.00013427634
/media/storage2/Anuj/5th international anujj ones/medxpert/data/raw/Tuberculosis/tb_aug685_Tuberculosis-108.png,1,Tuberculosis,1,Tuberculosis,0.00022325109,0.99931717,0.0003254014,0.00013415949
/media/storage2/Anuj/5th international anujj ones/medxpert/data/raw/Tuberculosis/tb_aug688_Tuberculosis-107.png,1,Tuberculosis,1,Tuberculosis,0.00026869486,0.99915457,0.000444793,0.00013195898
/media/storage2/Anuj/5th international anujj ones/medxpert/data/raw/Tuberculosis/tb_aug692_Tuberculosis-203.png,1,Tuberculosis,1,Tuberculosis,0.0002701931,0.9992524,0.00033718187,0.00014019024
/media/storage2/Anuj/5th international anujj ones/medxpert/data/raw/Tuberculosis/tb_aug702_Tuberculosis-302.png,1,Tuberculosis,1,Tuberculosis,0.00024529686,0.9992005,0.0004250864,0.00012916452
/media/storage2/Anuj/5th international anujj ones/medxpert/data/raw/Tuberculosis/tb_aug705_Tuberculosis-633.png,1,Tuberculosis,1,Tuberculosis,0.00021742302,0.9993094,0.00034284676,0.00013033935
/media/storage2/Anuj/5th international anujj ones/medxpert/data/raw/Tuberculosis/tb_aug717_Tuberculosis-550.png,1,Tuberculosis,1,Tuberculosis,0.00021082893,0.9993162,0.00034238966,0.0001306024
/media/storage2/Anuj/5th international anujj ones/medxpert/data/raw/Tuberculosis/tb_aug719_Tuberculosis-687.png,1,Tuberculosis,1,Tuberculosis,0.0002199927,0.99931633,0.00033051788,0.00013313312
/media/storage2/Anuj/5th international anujj ones/medxpert/data/raw/Tuberculosis/tb_aug723_Tuberculosis-213.png,1,Tuberculosis,1,Tuberculosis,0.00031638736,0.9990821,0.00045875704,0.00014276184
/media/storage2/Anuj/5th international anujj ones/medxpert/data/raw/Tuberculosis/tb_aug724_Tuberculosis-140.png,1,Tuberculosis,1,Tuberculosis,0.0002757847,0.99916613,0.00042559832,0.00013262134
/media/storage2/Anuj/5th international anujj ones/medxpert/data/raw/Tuberculosis/tb_aug735_Tuberculosis-509.png,1,Tuberculosis,1,Tuberculosis,0.00020376843,0.99930143,0.0003685133,0.00012625342
/media/storage2/Anuj/5th international anujj ones/medxpert/data/raw/Tuberculosis/tb_aug737_Tuberculosis-326.png,1,Tuberculosis,1,Tuberculosis,0.0003526527,0.99916756,0.00032849665,0.00015123596
/media/storage2/Anuj/5th international anujj ones/medxpert/data/raw/Tuberculosis/tb_aug739_Tuberculosis-97.png,1,Tuberculosis,1,Tuberculosis,0.00026317194,0.9991787,0.00042808292,0.00013006775
/media/storage2/Anuj/5th international anujj ones/medxpert/data/raw/Tuberculosis/tb_aug743_Tuberculosis-299.png,1,Tuberculosis,1,Tuberculosis,0.00021641827,0.9993181,0.00033351514,0.00013190293
/media/storage2/Anuj/5th international anujj ones/medxpert/data/raw/Tuberculosis/tb_aug751_Tuberculosis-508.png,1,Tuberculosis,1,Tuberculosis,0.00020463194,0.99931204,0.00035506408,0.00012822099
/media/storage2/Anuj/5th international anujj ones/medxpert/data/raw/Tuberculosis/tb_aug756_Tuberculosis-113.png,1,Tuberculosis,1,Tuberculosis,0.000278329,0.99915826,0.00042948595,0.00013382868
/media/storage2/Anuj/5th international anujj ones/medxpert/data/raw/Tuberculosis/tb_aug757_Tuberculosis-363.png,1,Tuberculosis,1,Tuberculosis,0.0002025988,0.9993042,0.00036662314,0.0001265449
/media/storage2/Anuj/5th international anujj ones/medxpert/data/raw/Tuberculosis/tb_aug769_Tuberculosis-609.png,1,Tuberculosis,1,Tuberculosis,0.00020206776,0.9993155,0.00035418503,0.00012831182
/media/storage2/Anuj/5th international anujj ones/medxpert/data/raw/Tuberculosis/tb_aug781_Tuberculosis-380.png,1,Tuberculosis,1,Tuberculosis,0.00020536,0.9993055,0.0003617774,0.00012736874
/media/storage2/Anuj/5th international anujj ones/medxpert/data/raw/Tuberculosis/tb_aug788_Tuberculosis-181.png,1,Tuberculosis,1,Tuberculosis,0.00033645154,0.9991703,0.00034542778,0.00014784928
/media/storage2/Anuj/5th international anujj ones/medxpert/data/raw/Tuberculosis/tb_aug798_Tuberculosis-382.png,1,Tuberculosis,1,Tuberculosis,0.00021223785,0.99931526,0.00034257327,0.00012988459
/media/storage2/Anuj/5th international anujj ones/medxpert/data/raw/Tuberculosis/tb_aug804_Tuberculosis-97.png,1,Tuberculosis,1,Tuberculosis,0.00027229512,0.99918276,0.0004129082,0.00013195816
/media/storage2/Anuj/5th international anujj ones/medxpert/data/raw/Tuberculosis/tb_aug811_Tuberculosis-181.png,1,Tuberculosis,1,Tuberculosis,0.00031232994,0.9991866,0.000358708,0.00014230369
/media/storage2/Anuj/5th international anujj ones/medxpert/data/raw/Tuberculosis/tb_aug817_Tuberculosis-142.png,1,Tuberculosis,1,Tuberculosis,0.00028991053,0.99922276,0.00034791086,0.00013941826
/media/storage2/Anuj/5th international anujj ones/medxpert/data/raw/Tuberculosis/tb_aug820_Tuberculosis-505.png,1,Tuberculosis,1,Tuberculosis,0.00019901163,0.9993049,0.0003697645,0.0001262736
/media/storage2/Anuj/5th international anujj ones/medxpert/data/raw/Tuberculosis/tb_aug821_Tuberculosis-250.png,1,Tuberculosis,1,Tuberculosis,0.00027599913,0.99919873,0.00038850174,0.0001366906
/media/storage2/Anuj/5th international anujj ones/medxpert/data/raw/Tuberculosis/tb_aug824_Tuberculosis-205.png,1,Tuberculosis,1,Tuberculosis,0.00022905073,0.99932396,0.00031053784,0.00013638298
/media/storage2/Anuj/5th international anujj ones/medxpert/data/raw/Tuberculosis/tb_aug833_Tuberculosis-278.png,1,Tuberculosis,1,Tuberculosis,0.0004949589,0.9989592,0.00034531677,0.00020059453
/media/storage2/Anuj/5th international anujj ones/medxpert/data/raw/Tuberculosis/tb_aug834_Tuberculosis-424.png,1,Tuberculosis,1,Tuberculosis,0.00020336566,0.9993123,0.00035566118,0.00012863842
/media/storage2/Anuj/5th international anujj ones/medxpert/data/raw/Tuberculosis/tb_aug836_Tuberculosis-391.png,1,Tuberculosis,1,Tuberculosis,0.00020236042,0.999297,0.00037432218,0.00012632574
/media/storage2/Anuj/5th international anujj ones/medxpert/data/raw/Tuberculosis/tb_aug842_Tuberculosis-26.png,1,Tuberculosis,1,Tuberculosis,0.0026187047,0.9955273,0.0011952064,0.00065878977
/media/storage2/Anuj/5th international anujj ones/medxpert/data/raw/Tuberculosis/tb_aug861_Tuberculosis-127.png,1,Tuberculosis,1,Tuberculosis,0.00031234598,0.9991522,0.0003964546,0.00013895209
/media/storage2/Anuj/5th international anujj ones/medxpert/data/raw/Tuberculosis/tb_aug866_Tuberculosis-395.png,1,Tuberculosis,1,Tuberculosis,0.00020308832,0.9993199,0.0003479306,0.00012907147
/media/storage2/Anuj/5th international anujj ones/medxpert/data/raw/Tuberculosis/tb_aug870_Tuberculosis-632.png,1,Tuberculosis,1,Tuberculosis,0.00022968586,0.99929404,0.00034394735,0.00013236473
/media/storage2/Anuj/5th international anujj ones/medxpert/data/raw/Tuberculosis/tb_aug881_Tuberculosis-41.png,1,Tuberculosis,1,Tuberculosis,0.00028085586,0.9992255,0.00035714527,0.00013648847
/media/storage2/Anuj/5th international anujj ones/medxpert/data/raw/Tuberculosis/tb_aug887_Tuberculosis-210.png,1,Tuberculosis,1,Tuberculosis,0.00020235506,0.9993086,0.00036125103,0.00012787763
/media/storage2/Anuj/5th international anujj ones/medxpert/data/raw/Tuberculosis/tb_aug894_Tuberculosis-381.png,1,Tuberculosis,1,Tuberculosis,0.00020623463,0.9993117,0.00035410124,0.000128028
/media/storage2/Anuj/5th international anujj ones/medxpert/data/raw/Tuberculosis/tb_aug904_Tuberculosis-456.png,1,Tuberculosis,1,Tuberculosis,0.00020238226,0.9993113,0.0003583221,0.00012799425
/media/storage2/Anuj/5th international anujj ones/medxpert/data/raw/Tuberculosis/tb_aug905_Tuberculosis-285.png,1,Tuberculosis,1,Tuberculosis,0.00026607688,0.9992292,0.0003640539,0.0001406274
/media/storage2/Anuj/5th international anujj ones/medxpert/data/raw/Tuberculosis/tb_aug906_Tuberculosis-569.png,1,Tuberculosis,1,Tuberculosis,0.0001977283,0.999311,0.0003643157,0.00012701523
/media/storage2/Anuj/5th international anujj ones/medxpert/data/raw/Tuberculosis/tb_aug929_Tuberculosis-629.png,1,Tuberculosis,1,Tuberculosis,0.00030286604,0.99915206,0.000394901,0.00015016366
/media/storage2/Anuj/5th international anujj ones/medxpert/data/raw/Tuberculosis/tb_aug936_Tuberculosis-469.png,1,Tuberculosis,1,Tuberculosis,0.00020033939,0.99931407,0.0003571272,0.00012842524
/media/storage2/Anuj/5th international anujj ones/medxpert/data/raw/Tuberculosis/tb_aug941_Tuberculosis-113.png,1,Tuberculosis,1,Tuberculosis,0.00027818693,0.9991653,0.00042304894,0.00013340324
/media/storage2/Anuj/5th international anujj ones/medxpert/data/raw/Tuberculosis/tb_aug945_Tuberculosis-495.png,1,Tuberculosis,1,Tuberculosis,0.00021810445,0.99932003,0.00032946453,0.00013230974
/media/storage2/Anuj/5th international anujj ones/medxpert/data/raw/Tuberculosis/tb_aug949_Tuberculosis-24.png,1,Tuberculosis,1,Tuberculosis,0.000358294,0.9991285,0.0003618822,0.00015137291
/media/storage2/Anuj/5th international anujj ones/medxpert/data/raw/Tuberculosis/tb_aug953_Tuberculosis-381.png,1,Tuberculosis,1,Tuberculosis,0.00020629843,0.999311,0.00035489412,0.00012778003
/media/storage2/Anuj/5th international anujj ones/medxpert/data/raw/Tuberculosis/tb_aug955_Tuberculosis-511.png,1,Tuberculosis,1,Tuberculosis,0.00020328964,0.9993217,0.00034558677,0.0001295135
/media/storage2/Anuj/5th international anujj ones/medxpert/data/raw/Tuberculosis/tb_aug957_Tuberculosis-385.png,1,Tuberculosis,1,Tuberculosis,0.00020455066,0.9993057,0.0003630243,0.00012677182
/media/storage2/Anuj/5th international anujj ones/medxpert/data/raw/Tuberculosis/tb_aug959_Tuberculosis-408.png,1,Tuberculosis,1,Tuberculosis,0.00020128179,0.99930346,0.00036881692,0.00012643152
/media/storage2/Anuj/5th international anujj ones/medxpert/data/raw/Tuberculosis/tb_aug961_Tuberculosis-87.png,1,Tuberculosis,1,Tuberculosis,0.00027745374,0.9992204,0.0003667153,0.0001354862
/media/storage2/Anuj/5th international anujj ones/medxpert/data/raw/Tuberculosis/tb_aug969_Tuberculosis-559.png,1,Tuberculosis,1,Tuberculosis,0.00021954646,0.9993057,0.000344122,0.0001305247
/media/storage2/Anuj/5th international anujj ones/medxpert/data/raw/Tuberculosis/tb_aug970_Tuberculosis-516.png,1,Tuberculosis,1,Tuberculosis,0.00020831502,0.9993149,0.00034663384,0.00013008462
/media/storage2/Anuj/5th international anujj ones/medxpert/data/raw/Tuberculosis/tb_aug971_Tuberculosis-388.png,1,Tuberculosis,1,Tuberculosis,0.00020578748,0.9993155,0.00034955505,0.00012926897
/media/storage2/Anuj/5th international anujj ones/medxpert/data/raw/Tuberculosis/tb_aug979_Tuberculosis-471.png,1,Tuberculosis,1,Tuberculosis,0.00020504747,0.9993055,0.00036205715,0.00012747494
/media/storage2/Anuj/5th international anujj ones/medxpert/data/raw/Tuberculosis/tb_aug97_Tuberculosis-146.png,1,Tuberculosis,1,Tuberculosis,0.00025318144,0.99924433,0.00036993413,0.00013258896
/media/storage2/Anuj/5th international anujj ones/medxpert/data/raw/Tuberculosis/tb_aug981_Tuberculosis-154.png,1,Tuberculosis,1,Tuberculosis,0.00030308196,0.99919814,0.00035576455,0.0001430903
/media/storage2/Anuj/5th international anujj ones/medxpert/data/raw/Tuberculosis/tb_aug986_Tuberculosis-175.png,1,Tuberculosis,1,Tuberculosis,0.00026346627,0.9992236,0.0003808253,0.00013208405
/media/storage2/Anuj/5th international anujj ones/medxpert/data/raw/Tuberculosis/tb_aug989_Tuberculosis-401.png,1,Tuberculosis,1,Tuberculosis,0.00019759379,0.9993057,0.0003709915,0.00012570301
/media/storage2/Anuj/5th international anujj ones/medxpert/data/raw/Tuberculosis/tb_aug992_Tuberculosis-532.png,1,Tuberculosis,1,Tuberculosis,0.00020543628,0.99931455,0.0003509193,0.00012899535
/media/storage2/Anuj/5th international anujj ones/medxpert/data/raw/Tuberculosis/tb_orig_Tuberculosis-100.png,1,Tuberculosis,1,Tuberculosis,0.00025949144,0.9992168,0.00039328545,0.00013039616
/media/storage2/Anuj/5th international anujj ones/medxpert/data/raw/Tuberculosis/tb_orig_Tuberculosis-105.png,1,Tuberculosis,1,Tuberculosis,0.00028248434,0.9992306,0.0003489723,0.0001379939
/media/storage2/Anuj/5th international anujj ones/medxpert/data/raw/Tuberculosis/tb_orig_Tuberculosis-117.png,1,Tuberculosis,1,Tuberculosis,0.00025124973,0.99923193,0.00038649671,0.00013028872
/media/storage2/Anuj/5th international anujj ones/medxpert/data/raw/Tuberculosis/tb_orig_Tuberculosis-119.png,1,Tuberculosis,1,Tuberculosis,0.00029779243,0.9991744,0.00038852342,0.00013926084
/media/storage2/Anuj/5th international anujj ones/medxpert/data/raw/Tuberculosis/tb_orig_Tuberculosis-122.png,1,Tuberculosis,1,Tuberculosis,0.0012387866,0.99787426,0.0005430081,0.00034384773
/media/storage2/Anuj/5th international anujj ones/medxpert/data/raw/Tuberculosis/tb_orig_Tuberculosis-126.png,1,Tuberculosis,1,Tuberculosis,0.0002580503,0.9992372,0.00037074607,0.00013408352
/media/storage2/Anuj/5th international anujj ones/medxpert/data/raw/Tuberculosis/tb_orig_Tuberculosis-147.png,1,Tuberculosis,1,Tuberculosis,0.00032963848,0.9989926,0.0005292187,0.0001484501
/media/storage2/Anuj/5th international anujj ones/medxpert/data/raw/Tuberculosis/tb_orig_Tuberculosis-154.png,1,Tuberculosis,1,Tuberculosis,0.00030338916,0.999188,0.0003679886,0.00014067498
/media/storage2/Anuj/5th international anujj ones/medxpert/data/raw/Tuberculosis/tb_orig_Tuberculosis-16.png,1,Tuberculosis,1,Tuberculosis,0.00025345842,0.999243,0.00037232589,0.00013114398
/media/storage2/Anuj/5th international anujj ones/medxpert/data/raw/Tuberculosis/tb_orig_Tuberculosis-177.png,1,Tuberculosis,1,Tuberculosis,0.00033658213,0.99910957,0.0004077632,0.00014599782
/media/storage2/Anuj/5th international anujj ones/medxpert/data/raw/Tuberculosis/tb_orig_Tuberculosis-179.png,1,Tuberculosis,1,Tuberculosis,0.0004150725,0.999064,0.00035856979,0.00016237439
/media/storage2/Anuj/5th international anujj ones/medxpert/data/raw/Tuberculosis/tb_orig_Tuberculosis-191.png,1,Tuberculosis,1,Tuberculosis,0.00036013642,0.99894375,0.00054264325,0.00015346357
/media/storage2/Anuj/5th international anujj ones/medxpert/data/raw/Tuberculosis/tb_orig_Tuberculosis-198.png,1,Tuberculosis,1,Tuberculosis,0.00020636397,0.99931395,0.00035049705,0.00012929813
/media/storage2/Anuj/5th international anujj ones/medxpert/data/raw/Tuberculosis/tb_orig_Tuberculosis-20.png,1,Tuberculosis,1,Tuberculosis,0.00027363695,0.9992549,0.00033009722,0.00014135415
/media/storage2/Anuj/5th international anujj ones/medxpert/data/raw/Tuberculosis/tb_orig_Tuberculosis-206.png,1,Tuberculosis,1,Tuberculosis,0.00023089387,0.9993117,0.00031762358,0.00013986057
/media/storage2/Anuj/5th international anujj ones/medxpert/data/raw/Tuberculosis/tb_orig_Tuberculosis-208.png,1,Tuberculosis,1,Tuberculosis,0.00020153033,0.9993025,0.00036864006,0.00012727569
/media/storage2/Anuj/5th international anujj ones/medxpert/data/raw/Tuberculosis/tb_orig_Tuberculosis-209.png,1,Tuberculosis,1,Tuberculosis,0.00024518766,0.9992416,0.0003801505,0.00013320456
/media/storage2/Anuj/5th international anujj ones/medxpert/data/raw/Tuberculosis/tb_orig_Tuberculosis-212.png,1,Tuberculosis,1,Tuberculosis,0.00032420387,0.999178,0.00035258158,0.00014519553
/media/storage2/Anuj/5th international anujj ones/medxpert/data/raw/Tuberculosis/tb_orig_Tuberculosis-214.png,1,Tuberculosis,1,Tuberculosis,0.0002612614,0.99920803,0.0003987042,0.00013212356
/media/storage2/Anuj/5th international anujj ones/medxpert/data/raw/Tuberculosis/tb_orig_Tuberculosis-215.png,1,Tuberculosis,1,Tuberculosis,0.00029002366,0.99921525,0.00035642946,0.00013834612
/media/storage2/Anuj/5th international anujj ones/medxpert/data/raw/Tuberculosis/tb_orig_Tuberculosis-22.png,1,Tuberculosis,1,Tuberculosis,0.00037348247,0.9991271,0.00032527992,0.00017408638
/media/storage2/Anuj/5th international anujj ones/medxpert/data/raw/Tuberculosis/tb_orig_Tuberculosis-239.png,1,Tuberculosis,1,Tuberculosis,0.00020285956,0.9993019,0.00036866654,0.0001264616
/media/storage2/Anuj/5th international anujj ones/medxpert/data/raw/Tuberculosis/tb_orig_Tuberculosis-240.png,1,Tuberculosis,1,Tuberculosis,0.0002745796,0.9992262,0.00035981933,0.00013939216
/media/storage2/Anuj/5th international anujj ones/medxpert/data/raw/Tuberculosis/tb_orig_Tuberculosis-251.png,1,Tuberculosis,1,Tuberculosis,0.00033380117,0.99911326,0.00040529546,0.00014753999
/media/storage2/Anuj/5th international anujj ones/medxpert/data/raw/Tuberculosis/tb_orig_Tuberculosis-253.png,1,Tuberculosis,1,Tuberculosis,0.00025782472,0.9992581,0.0003491495,0.00013496127
/media/storage2/Anuj/5th international anujj ones/medxpert/data/raw/Tuberculosis/tb_orig_Tuberculosis-254.png,1,Tuberculosis,1,Tuberculosis,0.00027291485,0.9992293,0.0003619115,0.00013592654
/media/storage2/Anuj/5th international anujj ones/medxpert/data/raw/Tuberculosis/tb_orig_Tuberculosis-263.png,1,Tuberculosis,1,Tuberculosis,0.00027343608,0.9992576,0.00032666302,0.00014240776
/media/storage2/Anuj/5th international anujj ones/medxpert/data/raw/Tuberculosis/tb_orig_Tuberculosis-267.png,1,Tuberculosis,1,Tuberculosis,0.00020340209,0.9993149,0.00035320356,0.00012857535
/media/storage2/Anuj/5th international anujj ones/medxpert/data/raw/Tuberculosis/tb_orig_Tuberculosis-271.png,1,Tuberculosis,1,Tuberculosis,0.00020889248,0.9993204,0.00034035472,0.00013026995
/media/storage2/Anuj/5th international anujj ones/medxpert/data/raw/Tuberculosis/tb_orig_Tuberculosis-274.png,1,Tuberculosis,1,Tuberculosis,0.0002038983,0.9993243,0.000340546,0.00013116415
/media/storage2/Anuj/5th international anujj ones/medxpert/data/raw/Tuberculosis/tb_orig_Tuberculosis-275.png,1,Tuberculosis,1,Tuberculosis,0.00020944994,0.9993086,0.0003525132,0.0001294729
/media/storage2/Anuj/5th international anujj ones/medxpert/data/raw/Tuberculosis/tb_orig_Tuberculosis-278.png,1,Tuberculosis,1,Tuberculosis,0.00043751785,0.99898535,0.00040391687,0.00017320493
/media/storage2/Anuj/5th international anujj ones/medxpert/data/raw/Tuberculosis/tb_orig_Tuberculosis-284.png,1,Tuberculosis,1,Tuberculosis,0.00020331658,0.99932265,0.00034397643,0.00013008862
/media/storage2/Anuj/5th international anujj ones/medxpert/data/raw/Tuberculosis/tb_orig_Tuberculosis-286.png,1,Tuberculosis,1,Tuberculosis,0.0002939081,0.9992323,0.00032711547,0.00014677148
/media/storage2/Anuj/5th international anujj ones/medxpert/data/raw/Tuberculosis/tb_orig_Tuberculosis-287.png,1,Tuberculosis,1,Tuberculosis,0.00040351631,0.9990694,0.00035755205,0.00016953817
/media/storage2/Anuj/5th international anujj ones/medxpert/data/raw/Tuberculosis/tb_orig_Tuberculosis-293.png,1,Tuberculosis,1,Tuberculosis,0.000215732,0.99932146,0.00032998447,0.00013286882
/media/storage2/Anuj/5th international anujj ones/medxpert/data/raw/Tuberculosis/tb_orig_Tuberculosis-3.png,1,Tuberculosis,1,Tuberculosis,0.00019785445,0.999305,0.00037041743,0.00012669522
/media/storage2/Anuj/5th international anujj ones/medxpert/data/raw/Tuberculosis/tb_orig_Tuberculosis-304.png,1,Tuberculosis,1,Tuberculosis,0.00028060237,0.9991304,0.0004486267,0.00014032882
/media/storage2/Anuj/5th international anujj ones/medxpert/data/raw/Tuberculosis/tb_orig_Tuberculosis-312.png,1,Tuberculosis,1,Tuberculosis,0.0002597555,0.9992525,0.00035246703,0.00013522786
/media/storage2/Anuj/5th international anujj ones/medxpert/data/raw/Tuberculosis/tb_orig_Tuberculosis-316.png,1,Tuberculosis,1,Tuberculosis,0.00043729166,0.99871135,0.0006762895,0.00017507913
/media/storage2/Anuj/5th international anujj ones/medxpert/data/raw/Tuberculosis/tb_orig_Tuberculosis-321.png,1,Tuberculosis,1,Tuberculosis,0.00021072773,0.99931,0.00035019915,0.00012906158
/media/storage2/Anuj/5th international anujj ones/medxpert/data/raw/Tuberculosis/tb_orig_Tuberculosis-322.png,1,Tuberculosis,1,Tuberculosis,0.0033052482,0.99106735,0.0046503153,0.0009771199
/media/storage2/Anuj/5th international anujj ones/medxpert/data/raw/Tuberculosis/tb_orig_Tuberculosis-325.png,1,Tuberculosis,1,Tuberculosis,0.0002870067,0.9992316,0.00034222487,0.00013930227
/media/storage2/Anuj/5th international anujj ones/medxpert/data/raw/Tuberculosis/tb_orig_Tuberculosis-327.png,1,Tuberculosis,1,Tuberculosis,0.00024150763,0.999286,0.0003334627,0.00013914178
/media/storage2/Anuj/5th international anujj ones/medxpert/data/raw/Tuberculosis/tb_orig_Tuberculosis-331.png,1,Tuberculosis,1,Tuberculosis,0.00028543343,0.99923563,0.00033890223,0.00014008886
/media/storage2/Anuj/5th international anujj ones/medxpert/data/raw/Tuberculosis/tb_orig_Tuberculosis-335.png,1,Tuberculosis,1,Tuberculosis,0.000265004,0.99924576,0.0003543145,0.00013498754
/media/storage2/Anuj/5th international anujj ones/medxpert/data/raw/Tuberculosis/tb_orig_Tuberculosis-338.png,1,Tuberculosis,1,Tuberculosis,0.00025356293,0.99929464,0.00030333185,0.00014847756
/media/storage2/Anuj/5th international anujj ones/medxpert/data/raw/Tuberculosis/tb_orig_Tuberculosis-347.png,1,Tuberculosis,1,Tuberculosis,0.00021395148,0.99931085,0.00034499622,0.00013021965
/media/storage2/Anuj/5th international anujj ones/medxpert/data/raw/Tuberculosis/tb_orig_Tuberculosis-349.png,1,Tuberculosis,1,Tuberculosis,0.00020629869,0.9993026,0.0003638472,0.000127254
/media/storage2/Anuj/5th international anujj ones/medxpert/data/raw/Tuberculosis/tb_orig_Tuberculosis-363.png,1,Tuberculosis,1,Tuberculosis,0.00020250512,0.9993032,0.0003677786,0.00012646864
/media/storage2/Anuj/5th international anujj ones/medxpert/data/raw/Tuberculosis/tb_orig_Tuberculosis-364.png,1,Tuberculosis,1,Tuberculosis,0.00020315521,0.9993087,0.00036082187,0.00012740339
/media/storage2/Anuj/5th international anujj ones/medxpert/data/raw/Tuberculosis/tb_orig_Tuberculosis-369.png,1,Tuberculosis,1,Tuberculosis,0.00020612434,0.9993193,0.00034481756,0.0001297586
/media/storage2/Anuj/5th international anujj ones/medxpert/data/raw/Tuberculosis/tb_orig_Tuberculosis-371.png,1,Tuberculosis,1,Tuberculosis,0.0002061864,0.9993142,0.00035063722,0.00012905104
/media/storage2/Anuj/5th international anujj ones/medxpert/data/raw/Tuberculosis/tb_orig_Tuberculosis-377.png,1,Tuberculosis,1,Tuberculosis,0.00020106812,0.99930954,0.00036150607,0.00012777999
/media/storage2/Anuj/5th international anujj ones/medxpert/data/raw/Tuberculosis/tb_orig_Tuberculosis-38.png,1,Tuberculosis,1,Tuberculosis,0.00041785615,0.99844605,0.00096617825,0.00016985627
/media/storage2/Anuj/5th international anujj ones/medxpert/data/raw/Tuberculosis/tb_orig_Tuberculosis-385.png,1,Tuberculosis,1,Tuberculosis,0.00020185372,0.9993038,0.00036816357,0.00012614565
/media/storage2/Anuj/5th international anujj ones/medxpert/data/raw/Tuberculosis/tb_orig_Tuberculosis-389.png,1,Tuberculosis,1,Tuberculosis,0.00020363885,0.9993061,0.00036369116,0.00012666502
/media/storage2/Anuj/5th international anujj ones/medxpert/data/raw/Tuberculosis/tb_orig_Tuberculosis-39.png,1,Tuberculosis,1,Tuberculosis,0.00035289253,0.99892396,0.00057357113,0.00014959487
/media/storage2/Anuj/5th international anujj ones/medxpert/data/raw/Tuberculosis/tb_orig_Tuberculosis-395.png,1,Tuberculosis,1,Tuberculosis,0.00020427677,0.9993211,0.00034498607,0.00012963118
/media/storage2/Anuj/5th international anujj ones/medxpert/data/raw/Tuberculosis/tb_orig_Tuberculosis-397.png,1,Tuberculosis,1,Tuberculosis,0.00020663833,0.9993179,0.0003448904,0.00013057933
/media/storage2/Anuj/5th international anujj ones/medxpert/data/raw/Tuberculosis/tb_orig_Tuberculosis-415.png,1,Tuberculosis,1,Tuberculosis,0.00020691191,0.99931633,0.00034666347,0.00013010044
/media/storage2/Anuj/5th international anujj ones/medxpert/data/raw/Tuberculosis/tb_orig_Tuberculosis-434.png,1,Tuberculosis,1,Tuberculosis,0.0002051203,0.9993154,0.00034990904,0.0001295957
/media/storage2/Anuj/5th international anujj ones/medxpert/data/raw/Tuberculosis/tb_orig_Tuberculosis-445.png,1,Tuberculosis,1,Tuberculosis,0.00020624384,0.9993249,0.00033767216,0.00013118012
/media/storage2/Anuj/5th international anujj ones/medxpert/data/raw/Tuberculosis/tb_orig_Tuberculosis-448.png,1,Tuberculosis,1,Tuberculosis,0.00021648515,0.9993199,0.0003308221,0.00013281302
/media/storage2/Anuj/5th international anujj ones/medxpert/data/raw/Tuberculosis/tb_orig_Tuberculosis-449.png,1,Tuberculosis,1,Tuberculosis,0.00021409582,0.9993253,0.0003276242,0.00013310282
/media/storage2/Anuj/5th international anujj ones/medxpert/data/raw/Tuberculosis/tb_orig_Tuberculosis-451.png,1,Tuberculosis,1,Tuberculosis,0.00021334122,0.99932015,0.0003343906,0.00013205675
/media/storage2/Anuj/5th international anujj ones/medxpert/data/raw/Tuberculosis/tb_orig_Tuberculosis-452.png,1,Tuberculosis,1,Tuberculosis,0.00020355107,0.99931085,0.0003579966,0.00012761647
/media/storage2/Anuj/5th international anujj ones/medxpert/data/raw/Tuberculosis/tb_orig_Tuberculosis-454.png,1,Tuberculosis,1,Tuberculosis,0.00020468647,0.9993181,0.0003474745,0.00012973924
/media/storage2/Anuj/5th international anujj ones/medxpert/data/raw/Tuberculosis/tb_orig_Tuberculosis-469.png,1,Tuberculosis,1,Tuberculosis,0.0002007041,0.99931514,0.0003555257,0.00012860002
/media/storage2/Anuj/5th international anujj ones/medxpert/data/raw/Tuberculosis/tb_orig_Tuberculosis-477.png,1,Tuberculosis,1,Tuberculosis,0.00020024268,0.9993051,0.00036783083,0.00012671165
/media/storage2/Anuj/5th international anujj ones/medxpert/data/raw/Tuberculosis/tb_orig_Tuberculosis-488.png,1,Tuberculosis,1,Tuberculosis,0.00020619313,0.99932396,0.00033864658,0.00013115248
/media/storage2/Anuj/5th international anujj ones/medxpert/data/raw/Tuberculosis/tb_orig_Tuberculosis-495.png,1,Tuberculosis,1,Tuberculosis,0.00021810445,0.99932003,0.00032946453,0.00013230974
/media/storage2/Anuj/5th international anujj ones/medxpert/data/raw/Tuberculosis/tb_orig_Tuberculosis-503.png,1,Tuberculosis,1,Tuberculosis,0.0002648937,0.9992385,0.00036134713,0.00013525858
/media/storage2/Anuj/5th international anujj ones/medxpert/data/raw/Tuberculosis/tb_orig_Tuberculosis-504.png,1,Tuberculosis,1,Tuberculosis,0.00029051848,0.99925,0.00031391723,0.00014551012
/media/storage2/Anuj/5th international anujj ones/medxpert/data/raw/Tuberculosis/tb_orig_Tuberculosis-518.png,1,Tuberculosis,1,Tuberculosis,0.0002095053,0.9993124,0.00034863973,0.00012937144
/media/storage2/Anuj/5th international anujj ones/medxpert/data/raw/Tuberculosis/tb_orig_Tuberculosis-520.png,1,Tuberculosis,1,Tuberculosis,0.0002530737,0.99925834,0.00035439536,0.0001341172
/media/storage2/Anuj/5th international anujj ones/medxpert/data/raw/Tuberculosis/tb_orig_Tuberculosis-526.png,1,Tuberculosis,1,Tuberculosis,0.0002111567,0.9993199,0.0003377977,0.0001310313
/media/storage2/Anuj/5th international anujj ones/medxpert/data/raw/Tuberculosis/tb_orig_Tuberculosis-532.png,1,Tuberculosis,1,Tuberculosis,0.00020544435,0.9993148,0.00035066783,0.00012904165
/media/storage2/Anuj/5th international anujj ones/medxpert/data/raw/Tuberculosis/tb_orig_Tuberculosis-533.png,1,Tuberculosis,1,Tuberculosis,0.00021013114,0.99931777,0.0003419464,0.00013022624
/media/storage2/Anuj/5th international anujj ones/medxpert/data/raw/Tuberculosis/tb_orig_Tuberculosis-541.png,1,Tuberculosis,1,Tuberculosis,0.0004285428,0.99856323,0.0008226197,0.00018552197
/media/storage2/Anuj/5th international anujj ones/medxpert/data/raw/Tuberculosis/tb_orig_Tuberculosis-556.png,1,Tuberculosis,1,Tuberculosis,0.00020639658,0.99930215,0.0003545307,0.00013691756
/media/storage2/Anuj/5th international anujj ones/medxpert/data/raw/Tuberculosis/tb_orig_Tuberculosis-559.png,1,Tuberculosis,1,Tuberculosis,0.00032377135,0.99913436,0.00039659333,0.00014531398
/media/storage2/Anuj/5th international anujj ones/medxpert/data/raw/Tuberculosis/tb_orig_Tuberculosis-576.png,1,Tuberculosis,1,Tuberculosis,0.00024194691,0.9993007,0.00032037814,0.00013703194
/media/storage2/Anuj/5th international anujj ones/medxpert/data/raw/Tuberculosis/tb_orig_Tuberculosis-578.png,1,Tuberculosis,1,Tuberculosis,0.00022174834,0.99932003,0.00032325424,0.00013506749
/media/storage2/Anuj/5th international anujj ones/medxpert/data/raw/Tuberculosis/tb_orig_Tuberculosis-582.png,1,Tuberculosis,1,Tuberculosis,0.0002813184,0.99918026,0.0004006943,0.00013763749
/media/storage2/Anuj/5th international anujj ones/medxpert/data/raw/Tuberculosis/tb_orig_Tuberculosis-585.png,1,Tuberculosis,1,Tuberculosis,0.00020170042,0.9993137,0.000357177,0.00012748352
/media/storage2/Anuj/5th international anujj ones/medxpert/data/raw/Tuberculosis/tb_orig_Tuberculosis-587.png,1,Tuberculosis,1,Tuberculosis,0.00020856151,0.99931777,0.0003412339,0.00013244642
/media/storage2/Anuj/5th international anujj ones/medxpert/data/raw/Tuberculosis/tb_orig_Tuberculosis-588.png,1,Tuberculosis,1,Tuberculosis,0.00020692493,0.9993173,0.00034599414,0.00012990035
/media/storage2/Anuj/5th international anujj ones/medxpert/data/raw/Tuberculosis/tb_orig_Tuberculosis-594.png,1,Tuberculosis,1,Tuberculosis,0.00030223938,0.99920386,0.000347793,0.00014611956
/media/storage2/Anuj/5th international anujj ones/medxpert/data/raw/Tuberculosis/tb_orig_Tuberculosis-598.png,1,Tuberculosis,1,Tuberculosis,0.00026224914,0.99927956,0.00031620168,0.00014206619
/media/storage2/Anuj/5th international anujj ones/medxpert/data/raw/Tuberculosis/tb_orig_Tuberculosis-606.png,1,Tuberculosis,1,Tuberculosis,0.00020151898,0.9993063,0.0003643621,0.00012774035
/media/storage2/Anuj/5th international anujj ones/medxpert/data/raw/Tuberculosis/tb_orig_Tuberculosis-607.png,1,Tuberculosis,1,Tuberculosis,0.00020094671,0.99931395,0.0003572263,0.00012778201
/media/storage2/Anuj/5th international anujj ones/medxpert/data/raw/Tuberculosis/tb_orig_Tuberculosis-609.png,1,Tuberculosis,1,Tuberculosis,0.00020225949,0.9993179,0.00035093288,0.00012886482
/media/storage2/Anuj/5th international anujj ones/medxpert/data/raw/Tuberculosis/tb_orig_Tuberculosis-61.png,1,Tuberculosis,1,Tuberculosis,0.0002774312,0.9992279,0.00035872404,0.00013596847
/media/storage2/Anuj/5th international anujj ones/medxpert/data/raw/Tuberculosis/tb_orig_Tuberculosis-618.png,1,Tuberculosis,1,Tuberculosis,0.0002983473,0.9990754,0.00048658246,0.00013962896
/media/storage2/Anuj/5th international anujj ones/medxpert/data/raw/Tuberculosis/tb_orig_Tuberculosis-634.png,1,Tuberculosis,1,Tuberculosis,0.00021122163,0.99930406,0.00035698403,0.00012766637
/media/storage2/Anuj/5th international anujj ones/medxpert/data/raw/Tuberculosis/tb_orig_Tuberculosis-641.png,1,Tuberculosis,1,Tuberculosis,0.00028649962,0.999238,0.00033627308,0.00013928815
/media/storage2/Anuj/5th international anujj ones/medxpert/data/raw/Tuberculosis/tb_orig_Tuberculosis-646.png,1,Tuberculosis,1,Tuberculosis,0.00028856492,0.99923396,0.0003371181,0.00014027754
/media/storage2/Anuj/5th international anujj ones/medxpert/data/raw/Tuberculosis/tb_orig_Tuberculosis-65.png,1,Tuberculosis,1,Tuberculosis,0.00023736771,0.9992206,0.0004135323,0.00012838628
/media/storage2/Anuj/5th international anujj ones/medxpert/data/raw/Tuberculosis/tb_orig_Tuberculosis-658.png,1,Tuberculosis,1,Tuberculosis,0.00028080208,0.999161,0.00042168968,0.00013649878
/media/storage2/Anuj/5th international anujj ones/medxpert/data/raw/Tuberculosis/tb_orig_Tuberculosis-666.png,1,Tuberculosis,1,Tuberculosis,0.00027374455,0.9992512,0.00033423494,0.00014082294
/media/storage2/Anuj/5th international anujj ones/medxpert/data/raw/Tuberculosis/tb_orig_Tuberculosis-669.png,1,Tuberculosis,1,Tuberculosis,0.00020701179,0.99931157,0.00035253202,0.00012886844
/media/storage2/Anuj/5th international anujj ones/medxpert/data/raw/Tuberculosis/tb_orig_Tuberculosis-674.png,1,Tuberculosis,1,Tuberculosis,0.00035078858,0.9991491,0.00035133367,0.00014874247
/media/storage2/Anuj/5th international anujj ones/medxpert/data/raw/Tuberculosis/tb_orig_Tuberculosis-675.png,1,Tuberculosis,1,Tuberculosis,0.00035038797,0.9991592,0.00034086467,0.00014952994
/media/storage2/Anuj/5th international anujj ones/medxpert/data/raw/Tuberculosis/tb_orig_Tuberculosis-676.png,1,Tuberculosis,1,Tuberculosis,0.00022349182,0.9993038,0.00034182786,0.00013092728
/media/storage2/Anuj/5th international anujj ones/medxpert/data/raw/Tuberculosis/tb_orig_Tuberculosis-68.png,1,Tuberculosis,1,Tuberculosis,0.00027693526,0.99919623,0.00039332986,0.00013351887
/media/storage2/Anuj/5th international anujj ones/medxpert/data/raw/Tuberculosis/tb_orig_Tuberculosis-684.png,1,Tuberculosis,1,Tuberculosis,0.00021296945,0.99931467,0.00034224533,0.00013009079
/media/storage2/Anuj/5th international anujj ones/medxpert/data/raw/Tuberculosis/tb_orig_Tuberculosis-685.png,1,Tuberculosis,1,Tuberculosis,0.00020624665,0.9992993,0.0003677903,0.0001267624
/media/storage2/Anuj/5th international anujj ones/medxpert/data/raw/Tuberculosis/tb_orig_Tuberculosis-686.png,1,Tuberculosis,1,Tuberculosis,0.00022785772,0.99928325,0.0003592297,0.00012956398
/media/storage2/Anuj/5th international anujj ones/medxpert/data/raw/Tuberculosis/tb_orig_Tuberculosis-688.png,1,Tuberculosis,1,Tuberculosis,0.00027513434,0.99913615,0.0004452115,0.000143578
/media/storage2/Anuj/5th international anujj ones/medxpert/data/raw/Tuberculosis/tb_orig_Tuberculosis-74.png,1,Tuberculosis,1,Tuberculosis,0.00027071356,0.9992409,0.0003519542,0.00013637527
/media/storage2/Anuj/5th international anujj ones/medxpert/data/raw/Tuberculosis/tb_orig_Tuberculosis-79.png,1,Tuberculosis,1,Tuberculosis,0.00028308234,0.9992157,0.0003612962,0.00013989996
/media/storage2/Anuj/5th international anujj ones/medxpert/data/raw/Tuberculosis/tb_orig_Tuberculosis-85.png,1,Tuberculosis,1,Tuberculosis,0.00033931938,0.9991177,0.00039812294,0.00014487846
/media/storage2/Anuj/5th international anujj ones/medxpert/data/raw/Tuberculosis/tb_orig_Tuberculosis-92.png,1,Tuberculosis,1,Tuberculosis,0.0016819469,0.9971733,0.00070716237,0.0004375956
/media/storage2/Anuj/5th international anujj ones/medxpert/data/raw/COVID-19/covid_COVID-1007.png,2,COVID-19,2,COVID-19,0.0003720013,0.0008731067,0.9980444,0.00071047875
/media/storage2/Anuj/5th international anujj ones/medxpert/data/raw/COVID-19/covid_COVID-1008.png,2,COVID-19,2,COVID-19,0.00038118253,0.0010660031,0.99793005,0.00062273035
/media/storage2/Anuj/5th international anujj ones/medxpert/data/raw/COVID-19/covid_COVID-1012.png,2,COVID-19,2,COVID-19,0.0003664612,0.00085535244,0.99805295,0.00072532165
/media/storage2/Anuj/5th international anujj ones/medxpert/data/raw/COVID-19/covid_COVID-102.png,2,COVID-19,2,COVID-19,0.0004115005,0.0012325447,0.9977725,0.00058339396
/media/storage2/Anuj/5th international anujj ones/medxpert/data/raw/COVID-19/covid_COVID-1023.png,2,COVID-19,2,COVID-19,0.0011524525,0.00040865102,0.9923793,0.006059597
/media/storage2/Anuj/5th international anujj ones/medxpert/data/raw/COVID-19/covid_COVID-1031.png,2,COVID-19,2,COVID-19,0.00040188752,0.00076600956,0.9981225,0.0007095844
/media/storage2/Anuj/5th international anujj ones/medxpert/data/raw/COVID-19/covid_COVID-1040.png,2,COVID-19,2,COVID-19,0.00045988566,0.0006788073,0.9981567,0.00070448307
/media/storage2/Anuj/5th international anujj ones/medxpert/data/raw/COVID-19/covid_COVID-1054.png,2,COVID-19,2,COVID-19,0.0004806876,0.0007559547,0.99810934,0.0006540335
/media/storage2/Anuj/5th international anujj ones/medxpert/data/raw/COVID-19/covid_COVID-1056.png,2,COVID-19,2,COVID-19,0.0002917539,0.00079883565,0.99703264,0.0018767322
/media/storage2/Anuj/5th international anujj ones/medxpert/data/raw/COVID-19/covid_COVID-1057.png,2,COVID-19,2,COVID-19,0.00047210496,0.00092416914,0.9980028,0.00060092687
/media/storage2/Anuj/5th international anujj ones/medxpert/data/raw/COVID-19/covid_COVID-1064.png,2,COVID-19,2,COVID-19,0.00038049175,0.0007585587,0.9980715,0.00078943477
/media/storage2/Anuj/5th international anujj ones/medxpert/data/raw/COVID-19/covid_COVID-1072.png,2,COVID-19,2,COVID-19,0.0004415935,0.00077956065,0.9981342,0.0006446915
/media/storage2/Anuj/5th international anujj ones/medxpert/data/raw/COVID-19/covid_COVID-1082.png,2,COVID-19,2,COVID-19,0.00038467662,0.0009018103,0.99804085,0.00067265384
/media/storage2/Anuj/5th international anujj ones/medxpert/data/raw/COVID-19/covid_COVID-1084.png,2,COVID-19,2,COVID-19,0.00047804668,0.0006936066,0.9981501,0.00067825074
/media/storage2/Anuj/5th international anujj ones/medxpert/data/raw/COVID-19/covid_COVID-1086.png,2,COVID-19,2,COVID-19,0.0004303615,0.0010503522,0.9979341,0.00058516266
/media/storage2/Anuj/5th international anujj ones/medxpert/data/raw/COVID-19/covid_COVID-1087.png,2,COVID-19,2,COVID-19,0.00050196354,0.0008107255,0.9980773,0.0006100475
/media/storage2/Anuj/5th international anujj ones/medxpert/data/raw/COVID-19/covid_COVID-110.png,2,COVID-19,2,COVID-19,0.00049609074,0.0007012767,0.9981317,0.0006710056
/media/storage2/Anuj/5th international anujj ones/medxpert/data/raw/COVID-19/covid_COVID-111.png,2,COVID-19,2,COVID-19,0.00038143006,0.0008911226,0.99803346,0.0006939964
/media/storage2/Anuj/5th international anujj ones/medxpert/data/raw/COVID-19/covid_COVID-1116.png,2,COVID-19,2,COVID-19,0.0011765821,0.00065051747,0.9974183,0.00075463724
/media/storage2/Anuj/5th international anujj ones/medxpert/data/raw/COVID-19/covid_COVID-1119.png,2,COVID-19,2,COVID-19,0.00062971114,0.0006234313,0.9980482,0.00069865683
/media/storage2/Anuj/5th international anujj ones/medxpert/data/raw/COVID-19/covid_COVID-1122.png,2,COVID-19,2,COVID-19,0.00054777507,0.00071364024,0.9980869,0.0006516228
/media/storage2/Anuj/5th international anujj ones/medxpert/data/raw/COVID-19/covid_COVID-1123.png,2,COVID-19,2,COVID-19,0.00044542746,0.0007399004,0.99813473,0.00067984086
/media/storage2/Anuj/5th international anujj ones/medxpert/data/raw/COVID-19/covid_COVID-1126.png,2,COVID-19,2,COVID-19,0.0004914573,0.000676872,0.9981597,0.00067190116
/media/storage2/Anuj/5th international anujj ones/medxpert/data/raw/COVID-19/covid_COVID-113.png,2,COVID-19,2,COVID-19,0.0004077938,0.00084930344,0.99808455,0.00065835455
/media/storage2/Anuj/5th international anujj ones/medxpert/data/raw/COVID-19/covid_COVID-1131.png,2,COVID-19,2,COVID-19,0.0006329582,0.0006562178,0.9980034,0.0007073681
/media/storage2/Anuj/5th international anujj ones/medxpert/data/raw/COVID-19/covid_COVID-1133.png,2,COVID-19,2,COVID-19,0.117037565,0.124648064,0.7425248,0.015789552
/media/storage2/Anuj/5th international anujj ones/medxpert/data/raw/COVID-19/covid_COVID-1155.png,2,COVID-19,2,COVID-19,0.0014937879,0.000472858,0.9970426,0.0009908212
/media/storage2/Anuj/5th international anujj ones/medxpert/data/raw/COVID-19/covid_COVID-1156.png,2,COVID-19,2,COVID-19,0.0003541517,0.0009184801,0.99801874,0.00070864905
/media/storage2/Anuj/5th international anujj ones/medxpert/data/raw/COVID-19/covid_COVID-1162.png,2,COVID-19,2,COVID-19,0.00043632454,0.0008903422,0.9980394,0.00063395116
/media/storage2/Anuj/5th international anujj ones/medxpert/data/raw/COVID-19/covid_COVID-1168.png,2,COVID-19,2,COVID-19,0.00043241886,0.0008026953,0.99811053,0.00065431214
/media/storage2/Anuj/5th international anujj ones/medxpert/data/raw/COVID-19/covid_COVID-1171.png,2,COVID-19,2,COVID-19,0.00034197842,0.0008266676,0.9980149,0.00081643695
/media/storage2/Anuj/5th international anujj ones/medxpert/data/raw/COVID-19/covid_COVID-1177.png,2,COVID-19,2,COVID-19,0.0003835951,0.00090748345,0.99804676,0.0006621292
/media/storage2/Anuj/5th international anujj ones/medxpert/data/raw/COVID-19/covid_COVID-1182.png,2,COVID-19,2,COVID-19,0.00041619095,0.00069706386,0.99814713,0.0007396072
/media/storage2/Anuj/5th international anujj ones/medxpert/data/raw/COVID-19/covid_COVID-1206.png,2,COVID-19,2,COVID-19,0.0014025407,0.0005791035,0.9971731,0.00084528717
/media/storage2/Anuj/5th international anujj ones/medxpert/data/raw/COVID-19/covid_COVID-1216.png,2,COVID-19,2,COVID-19,0.0009978706,0.00062445714,0.9976514,0.0007262529
/media/storage2/Anuj/5th international anujj ones/medxpert/data/raw/COVID-19/covid_COVID-1219.png,2,COVID-19,2,COVID-19,0.0004043927,0.000802755,0.9981244,0.00066843705
/media/storage2/Anuj/5th international anujj ones/medxpert/data/raw/COVID-19/covid_COVID-122.png,2,COVID-19,2,COVID-19,0.00044700835,0.00080576685,0.99810237,0.00064494525
/media/storage2/Anuj/5th international anujj ones/medxpert/data/raw/COVID-19/covid_COVID-1221.png,2,COVID-19,2,COVID-19,0.0015361365,0.00045282135,0.9970806,0.0009304907
/media/storage2/Anuj/5th international anujj ones/medxpert/data/raw/COVID-19/covid_COVID-1226.png,2,COVID-19,2,COVID-19,0.0006455154,0.00050903833,0.9979673,0.0008780797
/media/storage2/Anuj/5th international anujj ones/medxpert/data/raw/COVID-19/covid_COVID-1229.png,2,COVID-19,2,COVID-19,0.0015049758,0.00090460124,0.9481311,0.04945924
/media/storage2/Anuj/5th international anujj ones/medxpert/data/raw/COVID-19/covid_COVID-1236.png,2,COVID-19,2,COVID-19,0.00059999345,0.00073226023,0.9980484,0.0006193076
/media/storage2/Anuj/5th international anujj ones/medxpert/data/raw/COVID-19/covid_COVID-1244.png,2,COVID-19,2,COVID-19,0.00035087985,0.0009806994,0.9979646,0.00070384087
/media/storage2/Anuj/5th international anujj ones/medxpert/data/raw/COVID-19/covid_COVID-1250.png,2,COVID-19,2,COVID-19,0.0007604727,0.00071318157,0.9978644,0.0006619343
/media/storage2/Anuj/5th international anujj ones/medxpert/data/raw/COVID-19/covid_COVID-1251.png,2,COVID-19,2,COVID-19,0.00038122688,0.0008804164,0.99805754,0.00068082183
/media/storage2/Anuj/5th international anujj ones/medxpert/data/raw/COVID-19/covid_COVID-1254.png,2,COVID-19,2,COVID-19,0.00035036396,0.0010929487,0.9978715,0.0006852337
/media/storage2/Anuj/5th international anujj ones/medxpert/data/raw/COVID-19/covid_COVID-1259.png,2,COVID-19,2,COVID-19,0.0004082638,0.00083967997,0.9980586,0.00069335534
/media/storage2/Anuj/5th international anujj ones/medxpert/data/raw/COVID-19/covid_COVID-1264.png,2,COVID-19,2,COVID-19,0.00046989188,0.00067612703,0.9981558,0.0006981889
/media/storage2/Anuj/5th international anujj ones/medxpert/data/raw/COVID-19/covid_COVID-1266.png,2,COVID-19,2,COVID-19,0.0006751624,0.00064379553,0.99802005,0.0006610001
/media/storage2/Anuj/5th international anujj ones/medxpert/data/raw/COVID-19/covid_COVID-1269.png,2,COVID-19,2,COVID-19,0.0005735086,0.0006683825,0.99809533,0.000662688
/media/storage2/Anuj/5th international anujj ones/medxpert/data/raw/COVID-19/covid_COVID-1271.png,2,COVID-19,2,COVID-19,0.0077299476,0.0011436362,0.98931867,0.0018077171
/media/storage2/Anuj/5th international anujj ones/medxpert/data/raw/COVID-19/covid_COVID-1279.png,2,COVID-19,2,COVID-19,0.0004188531,0.0006606354,0.9981231,0.00079749647
/media/storage2/Anuj/5th international anujj ones/medxpert/data/raw/COVID-19/covid_COVID-1283.png,2,COVID-19,2,COVID-19,0.00043154616,0.00083501585,0.9981026,0.0006308183
/media/storage2/Anuj/5th international anujj ones/medxpert/data/raw/COVID-19/covid_COVID-1289.png,2,COVID-19,2,COVID-19,0.07378694,0.0043218234,0.9098013,0.012090036
/media/storage2/Anuj/5th international anujj ones/medxpert/data/raw/COVID-19/covid_COVID-130.png,2,COVID-19,2,COVID-19,0.005284089,0.0005262813,0.9925783,0.0016113986
/media/storage2/Anuj/5th international anujj ones/medxpert/data/raw/COVID-19/covid_COVID-1303.png,2,COVID-19,2,COVID-19,0.00038601094,0.0008092249,0.99810934,0.00069541566
/media/storage2/Anuj/5th international anujj ones/medxpert/data/raw/COVID-19/covid_COVID-1317.png,2,COVID-19,2,COVID-19,0.0003772845,0.0009522463,0.9980204,0.0006501012
/media/storage2/Anuj/5th international anujj ones/medxpert/data/raw/COVID-19/covid_COVID-1332.png,2,COVID-19,2,COVID-19,0.0004184968,0.0007686811,0.9981304,0.00068245153
/media/storage2/Anuj/5th international anujj ones/medxpert/data/raw/COVID-19/covid_COVID-1334.png,2,COVID-19,2,COVID-19,0.000319058,0.0010209014,0.99784017,0.00081985386
/media/storage2/Anuj/5th international anujj ones/medxpert/data/raw/COVID-19/covid_COVID-1346.png,2,COVID-19,2,COVID-19,0.00041038307,0.00080212066,0.9981092,0.0006783463
/media/storage2/Anuj/5th international anujj ones/medxpert/data/raw/COVID-19/covid_COVID-1351.png,2,COVID-19,2,COVID-19,0.0004406977,0.00080915773,0.9981146,0.0006355735
/media/storage2/Anuj/5th international anujj ones/medxpert/data/raw/COVID-19/covid_COVID-1354.png,2,COVID-19,2,COVID-19,0.00040572253,0.0008396663,0.99809843,0.00065618294
/media/storage2/Anuj/5th international anujj ones/medxpert/data/raw/COVID-19/covid_COVID-1367.png,2,COVID-19,2,COVID-19,0.00038551612,0.0009447839,0.9979997,0.0006698729
/media/storage2/Anuj/5th international anujj ones/medxpert/data/raw/COVID-19/covid_COVID-1373.png,2,COVID-19,2,COVID-19,0.0003650017,0.0008715235,0.99804866,0.00071486074
/media/storage2/Anuj/5th international anujj ones/medxpert/data/raw/COVID-19/covid_COVID-1374.png,2,COVID-19,2,COVID-19,0.00040777613,0.0008857047,0.99807274,0.00063375355
/media/storage2/Anuj/5th international anujj ones/medxpert/data/raw/COVID-19/covid_COVID-1377.png,2,COVID-19,2,COVID-19,0.00037209046,0.0008396178,0.99807465,0.0007136724
/media/storage2/Anuj/5th international anujj ones/medxpert/data/raw/COVID-19/covid_COVID-1385.png,2,COVID-19,2,COVID-19,0.00035629162,0.0009308771,0.99800044,0.00071239367
/media/storage2/Anuj/5th international anujj ones/medxpert/data/raw/COVID-19/covid_COVID-139.png,2,COVID-19,2,COVID-19,0.00037759045,0.00086397195,0.9980622,0.0006962368
/media/storage2/Anuj/5th international anujj ones/medxpert/data/raw/COVID-19/covid_COVID-1401.png,2,COVID-19,2,COVID-19,0.0004436854,0.00071343087,0.9981509,0.00069193414
/media/storage2/Anuj/5th international anujj ones/medxpert/data/raw/COVID-19/covid_COVID-1423.png,2,COVID-19,2,COVID-19,0.0004286312,0.0007526232,0.9981432,0.00067547377
/media/storage2/Anuj/5th international anujj ones/medxpert/data/raw/COVID-19/covid_COVID-1434.png,2,COVID-19,2,COVID-19,0.00035641034,0.00094704377,0.99799514,0.000701455
/media/storage2/Anuj/5th international anujj ones/medxpert/data/raw/COVID-19/covid_COVID-144.png,2,COVID-19,2,COVID-19,0.00042632432,0.0009365184,0.9980117,0.00062539533
/media/storage2/Anuj/5th international anujj ones/medxpert/data/raw/COVID-19/covid_COVID-1445.png,2,COVID-19,2,COVID-19,0.00037855824,0.0007862107,0.9980433,0.00079186796
/media/storage2/Anuj/5th international anujj ones/medxpert/data/raw/COVID-19/covid_COVID-1446.png,2,COVID-19,2,COVID-19,0.00042673037,0.0007995833,0.9981213,0.00065239763
/media/storage2/Anuj/5th international anujj ones/medxpert/data/raw/COVID-19/covid_COVID-1452.png,2,COVID-19,2,COVID-19,0.00043483486,0.0007693888,0.99813074,0.00066499
/media/storage2/Anuj/5th international anujj ones/medxpert/data/raw/COVID-19/covid_COVID-1455.png,2,COVID-19,2,COVID-19,0.0004297129,0.0007304982,0.99815243,0.0006872843
/media/storage2/Anuj/5th international anujj ones/medxpert/data/raw/COVID-19/covid_COVID-1472.png,2,COVID-19,2,COVID-19,0.0009572146,0.0006324431,0.99768794,0.0007224194
/media/storage2/Anuj/5th international anujj ones/medxpert/data/raw/COVID-19/covid_COVID-148.png,2,COVID-19,2,COVID-19,0.0004200797,0.00079633767,0.9981172,0.0006664618
/media/storage2/Anuj/5th international anujj ones/medxpert/data/raw/COVID-19/covid_COVID-1492.png,2,COVID-19,2,COVID-19,0.000655677,0.0008852158,0.99781066,0.00064856175
/media/storage2/Anuj/5th international anujj ones/medxpert/data/raw/COVID-19/covid_COVID-1517.png,2,COVID-19,2,COVID-19,0.00044079023,0.00079343567,0.9981298,0.0006359546
/media/storage2/Anuj/5th international anujj ones/medxpert/data/raw/COVID-19/covid_COVID-1519.png,2,COVID-19,2,COVID-19,0.00039762442,0.00088477053,0.9980508,0.0006667179
/media/storage2/Anuj/5th international anujj ones/medxpert/data/raw/COVID-19/covid_COVID-1522.png,2,COVID-19,2,COVID-19,0.00046848538,0.0007702131,0.9981148,0.0006464235
/media/storage2/Anuj/5th international anujj ones/medxpert/data/raw/COVID-19/covid_COVID-1523.png,2,COVID-19,2,COVID-19,0.00036001872,0.0017935804,0.99716705,0.0006793826
/media/storage2/Anuj/5th international anujj ones/medxpert/data/raw/COVID-19/covid_COVID-1524.png,2,COVID-19,2,COVID-19,0.0003912111,0.0008980423,0.99805707,0.00065361767
/media/storage2/Anuj/5th international anujj ones/medxpert/data/raw/COVID-19/covid_COVID-1528.png,2,COVID-19,2,COVID-19,0.0004148056,0.0009466497,0.99801946,0.00061918655
/media/storage2/Anuj/5th international anujj ones/medxpert/data/raw/COVID-19/covid_COVID-1531.png,2,COVID-19,2,COVID-19,0.00041862004,0.0008239204,0.998083,0.0006744668
/media/storage2/Anuj/5th international anujj ones/medxpert/data/raw/COVID-19/covid_COVID-1542.png,2,COVID-19,2,COVID-19,0.00034490865,0.0008528618,0.998016,0.0007861154
/media/storage2/Anuj/5th international anujj ones/medxpert/data/raw/COVID-19/covid_COVID-1547.png,2,COVID-19,2,COVID-19,0.00038145806,0.0008302479,0.9980849,0.00070337334
/media/storage2/Anuj/5th international anujj ones/medxpert/data/raw/COVID-19/covid_COVID-1549.png,2,COVID-19,2,COVID-19,0.00048222955,0.0009070716,0.9979996,0.00061101717
/media/storage2/Anuj/5th international anujj ones/medxpert/data/raw/COVID-19/covid_COVID-155.png,2,COVID-19,2,COVID-19,0.00040705563,0.0010262149,0.99796957,0.0005970827
/media/storage2/Anuj/5th international anujj ones/medxpert/data/raw/COVID-19/covid_COVID-1557.png,2,COVID-19,2,COVID-19,0.00059622905,0.0012205442,0.99762446,0.00055888266
/media/storage2/Anuj/5th international anujj ones/medxpert/data/raw/COVID-19/covid_COVID-1566.png,2,COVID-19,2,COVID-19,0.00038669686,0.0015869968,0.99745566,0.0005706192
/media/storage2/Anuj/5th international anujj ones/medxpert/data/raw/COVID-19/covid_COVID-1571.png,2,COVID-19,2,COVID-19,0.0007448752,0.00055621786,0.997964,0.00073480955
/media/storage2/Anuj/5th international anujj ones/medxpert/data/raw/COVID-19/covid_COVID-1579.png,2,COVID-19,2,COVID-19,0.0012782288,0.0005714434,0.9973572,0.0007931747
/media/storage2/Anuj/5th international anujj ones/medxpert/data/raw/COVID-19/covid_COVID-1594.png,2,COVID-19,2,COVID-19,0.0006689057,0.00054571254,0.99801826,0.00076719717
/media/storage2/Anuj/5th international anujj ones/medxpert/data/raw/COVID-19/covid_COVID-1595.png,2,COVID-19,3,Pneumonia,0.0014807588,0.00065641064,0.0025761672,0.9952866
/media/storage2/Anuj/5th international anujj ones/medxpert/data/raw/COVID-19/covid_COVID-1600.png,2,COVID-19,2,COVID-19,0.00041959697,0.0008489647,0.99807894,0.00065246294
/media/storage2/Anuj/5th international anujj ones/medxpert/data/raw/COVID-19/covid_COVID-1621.png,2,COVID-19,2,COVID-19,0.00038998597,0.000782235,0.99808997,0.00073776714
/media/storage2/Anuj/5th international anujj ones/medxpert/data/raw/COVID-19/covid_COVID-1622.png,2,COVID-19,2,COVID-19,0.000400883,0.0008384953,0.99810517,0.0006554207
/media/storage2/Anuj/5th international anujj ones/medxpert/data/raw/COVID-19/covid_COVID-1627.png,2,COVID-19,2,COVID-19,0.00035626662,0.0007393045,0.9980361,0.00086843653
/media/storage2/Anuj/5th international anujj ones/medxpert/data/raw/COVID-19/covid_COVID-1638.png,2,COVID-19,2,COVID-19,0.0005396628,0.00093679305,0.99794465,0.00057892787
/media/storage2/Anuj/5th international anujj ones/medxpert/data/raw/COVID-19/covid_COVID-1641.png,2,COVID-19,2,COVID-19,0.00066868536,0.00072688947,0.99794644,0.00065805187
/media/storage2/Anuj/5th international anujj ones/medxpert/data/raw/COVID-19/covid_COVID-1656.png,2,COVID-19,2,COVID-19,0.00036614388,0.000860179,0.9980627,0.0007110094
/media/storage2/Anuj/5th international anujj ones/medxpert/data/raw/COVID-19/covid_COVID-1674.png,2,COVID-19,2,COVID-19,0.00033760196,0.0010611732,0.9978897,0.00071145344
/media/storage2/Anuj/5th international anujj ones/medxpert/data/raw/COVID-19/covid_COVID-1682.png,2,COVID-19,2,COVID-19,0.0003983183,0.00087863667,0.9980605,0.0006624696
/media/storage2/Anuj/5th international anujj ones/medxpert/data/raw/COVID-19/covid_COVID-170.png,2,COVID-19,2,COVID-19,0.00040485314,0.0007922654,0.99811625,0.00068660587
/media/storage2/Anuj/5th international anujj ones/medxpert/data/raw/COVID-19/covid_COVID-1714.png,2,COVID-19,2,COVID-19,0.0007123968,0.00079363753,0.9978617,0.00063220586
/media/storage2/Anuj/5th international anujj ones/medxpert/data/raw/COVID-19/covid_COVID-1715.png,2,COVID-19,2,COVID-19,0.00038749404,0.0009698911,0.9979956,0.0006470641
/media/storage2/Anuj/5th international anujj ones/medxpert/data/raw/COVID-19/covid_COVID-1732.png,2,COVID-19,2,COVID-19,0.00036094018,0.0009726203,0.99799323,0.00067326997
/media/storage2/Anuj/5th international anujj ones/medxpert/data/raw/COVID-19/covid_COVID-1761.png,2,COVID-19,2,COVID-19,0.00042275197,0.0010126145,0.997957,0.00060767937
/media/storage2/Anuj/5th international anujj ones/medxpert/data/raw/COVID-19/covid_COVID-1768.png,2,COVID-19,2,COVID-19,0.00041237104,0.00084307767,0.99809223,0.00065231486
/media/storage2/Anuj/5th international anujj ones/medxpert/data/raw/COVID-19/covid_COVID-1770.png,2,COVID-19,2,COVID-19,0.00033632372,0.00089178735,0.9979747,0.0007972015
/media/storage2/Anuj/5th international anujj ones/medxpert/data/raw/COVID-19/covid_COVID-1774.png,2,COVID-19,2,COVID-19,0.00038717652,0.0009031895,0.9980573,0.0006523287
/media/storage2/Anuj/5th international anujj ones/medxpert/data/raw/COVID-19/covid_COVID-1791.png,2,COVID-19,2,COVID-19,0.00044556355,0.00063565496,0.9981369,0.000781922
/media/storage2/Anuj/5th international anujj ones/medxpert/data/raw/COVID-19/covid_COVID-1793.png,2,COVID-19,2,COVID-19,0.0004662091,0.00071160326,0.99813986,0.00068221794
/media/storage2/Anuj/5th international anujj ones/medxpert/data/raw/COVID-19/covid_COVID-1799.png,2,COVID-19,2,COVID-19,0.00055679114,0.008076875,0.99043685,0.0009294267
/media/storage2/Anuj/5th international anujj ones/medxpert/data/raw/COVID-19/covid_COVID-180.png,2,COVID-19,2,COVID-19,0.00037329222,0.0008208882,0.9980915,0.0007142929
/media/storage2/Anuj/5th international anujj ones/medxpert/data/raw/COVID-19/covid_COVID-1803.png,2,COVID-19,2,COVID-19,0.00033964816,0.000935098,0.99793977,0.00078556
/media/storage2/Anuj/5th international anujj ones/medxpert/data/raw/COVID-19/covid_COVID-1805.png,2,COVID-19,2,COVID-19,0.00043515363,0.00075828907,0.9980684,0.0007381748
/media/storage2/Anuj/5th international anujj ones/medxpert/data/raw/COVID-19/covid_COVID-1812.png,2,COVID-19,2,COVID-19,0.0068839565,0.000237208,0.94993985,0.042938974
/media/storage2/Anuj/5th international anujj ones/medxpert/data/raw/COVID-19/covid_COVID-1819.png,2,COVID-19,2,COVID-19,0.0053652204,0.0002593909,0.986857,0.0075183664
/media/storage2/Anuj/5th international anujj ones/medxpert/data/raw/COVID-19/covid_COVID-1829.png,2,COVID-19,2,COVID-19,0.00063333946,0.00075260317,0.9979892,0.0006248625
/media/storage2/Anuj/5th international anujj ones/medxpert/data/raw/COVID-19/covid_COVID-1831.png,2,COVID-19,2,COVID-19,0.00044424154,0.0009715285,0.9979982,0.00058604835
/media/storage2/Anuj/5th international anujj ones/medxpert/data/raw/COVID-19/covid_COVID-1842.png,2,COVID-19,2,COVID-19,0.00045524645,0.0010839663,0.99789643,0.000564393
/media/storage2/Anuj/5th international anujj ones/medxpert/data/raw/COVID-19/covid_COVID-1847.png,2,COVID-19,2,COVID-19,0.00044397698,0.001145875,0.9978429,0.00056724355
/media/storage2/Anuj/5th international anujj ones/medxpert/data/raw/COVID-19/covid_COVID-1848.png,2,COVID-19,2,COVID-19,0.0008261827,0.0007887678,0.9977544,0.00063058716
/media/storage2/Anuj/5th international anujj ones/medxpert/data/raw/COVID-19/covid_COVID-1855.png,2,COVID-19,2,COVID-19,0.0004201885,0.0008246412,0.9981029,0.0006522904
/media/storage2/Anuj/5th international anujj ones/medxpert/data/raw/COVID-19/covid_COVID-1859.png,2,COVID-19,2,COVID-19,0.00028668338,0.0007426787,0.9966667,0.0023038448
/media/storage2/Anuj/5th international anujj ones/medxpert/data/raw/COVID-19/covid_COVID-187.png,2,COVID-19,2,COVID-19,0.00035617652,0.0012369448,0.9977704,0.0006364481
/media/storage2/Anuj/5th international anujj ones/medxpert/data/raw/COVID-19/covid_COVID-1871.png,2,COVID-19,2,COVID-19,0.00048252242,0.000768585,0.9981065,0.00064233824
/media/storage2/Anuj/5th international anujj ones/medxpert/data/raw/COVID-19/covid_COVID-1878.png,2,COVID-19,2,COVID-19,0.00048894546,0.00079146907,0.9980563,0.00066333637
/media/storage2/Anuj/5th international anujj ones/medxpert/data/raw/COVID-19/covid_COVID-1888.png,2,COVID-19,2,COVID-19,0.0009750155,0.0005708443,0.9977035,0.000750732
/media/storage2/Anuj/5th international anujj ones/medxpert/data/raw/COVID-19/covid_COVID-189.png,2,COVID-19,2,COVID-19,0.0003950912,0.00082858914,0.99810106,0.00067527127
/media/storage2/Anuj/5th international anujj ones/medxpert/data/raw/COVID-19/covid_COVID-1891.png,2,COVID-19,2,COVID-19,0.01476513,0.00034518854,0.97490215,0.009987443
/media/storage2/Anuj/5th international anujj ones/medxpert/data/raw/COVID-19/covid_COVID-1894.png,2,COVID-19,2,COVID-19,0.0003862732,0.0008810023,0.9980604,0.0006723592
/media/storage2/Anuj/5th international anujj ones/medxpert/data/raw/COVID-19/covid_COVID-1901.png,2,COVID-19,2,COVID-19,0.0004882143,0.0007003133,0.99814034,0.0006710796
/media/storage2/Anuj/5th international anujj ones/medxpert/data/raw/COVID-19/covid_COVID-1902.png,2,COVID-19,2,COVID-19,0.0006145877,0.0006302591,0.99808156,0.00067355693
/media/storage2/Anuj/5th international anujj ones/medxpert/data/raw/COVID-19/covid_COVID-1909.png,2,COVID-19,2,COVID-19,0.00038526522,0.00082630705,0.9980749,0.0007135093
/media/storage2/Anuj/5th international anujj ones/medxpert/data/raw/COVID-19/covid_COVID-1913.png,2,COVID-19,2,COVID-19,0.0003419063,0.0014073853,0.99750286,0.00074787525
/media/storage2/Anuj/5th international anujj ones/medxpert/data/raw/COVID-19/covid_COVID-1914.png,2,COVID-19,2,COVID-19,0.00062427286,0.0004984761,0.99782926,0.0010479443
/media/storage2/Anuj/5th international anujj ones/medxpert/data/raw/COVID-19/covid_COVID-192.png,2,COVID-19,2,COVID-19,0.00042142428,0.0007845498,0.99812704,0.0006670563
/media/storage2/Anuj/5th international anujj ones/medxpert/data/raw/COVID-19/covid_COVID-1925.png,2,COVID-19,2,COVID-19,0.00041012396,0.0008233515,0.99808466,0.00068190566
/media/storage2/Anuj/5th international anujj ones/medxpert/data/raw/COVID-19/covid_COVID-1926.png,2,COVID-19,2,COVID-19,0.00086965715,0.0006984313,0.9977598,0.0006720013
/media/storage2/Anuj/5th international anujj ones/medxpert/data/raw/COVID-19/covid_COVID-1930.png,2,COVID-19,2,COVID-19,0.0005844864,0.0006457814,0.9980835,0.0006863211
/media/storage2/Anuj/5th international anujj ones/medxpert/data/raw/COVID-19/covid_COVID-1933.png,2,COVID-19,2,COVID-19,0.0027876834,0.0005550739,0.9955545,0.0011027104
/media/storage2/Anuj/5th international anujj ones/medxpert/data/raw/COVID-19/covid_COVID-1935.png,2,COVID-19,2,COVID-19,0.0003671878,0.0010020981,0.99795485,0.00067581114
/media/storage2/Anuj/5th international anujj ones/medxpert/data/raw/COVID-19/covid_COVID-194.png,2,COVID-19,2,COVID-19,0.00039116078,0.0008291503,0.99807054,0.0007091442
/media/storage2/Anuj/5th international anujj ones/medxpert/data/raw/COVID-19/covid_COVID-1949.png,2,COVID-19,2,COVID-19,0.00055968825,0.0007988392,0.9980483,0.0005932374
/media/storage2/Anuj/5th international anujj ones/medxpert/data/raw/COVID-19/covid_COVID-1950.png,2,COVID-19,2,COVID-19,0.0005463739,0.00074701576,0.99808156,0.00062499696
/media/storage2/Anuj/5th international anujj ones/medxpert/data/raw/COVID-19/covid_COVID-1951.png,2,COVID-19,2,COVID-19,0.0005372345,0.00082540576,0.9980051,0.00063225575
/media/storage2/Anuj/5th international anujj ones/medxpert/data/raw/COVID-19/covid_COVID-1959.png,2,COVID-19,2,COVID-19,0.0004938745,0.00068135443,0.998075,0.00074973353
/media/storage2/Anuj/5th international anujj ones/medxpert/data/raw/COVID-19/covid_COVID-1972.png,2,COVID-19,2,COVID-19,0.00035685705,0.0006760574,0.997905,0.0010621198
/media/storage2/Anuj/5th international anujj ones/medxpert/data/raw/COVID-19/covid_COVID-1979.png,2,COVID-19,2,COVID-19,0.0004238293,0.0009694548,0.9979539,0.0006527531
/media/storage2/Anuj/5th international anujj ones/medxpert/data/raw/COVID-19/covid_COVID-1983.png,2,COVID-19,2,COVID-19,0.0006933505,0.0006823089,0.9979722,0.00065221894
/media/storage2/Anuj/5th international anujj ones/medxpert/data/raw/COVID-19/covid_COVID-1985.png,2,COVID-19,2,COVID-19,0.0004743209,0.00041619065,0.99664295,0.0024665936
/media/storage2/Anuj/5th international anujj ones/medxpert/data/raw/COVID-19/covid_COVID-1994.png,2,COVID-19,2,COVID-19,0.0008317526,0.0007238352,0.99777156,0.0006728878
/media/storage2/Anuj/5th international anujj ones/medxpert/data/raw/COVID-19/covid_COVID-1996.png,2,COVID-19,2,COVID-19,0.00048030211,0.0008454784,0.9980354,0.0006389104
/media/storage2/Anuj/5th international anujj ones/medxpert/data/raw/COVID-19/covid_COVID-2.png,2,COVID-19,2,COVID-19,0.00041026206,0.0009611076,0.9979881,0.0006405172
/media/storage2/Anuj/5th international anujj ones/medxpert/data/raw/COVID-19/covid_COVID-200.png,2,COVID-19,2,COVID-19,0.00037323247,0.0008522182,0.9980578,0.00071671937
/media/storage2/Anuj/5th international anujj ones/medxpert/data/raw/COVID-19/covid_COVID-2006.png,2,COVID-19,2,COVID-19,0.00039868694,0.0008191909,0.9980568,0.000725346
/media/storage2/Anuj/5th international anujj ones/medxpert/data/raw/COVID-19/covid_COVID-2008.png,2,COVID-19,2,COVID-19,0.00066802243,0.0005290647,0.99795496,0.00084799837
/media/storage2/Anuj/5th international anujj ones/medxpert/data/raw/COVID-19/covid_COVID-2022.png,2,COVID-19,2,COVID-19,0.0004072169,0.00075590576,0.99806696,0.00076988275
/media/storage2/Anuj/5th international anujj ones/medxpert/data/raw/COVID-19/covid_COVID-2032.png,2,COVID-19,2,COVID-19,0.0004109888,0.0007907038,0.9981007,0.0006975664
/media/storage2/Anuj/5th international anujj ones/medxpert/data/raw/COVID-19/covid_COVID-2033.png,2,COVID-19,2,COVID-19,0.00087262026,0.00064738514,0.9977805,0.000699508
/media/storage2/Anuj/5th international anujj ones/medxpert/data/raw/COVID-19/covid_COVID-2034.png,2,COVID-19,2,COVID-19,0.00051008555,0.00068475766,0.99803835,0.000766751
/media/storage2/Anuj/5th international anujj ones/medxpert/data/raw/COVID-19/covid_COVID-2036.png,2,COVID-19,2,COVID-19,0.000594598,0.0007131025,0.99803466,0.0006577424
/media/storage2/Anuj/5th international anujj ones/medxpert/data/raw/COVID-19/covid_COVID-2049.png,2,COVID-19,0,Normal,0.9910808,0.00052923936,0.0008833987,0.007506472
/media/storage2/Anuj/5th international anujj ones/medxpert/data/raw/COVID-19/covid_COVID-2073.png,2,COVID-19,2,COVID-19,0.00039374994,0.00089663797,0.9980427,0.00066685776
/media/storage2/Anuj/5th international anujj ones/medxpert/data/raw/COVID-19/covid_COVID-2078.png,2,COVID-19,2,COVID-19,0.00059962523,0.00066842046,0.998072,0.00065990206
/media/storage2/Anuj/5th international anujj ones/medxpert/data/raw/COVID-19/covid_COVID-2079.png,2,COVID-19,2,COVID-19,0.00035914613,0.0006777422,0.99793434,0.0010287345
/media/storage2/Anuj/5th international anujj ones/medxpert/data/raw/COVID-19/covid_COVID-2084.png,2,COVID-19,2,COVID-19,0.0004070651,0.00088956906,0.9980452,0.00065818767
/media/storage2/Anuj/5th international anujj ones/medxpert/data/raw/COVID-19/covid_COVID-2102.png,2,COVID-19,2,COVID-19,0.00047315808,0.00077032053,0.99812084,0.0006356485
/media/storage2/Anuj/5th international anujj ones/medxpert/data/raw/COVID-19/covid_COVID-2103.png,2,COVID-19,2,COVID-19,0.034364223,0.0048995926,0.9520835,0.008652647
/media/storage2/Anuj/5th international anujj ones/medxpert/data/raw/COVID-19/covid_COVID-2104.png,2,COVID-19,2,COVID-19,0.00046828637,0.0007553029,0.99808204,0.00069440063
/media/storage2/Anuj/5th international anujj ones/medxpert/data/raw/COVID-19/covid_COVID-2117.png,2,COVID-19,2,COVID-19,0.00041182747,0.00087188324,0.9980793,0.00063706294
/media/storage2/Anuj/5th international anujj ones/medxpert/data/raw/COVID-19/covid_COVID-2119.png,2,COVID-19,2,COVID-19,0.0011612497,0.00057815854,0.9974706,0.0007899895
/media/storage2/Anuj/5th international anujj ones/medxpert/data/raw/COVID-19/covid_COVID-2120.png,2,COVID-19,2,COVID-19,0.0003946044,0.0008462442,0.99808085,0.0006782989
/media/storage2/Anuj/5th international anujj ones/medxpert/data/raw/COVID-19/covid_COVID-2125.png,2,COVID-19,2,COVID-19,0.00045332572,0.0015665427,0.9974451,0.00053506496
/media/storage2/Anuj/5th international anujj ones/medxpert/data/raw/COVID-19/covid_COVID-2126.png,2,COVID-19,2,COVID-19,0.0005132548,0.00073336036,0.998111,0.00064234115
/media/storage2/Anuj/5th international anujj ones/medxpert/data/raw/COVID-19/covid_COVID-2127.png,2,COVID-19,2,COVID-19,0.00037609483,0.0007036808,0.9980008,0.0009194338
/media/storage2/Anuj/5th international anujj ones/medxpert/data/raw/COVID-19/covid_COVID-2128.png,2,COVID-19,2,COVID-19,0.0007198022,0.00072282547,0.9979108,0.0006465123
/media/storage2/Anuj/5th international anujj ones/medxpert/data/raw/COVID-19/covid_COVID-2134.png,2,COVID-19,2,COVID-19,0.00048599136,0.000659534,0.9981529,0.0007015572
/media/storage2/Anuj/5th international anujj ones/medxpert/data/raw/COVID-19/covid_COVID-2140.png,2,COVID-19,2,COVID-19,0.00044097786,0.00082712807,0.99806386,0.0006680982
/media/storage2/Anuj/5th international anujj ones/medxpert/data/raw/COVID-19/covid_COVID-2141.png,2,COVID-19,2,COVID-19,0.001189825,0.000581763,0.9974376,0.0007907831
/media/storage2/Anuj/5th international anujj ones/medxpert/data/raw/COVID-19/covid_COVID-2151.png,2,COVID-19,2,COVID-19,0.00038537025,0.000916233,0.9980357,0.0006626888
/media/storage2/Anuj/5th international anujj ones/medxpert/data/raw/COVID-19/covid_COVID-2158.png,2,COVID-19,2,COVID-19,0.0003317858,0.00095924264,0.9978399,0.000869059
/media/storage2/Anuj/5th international anujj ones/medxpert/data/raw/COVID-19/covid_COVID-2159.png,2,COVID-19,2,COVID-19,0.00032840893,0.0011682259,0.9977811,0.0007222147
/media/storage2/Anuj/5th international anujj ones/medxpert/data/raw/COVID-19/covid_COVID-2163.png,2,COVID-19,2,COVID-19,0.00050852756,0.0008030956,0.99807954,0.000608862
/media/storage2/Anuj/5th international anujj ones/medxpert/data/raw/COVID-19/covid_COVID-2172.png,2,COVID-19,2,COVID-19,0.00043238993,0.0008006144,0.998097,0.0006699452
/media/storage2/Anuj/5th international anujj ones/medxpert/data/raw/COVID-19/covid_COVID-2178.png,2,COVID-19,2,COVID-19,0.00042244032,0.00083357026,0.9980884,0.0006555403
/media/storage2/Anuj/5th international anujj ones/medxpert/data/raw/COVID-19/covid_COVID-2181.png,2,COVID-19,2,COVID-19,0.0009154252,0.00070806406,0.9976895,0.0006870604
/media/storage2/Anuj/5th international anujj ones/medxpert/data/raw/COVID-19/covid_COVID-2191.png,2,COVID-19,2,COVID-19,0.00056683354,0.0007062657,0.99803585,0.0006910534
/media/storage2/Anuj/5th international anujj ones/medxpert/data/raw/COVID-19/covid_COVID-2192.png,2,COVID-19,2,COVID-19,0.00040064994,0.00085331814,0.9980749,0.00067119783
/media/storage2/Anuj/5th international anujj ones/medxpert/data/raw/COVID-19/covid_COVID-2207.png,2,COVID-19,2,COVID-19,0.0004555625,0.0010326611,0.99781585,0.0006960135
/media/storage2/Anuj/5th international anujj ones/medxpert/data/raw/COVID-19/covid_COVID-2209.png,2,COVID-19,2,COVID-19,0.00046259223,0.0009087866,0.9980227,0.0006059696
/media/storage2/Anuj/5th international anujj ones/medxpert/data/raw/COVID-19/covid_COVID-2220.png,2,COVID-19,2,COVID-19,0.00042725302,0.0009821993,0.9979771,0.00061354344
/media/storage2/Anuj/5th international anujj ones/medxpert/data/raw/COVID-19/covid_COVID-223.png,2,COVID-19,2,COVID-19,0.0003875683,0.0008345454,0.9980698,0.0007080509
/media/storage2/Anuj/5th international anujj ones/medxpert/data/raw/COVID-19/covid_COVID-2238.png,2,COVID-19,2,COVID-19,0.00081932393,0.00069025083,0.9978241,0.000666342
/media/storage2/Anuj/5th international anujj ones/medxpert/data/raw/COVID-19/covid_COVID-2244.png,2,COVID-19,2,COVID-19,0.0004564674,0.00081890577,0.9981026,0.00062209
/media/storage2/Anuj/5th international anujj ones/medxpert/data/raw/COVID-19/covid_COVID-2248.png,2,COVID-19,2,COVID-19,0.00037274818,0.0008646961,0.99803454,0.0007279728
/media/storage2/Anuj/5th international anujj ones/medxpert/data/raw/COVID-19/covid_COVID-2250.png,2,COVID-19,2,COVID-19,0.0019868987,0.00054542796,0.99648726,0.0009803437
/media/storage2/Anuj/5th international anujj ones/medxpert/data/raw/COVID-19/covid_COVID-2281.png,2,COVID-19,2,COVID-19,0.00044632994,0.00071970164,0.99812263,0.0007113447
/media/storage2/Anuj/5th international anujj ones/medxpert/data/raw/COVID-19/covid_COVID-229.png,2,COVID-19,2,COVID-19,0.0004126535,0.00089196593,0.9980732,0.00062213023
/media/storage2/Anuj/5th international anujj ones/medxpert/data/raw/COVID-19/covid_COVID-2294.png,2,COVID-19,2,COVID-19,0.00063542783,0.0006753439,0.9980209,0.00066844193
/media/storage2/Anuj/5th international anujj ones/medxpert/data/raw/COVID-19/covid_COVID-2302.png,2,COVID-19,2,COVID-19,0.00041657555,0.000832093,0.99809235,0.0006589596
/media/storage2/Anuj/5th international anujj ones/medxpert/data/raw/COVID-19/covid_COVID-2313.png,2,COVID-19,2,COVID-19,0.0006659715,0.00069997075,0.9979771,0.0006568883
/media/storage2/Anuj/5th international anujj ones/medxpert/data/raw/COVID-19/covid_COVID-2320.png,2,COVID-19,2,COVID-19,0.0004907012,0.0008093782,0.9980501,0.0006498397
/media/storage2/Anuj/5th international anujj ones/medxpert/data/raw/COVID-19/covid_COVID-2326.png,2,COVID-19,2,COVID-19,0.0012104234,0.0005220593,0.9974649,0.0008026374
/media/storage2/Anuj/5th international anujj ones/medxpert/data/raw/COVID-19/covid_COVID-2346.png,2,COVID-19,2,COVID-19,0.00039684383,0.0011256826,0.9978333,0.0006441589
/media/storage2/Anuj/5th international anujj ones/medxpert/data/raw/COVID-19/covid_COVID-2348.png,2,COVID-19,2,COVID-19,0.00039325058,0.0012858836,0.99771667,0.00060421065
/media/storage2/Anuj/5th international anujj ones/medxpert/data/raw/COVID-19/covid_COVID-2357.png,2,COVID-19,2,COVID-19,0.00038370662,0.0008714748,0.99805427,0.0006905395
/media/storage2/Anuj/5th international anujj ones/medxpert/data/raw/COVID-19/covid_COVID-2361.png,2,COVID-19,2,COVID-19,0.00037968633,0.0010391041,0.99792874,0.0006525076
/media/storage2/Anuj/5th international anujj ones/medxpert/data/raw/COVID-19/covid_COVID-2372.png,2,COVID-19,2,COVID-19,0.0006403842,0.0006581065,0.9980198,0.00068165985
/media/storage2/Anuj/5th international anujj ones/medxpert/data/raw/COVID-19/covid_COVID-2376.png,2,COVID-19,2,COVID-19,0.00047149393,0.00051291933,0.99783343,0.0011821537
/media/storage2/Anuj/5th international anujj ones/medxpert/data/raw/COVID-19/covid_COVID-239.png,2,COVID-19,2,COVID-19,0.00038871908,0.0008025953,0.99811053,0.0006981443
/media/storage2/Anuj/5th international anujj ones/medxpert/data/raw/COVID-19/covid_COVID-2391.png,2,COVID-19,2,COVID-19,0.0014989551,0.00049711834,0.9970811,0.0009228323
/media/storage2/Anuj/5th international anujj ones/medxpert/data/raw/COVID-19/covid_COVID-2394.png,2,COVID-19,2,COVID-19,0.00035432295,0.0011009641,0.9978497,0.0006950501
/media/storage2/Anuj/5th international anujj ones/medxpert/data/raw/COVID-19/covid_COVID-240.png,2,COVID-19,2,COVID-19,0.001065534,0.00078407064,0.99746025,0.00069018744
/media/storage2/Anuj/5th international anujj ones/medxpert/data/raw/COVID-19/covid_COVID-2400.png,2,COVID-19,2,COVID-19,0.00042385282,0.00095315237,0.9980107,0.00061229675
/media/storage2/Anuj/5th international anujj ones/medxpert/data/raw/COVID-19/covid_COVID-2409.png,2,COVID-19,2,COVID-19,0.0007803483,0.0006870015,0.9978661,0.000666625
/media/storage2/Anuj/5th international anujj ones/medxpert/data/raw/COVID-19/covid_COVID-2419.png,2,COVID-19,2,COVID-19,0.00044145144,0.00081851135,0.9980934,0.00064652145
/media/storage2/Anuj/5th international anujj ones/medxpert/data/raw/COVID-19/covid_COVID-2435.png,2,COVID-19,2,COVID-19,0.00067305483,0.0007515418,0.9979493,0.0006261185
/media/storage2/Anuj/5th international anujj ones/medxpert/data/raw/COVID-19/covid_COVID-2437.png,2,COVID-19,2,COVID-19,0.00079448073,0.00062076596,0.9979158,0.00066895405
/media/storage2/Anuj/5th international anujj ones/medxpert/data/raw/COVID-19/covid_COVID-244.png,2,COVID-19,2,COVID-19,0.00031733283,0.00092316186,0.9977477,0.0010117114
/media/storage2/Anuj/5th international anujj ones/medxpert/data/raw/COVID-19/covid_COVID-2440.png,2,COVID-19,2,COVID-19,0.0006586194,0.0007200417,0.9979849,0.0006365227
/media/storage2/Anuj/5th international anujj ones/medxpert/data/raw/COVID-19/covid_COVID-2452.png,2,COVID-19,2,COVID-19,0.00058381417,0.0007738865,0.9980161,0.00062616076
/media/storage2/Anuj/5th international anujj ones/medxpert/data/raw/COVID-19/covid_COVID-2463.png,2,COVID-19,2,COVID-19,0.00035508804,0.0008301498,0.9980051,0.00080969837
/media/storage2/Anuj/5th international anujj ones/medxpert/data/raw/COVID-19/covid_COVID-2466.png,2,COVID-19,2,COVID-19,0.00046348228,0.0009491597,0.9980028,0.0005845311
/media/storage2/Anuj/5th international anujj ones/medxpert/data/raw/COVID-19/covid_COVID-2467.png,2,COVID-19,2,COVID-19,0.00036865077,0.0007978143,0.9980667,0.0007668448
/media/storage2/Anuj/5th international anujj ones/medxpert/data/raw/COVID-19/covid_COVID-2473.png,2,COVID-19,2,COVID-19,0.0003638733,0.0008262618,0.99805945,0.0007503542
/media/storage2/Anuj/5th international anujj ones/medxpert/data/raw/COVID-19/covid_COVID-2483.png,2,COVID-19,2,COVID-19,0.00053489575,0.000930038,0.9979874,0.0005475789
/media/storage2/Anuj/5th international anujj ones/medxpert/data/raw/COVID-19/covid_COVID-2493.png,2,COVID-19,2,COVID-19,0.000398504,0.00092626765,0.99801266,0.000662609
/media/storage2/Anuj/5th international anujj ones/medxpert/data/raw/COVID-19/covid_COVID-2511.png,2,COVID-19,2,COVID-19,0.075957224,0.004282599,0.9052888,0.014471358
/media/storage2/Anuj/5th international anujj ones/medxpert/data/raw/COVID-19/covid_COVID-2519.png,2,COVID-19,2,COVID-19,0.00037954331,0.0010377326,0.99789304,0.000689683
/media/storage2/Anuj/5th international anujj ones/medxpert/data/raw/COVID-19/covid_COVID-2522.png,2,COVID-19,2,COVID-19,0.0005127849,0.0008133954,0.9980572,0.00061663013
/media/storage2/Anuj/5th international anujj ones/medxpert/data/raw/COVID-19/covid_COVID-2527.png,2,COVID-19,2,COVID-19,0.00039243212,0.0008266545,0.9980229,0.00075797475
/media/storage2/Anuj/5th international anujj ones/medxpert/data/raw/COVID-19/covid_COVID-2528.png,2,COVID-19,2,COVID-19,0.00053060893,0.00063170574,0.9980673,0.00077037764
/media/storage2/Anuj/5th international anujj ones/medxpert/data/raw/COVID-19/covid_COVID-2532.png,2,COVID-19,2,COVID-19,0.00041879868,0.0007955691,0.99811625,0.0006694286
/media/storage2/Anuj/5th international anujj ones/medxpert/data/raw/COVID-19/covid_COVID-2535.png,2,COVID-19,2,COVID-19,0.000376705,0.00091012806,0.9980414,0.00067175867
/media/storage2/Anuj/5th international anujj ones/medxpert/data/raw/COVID-19/covid_COVID-2541.png,2,COVID-19,2,COVID-19,0.0005369866,0.00085959083,0.9980129,0.0005905059
/media/storage2/Anuj/5th international anujj ones/medxpert/data/raw/COVID-19/covid_COVID-2549.png,2,COVID-19,2,COVID-19,0.00045349557,0.000975792,0.9979672,0.00060354505
/media/storage2/Anuj/5th international anujj ones/medxpert/data/raw/COVID-19/covid_COVID-255.png,2,COVID-19,2,COVID-19,0.0032935627,0.0005175958,0.99485934,0.0013295234
/media/storage2/Anuj/5th international anujj ones/medxpert/data/raw/COVID-19/covid_COVID-2573.png,2,COVID-19,2,COVID-19,0.00045525725,0.0008475426,0.99804854,0.0006486982
/media/storage2/Anuj/5th international anujj ones/medxpert/data/raw/COVID-19/covid_COVID-2579.png,2,COVID-19,2,COVID-19,0.0004763772,0.0009405214,0.99797696,0.00060614955
/media/storage2/Anuj/5th international anujj ones/medxpert/data/raw/COVID-19/covid_COVID-2586.png,2,COVID-19,2,COVID-19,0.000366685,0.0008808564,0.998035,0.00071740255
/media/storage2/Anuj/5th international anujj ones/medxpert/data/raw/COVID-19/covid_COVID-2600.png,2,COVID-19,2,COVID-19,0.0009537374,0.00062680815,0.9976931,0.00072636723
/media/storage2/Anuj/5th international anujj ones/medxpert/data/raw/COVID-19/covid_COVID-2601.png,2,COVID-19,2,COVID-19,0.0005132483,0.0009482434,0.99798405,0.00055437844
/media/storage2/Anuj/5th international anujj ones/medxpert/data/raw/COVID-19/covid_COVID-2602.png,2,COVID-19,2,COVID-19,0.0007394853,0.0005114212,0.9979779,0.0007711043
/media/storage2/Anuj/5th international anujj ones/medxpert/data/raw/COVID-19/covid_COVID-2609.png,2,COVID-19,2,COVID-19,0.00040944153,0.0008688025,0.9980844,0.0006374056
/media/storage2/Anuj/5th international anujj ones/medxpert/data/raw/COVID-19/covid_COVID-2612.png,2,COVID-19,2,COVID-19,0.0005461353,0.0006601205,0.9980945,0.00069926376
/media/storage2/Anuj/5th international anujj ones/medxpert/data/raw/COVID-19/covid_COVID-2615.png,2,COVID-19,2,COVID-19,0.00040260365,0.0008845998,0.99801385,0.00069896533
/media/storage2/Anuj/5th international anujj ones/medxpert/data/raw/COVID-19/covid_COVID-2621.png,2,COVID-19,2,COVID-19,0.00037427765,0.000851476,0.99807054,0.00070381345
/media/storage2/Anuj/5th international anujj ones/medxpert/data/raw/COVID-19/covid_COVID-2639.png,2,COVID-19,2,COVID-19,0.0009888406,0.0008622807,0.99747926,0.0006695162
/media/storage2/Anuj/5th international anujj ones/medxpert/data/raw/COVID-19/covid_COVID-2644.png,2,COVID-19,2,COVID-19,0.0003147451,0.0008026604,0.9978174,0.0010651654
/media/storage2/Anuj/5th international anujj ones/medxpert/data/raw/COVID-19/covid_COVID-2646.png,2,COVID-19,2,COVID-19,0.0003381821,0.0012208517,0.9977386,0.0007023117
/media/storage2/Anuj/5th international anujj ones/medxpert/data/raw/COVID-19/covid_COVID-2650.png,2,COVID-19,2,COVID-19,0.00049523346,0.00073470216,0.9981317,0.0006383407
/media/storage2/Anuj/5th international anujj ones/medxpert/data/raw/COVID-19/covid_COVID-2655.png,2,COVID-19,2,COVID-19,0.00042805876,0.00076388876,0.99813664,0.000671418
/media/storage2/Anuj/5th international anujj ones/medxpert/data/raw/COVID-19/covid_COVID-2658.png,2,COVID-19,2,COVID-19,0.00059159176,0.0007151246,0.99804175,0.0006515287
/media/storage2/Anuj/5th international anujj ones/medxpert/data/raw/COVID-19/covid_COVID-2659.png,2,COVID-19,2,COVID-19,0.00035432779,0.0011427773,0.9977982,0.0007047695
/media/storage2/Anuj/5th international anujj ones/medxpert/data/raw/COVID-19/covid_COVID-267.png,2,COVID-19,2,COVID-19,0.0003675689,0.000829627,0.99804986,0.00075304235
/media/storage2/Anuj/5th international anujj ones/medxpert/data/raw/COVID-19/covid_COVID-2670.png,2,COVID-19,2,COVID-19,0.00052159565,0.00076328055,0.9980894,0.00062571897
/media/storage2/Anuj/5th international anujj ones/medxpert/data/raw/COVID-19/covid_COVID-2701.png,2,COVID-19,2,COVID-19,0.0025652612,0.0006400676,0.9957371,0.001057624
/media/storage2/Anuj/5th international anujj ones/medxpert/data/raw/COVID-19/covid_COVID-273.png,2,COVID-19,2,COVID-19,0.00046422728,0.0008136661,0.99809474,0.0006274005
/media/storage2/Anuj/5th international anujj ones/medxpert/data/raw/COVID-19/covid_COVID-2734.png,2,COVID-19,2,COVID-19,0.00038090211,0.0009836189,0.9979855,0.00064998236
/media/storage2/Anuj/5th international anujj ones/medxpert/data/raw/COVID-19/covid_COVID-2750.png,2,COVID-19,2,COVID-19,0.00036013775,0.0010558376,0.9979049,0.0006791355
/media/storage2/Anuj/5th international anujj ones/medxpert/data/raw/COVID-19/covid_COVID-2760.png,2,COVID-19,2,COVID-19,0.0004525163,0.0011374827,0.9978257,0.0005842674
/media/storage2/Anuj/5th international anujj ones/medxpert/data/raw/COVID-19/covid_COVID-2761.png,2,COVID-19,2,COVID-19,0.00038759864,0.0007731902,0.9980956,0.0007436215
/media/storage2/Anuj/5th international anujj ones/medxpert/data/raw/COVID-19/covid_COVID-2768.png,2,COVID-19,2,COVID-19,0.0004480834,0.0007618144,0.9981274,0.000662804
/media/storage2/Anuj/5th international anujj ones/medxpert/data/raw/COVID-19/covid_COVID-2783.png,2,COVID-19,2,COVID-19,0.00033523468,0.00150656,0.99743444,0.00072378
/media/storage2/Anuj/5th international anujj ones/medxpert/data/raw/COVID-19/covid_COVID-2791.png,2,COVID-19,2,COVID-19,0.0011993118,0.0004946713,0.9974617,0.00084436097
/media/storage2/Anuj/5th international anujj ones/medxpert/data/raw/COVID-19/covid_COVID-2793.png,2,COVID-19,2,COVID-19,0.00048456035,0.00075928477,0.9981238,0.0006323147
/media/storage2/Anuj/5th international anujj ones/medxpert/data/raw/COVID-19/covid_COVID-2804.png,2,COVID-19,2,COVID-19,0.0006615394,0.0009090677,0.9978326,0.00059674034
/media/storage2/Anuj/5th international anujj ones/medxpert/data/raw/COVID-19/covid_COVID-2805.png,2,COVID-19,2,COVID-19,0.0006615394,0.0009090677,0.9978326,0.00059674034
/media/storage2/Anuj/5th international anujj ones/medxpert/data/raw/COVID-19/covid_COVID-2810.png,2,COVID-19,2,COVID-19,0.0012441521,0.0008730022,0.9971717,0.00071121246
/media/storage2/Anuj/5th international anujj ones/medxpert/data/raw/COVID-19/covid_COVID-2820.png,2,COVID-19,2,COVID-19,0.00045892203,0.0008486538,0.99807644,0.000615915
/media/storage2/Anuj/5th international anujj ones/medxpert/data/raw/COVID-19/covid_COVID-2823.png,2,COVID-19,2,COVID-19,0.001069942,0.00072725833,0.9975102,0.0006925
/media/storage2/Anuj/5th international anujj ones/medxpert/data/raw/COVID-19/covid_COVID-2839.png,2,COVID-19,2,COVID-19,0.00039104736,0.0010347686,0.99792,0.00065411243
/media/storage2/Anuj/5th international anujj ones/medxpert/data/raw/COVID-19/covid_COVID-2849.png,2,COVID-19,2,COVID-19,0.00045319388,0.0010061911,0.9979665,0.000574157
/media/storage2/Anuj/5th international anujj ones/medxpert/data/raw/COVID-19/covid_COVID-2854.png,2,COVID-19,2,COVID-19,0.00040142535,0.0009678236,0.9980059,0.0006248039
/media/storage2/Anuj/5th international anujj ones/medxpert/data/raw/COVID-19/covid_COVID-2866.png,2,COVID-19,2,COVID-19,0.00043118143,0.000763672,0.99811816,0.0006870374
/media/storage2/Anuj/5th international anujj ones/medxpert/data/raw/COVID-19/covid_COVID-2891.png,2,COVID-19,2,COVID-19,0.0004215314,0.000726383,0.9981256,0.00072652573
/media/storage2/Anuj/5th international anujj ones/medxpert/data/raw/COVID-19/covid_COVID-2895.png,2,COVID-19,2,COVID-19,0.0005110911,0.0007559702,0.99808645,0.00064653886
/media/storage2/Anuj/5th international anujj ones/medxpert/data/raw/COVID-19/covid_COVID-2901.png,2,COVID-19,2,COVID-19,0.0005135162,0.0007185411,0.998131,0.00063697173
/media/storage2/Anuj/5th international anujj ones/medxpert/data/raw/COVID-19/covid_COVID-2907.png,2,COVID-19,2,COVID-19,0.00055493467,0.00077295676,0.9980483,0.0006238245
/media/storage2/Anuj/5th international anujj ones/medxpert/data/raw/COVID-19/covid_COVID-2909.png,2,COVID-19,2,COVID-19,0.0004690468,0.0007973076,0.99811894,0.0006147045
/media/storage2/Anuj/5th international anujj ones/medxpert/data/raw/COVID-19/covid_COVID-2913.png,2,COVID-19,2,COVID-19,0.0003632603,0.0008589483,0.99801755,0.0007602309
/media/storage2/Anuj/5th international anujj ones/medxpert/data/raw/COVID-19/covid_COVID-2914.png,2,COVID-19,2,COVID-19,0.0006960582,0.0006624145,0.9979693,0.00067219336
/media/storage2/Anuj/5th international anujj ones/medxpert/data/raw/COVID-19/covid_COVID-293.png,2,COVID-19,2,COVID-19,0.0003817959,0.0008350239,0.9980818,0.0007013611
/media/storage2/Anuj/5th international anujj ones/medxpert/data/raw/COVID-19/covid_COVID-2932.png,2,COVID-19,2,COVID-19,0.00037465355,0.0008921482,0.99803776,0.0006954013
/media/storage2/Anuj/5th international anujj ones/medxpert/data/raw/COVID-19/covid_COVID-2937.png,2,COVID-19,2,COVID-19,0.0004225954,0.0008324131,0.9981059,0.00063904334
/media/storage2/Anuj/5th international anujj ones/medxpert/data/raw/COVID-19/covid_COVID-2938.png,2,COVID-19,2,COVID-19,0.00038896117,0.0008516172,0.99806136,0.0006979997
/media/storage2/Anuj/5th international anujj ones/medxpert/data/raw/COVID-19/covid_COVID-2963.png,2,COVID-19,2,COVID-19,0.0012820101,0.0006033924,0.997271,0.00084356853
/media/storage2/Anuj/5th international anujj ones/medxpert/data/raw/COVID-19/covid_COVID-2967.png,2,COVID-19,2,COVID-19,0.0003777644,0.00087401737,0.99804795,0.00070032803
/media/storage2/Anuj/5th international anujj ones/medxpert/data/raw/COVID-19/covid_COVID-2977.png,2,COVID-19,2,COVID-19,0.00043138934,0.0012850137,0.99772936,0.0005542425
/media/storage2/Anuj/5th international anujj ones/medxpert/data/raw/COVID-19/covid_COVID-2980.png,2,COVID-19,2,COVID-19,0.00044983183,0.0007786901,0.9981041,0.0006673196
/media/storage2/Anuj/5th international anujj ones/medxpert/data/raw/COVID-19/covid_COVID-299.png,2,COVID-19,2,COVID-19,0.0003935873,0.00082944136,0.9980882,0.00068880623
/media/storage2/Anuj/5th international anujj ones/medxpert/data/raw/COVID-19/covid_COVID-2995.png,2,COVID-19,2,COVID-19,0.00051112624,0.0010544077,0.99786097,0.00057344965
/media/storage2/Anuj/5th international anujj ones/medxpert/data/raw/COVID-19/covid_COVID-3012.png,2,COVID-19,2,COVID-19,0.00044817472,0.0007933306,0.99809855,0.0006599778
/media/storage2/Anuj/5th international anujj ones/medxpert/data/raw/COVID-19/covid_COVID-3014.png,2,COVID-19,2,COVID-19,0.00041803467,0.0011667211,0.99784243,0.00057275535
/media/storage2/Anuj/5th international anujj ones/medxpert/data/raw/COVID-19/covid_COVID-3029.png,2,COVID-19,2,COVID-19,0.028157353,0.023066053,0.9417466,0.0070300694
/media/storage2/Anuj/5th international anujj ones/medxpert/data/raw/COVID-19/covid_COVID-3038.png,2,COVID-19,2,COVID-19,0.00033945037,0.0007828809,0.99789435,0.0009833142
/media/storage2/Anuj/5th international anujj ones/medxpert/data/raw/COVID-19/covid_COVID-3039.png,2,COVID-19,2,COVID-19,0.0003324713,0.0015008788,0.99747485,0.0006918583
/media/storage2/Anuj/5th international anujj ones/medxpert/data/raw/COVID-19/covid_COVID-3042.png,2,COVID-19,2,COVID-19,0.0004253535,0.0007358724,0.998123,0.0007158388
/media/storage2/Anuj/5th international anujj ones/medxpert/data/raw/COVID-19/covid_COVID-3051.png,2,COVID-19,2,COVID-19,0.00046335463,0.0010319763,0.9979482,0.0005563865
/media/storage2/Anuj/5th international anujj ones/medxpert/data/raw/COVID-19/covid_COVID-3053.png,2,COVID-19,2,COVID-19,0.00058434857,0.0012063374,0.99765307,0.0005562851
/media/storage2/Anuj/5th international anujj ones/medxpert/data/raw/COVID-19/covid_COVID-3058.png,2,COVID-19,2,COVID-19,0.0007308856,0.00070846995,0.9978921,0.0006685329
/media/storage2/Anuj/5th international anujj ones/medxpert/data/raw/COVID-19/covid_COVID-3062.png,2,COVID-19,2,COVID-19,0.0011637865,0.0005705307,0.997493,0.0007726626
/media/storage2/Anuj/5th international anujj ones/medxpert/data/raw/COVID-19/covid_COVID-3064.png,2,COVID-19,2,COVID-19,0.0008215706,0.0005709477,0.9978842,0.00072320615
/media/storage2/Anuj/5th international anujj ones/medxpert/data/raw/COVID-19/covid_COVID-3067.png,2,COVID-19,2,COVID-19,0.00030062077,0.0012472816,0.99750465,0.0009474544
/media/storage2/Anuj/5th international anujj ones/medxpert/data/raw/COVID-19/covid_COVID-3083.png,2,COVID-19,2,COVID-19,0.00047001502,0.0011039345,0.9978808,0.0005452844
/media/storage2/Anuj/5th international anujj ones/medxpert/data/raw/COVID-19/covid_COVID-3087.png,2,COVID-19,2,COVID-19,0.00045739912,0.00097530335,0.9979747,0.0005925361
/media/storage2/Anuj/5th international anujj ones/medxpert/data/raw/COVID-19/covid_COVID-3088.png,2,COVID-19,2,COVID-19,0.00043942843,0.0011601895,0.99784863,0.00055177975
/media/storage2/Anuj/5th international anujj ones/medxpert/data/raw/COVID-19/covid_COVID-3091.png,2,COVID-19,2,COVID-19,0.00042666754,0.0010606566,0.99790585,0.00060684496
/media/storage2/Anuj/5th international anujj ones/medxpert/data/raw/COVID-19/covid_COVID-3101.png,2,COVID-19,2,COVID-19,0.00042212385,0.0028406768,0.9961027,0.0006345202
/media/storage2/Anuj/5th international anujj ones/medxpert/data/raw/COVID-19/covid_COVID-3115.png,2,COVID-19,2,COVID-19,0.0004976378,0.000748256,0.9981254,0.0006287349
/media/storage2/Anuj/5th international anujj ones/medxpert/data/raw/COVID-19/covid_COVID-3129.png,2,COVID-19,2,COVID-19,0.00050101435,0.00061298045,0.9980413,0.00084472506
/media/storage2/Anuj/5th international anujj ones/medxpert/data/raw/COVID-19/covid_COVID-313.png,2,COVID-19,2,COVID-19,0.0004312782,0.00071457063,0.9981489,0.00070530374
/media/storage2/Anuj/5th international anujj ones/medxpert/data/raw/COVID-19/covid_COVID-3130.png,2,COVID-19,2,COVID-19,0.00047508167,0.0008338726,0.9980749,0.0006162369
/media/storage2/Anuj/5th international anujj ones/medxpert/data/raw/COVID-19/covid_COVID-3132.png,2,COVID-19,2,COVID-19,0.0004213392,0.0007382702,0.99810684,0.0007335721
/media/storage2/Anuj/5th international anujj ones/medxpert/data/raw/COVID-19/covid_COVID-3144.png,2,COVID-19,2,COVID-19,0.0016186505,0.0005901247,0.9969246,0.0008666309
/media/storage2/Anuj/5th international anujj ones/medxpert/data/raw/COVID-19/covid_COVID-3146.png,2,COVID-19,2,COVID-19,0.00046169944,0.0008026207,0.9981002,0.00063542946
/media/storage2/Anuj/5th international anujj ones/medxpert/data/raw/COVID-19/covid_COVID-3151.png,2,COVID-19,2,COVID-19,0.00039577435,0.0011221577,0.9978903,0.0005918123
/media/storage2/Anuj/5th international anujj ones/medxpert/data/raw/COVID-19/covid_COVID-3152.png,2,COVID-19,2,COVID-19,0.0003506737,0.0010683574,0.99783546,0.0007454258
/media/storage2/Anuj/5th international anujj ones/medxpert/data/raw/COVID-19/covid_COVID-3157.png,2,COVID-19,2,COVID-19,0.0005226353,0.00073297153,0.998097,0.00064742524
/media/storage2/Anuj/5th international anujj ones/medxpert/data/raw/COVID-19/covid_COVID-3164.png,2,COVID-19,2,COVID-19,0.0005764613,0.00090170966,0.997968,0.0005538361
/media/storage2/Anuj/5th international anujj ones/medxpert/data/raw/COVID-19/covid_COVID-3172.png,2,COVID-19,2,COVID-19,0.00041944796,0.00086701324,0.99807656,0.0006370575
/media/storage2/Anuj/5th international anujj ones/medxpert/data/raw/COVID-19/covid_COVID-3181.png,2,COVID-19,2,COVID-19,0.00046110663,0.0007495735,0.998137,0.00065234065
/media/storage2/Anuj/5th international anujj ones/medxpert/data/raw/COVID-19/covid_COVID-3187.png,2,COVID-19,2,COVID-19,0.00038050633,0.001043957,0.9978666,0.0007090057
/media/storage2/Anuj/5th international anujj ones/medxpert/data/raw/COVID-19/covid_COVID-319.png,2,COVID-19,2,COVID-19,0.00039788568,0.00080423686,0.99810153,0.0006963742
/media/storage2/Anuj/5th international anujj ones/medxpert/data/raw/COVID-19/covid_COVID-3198.png,2,COVID-19,2,COVID-19,0.0005070777,0.00081368146,0.9980684,0.00061089674
/media/storage2/Anuj/5th international anujj ones/medxpert/data/raw/COVID-19/covid_COVID-3201.png,2,COVID-19,2,COVID-19,0.000750668,0.00070435187,0.97968525,0.018859653
/media/storage2/Anuj/5th international anujj ones/medxpert/data/raw/COVID-19/covid_COVID-3208.png,2,COVID-19,2,COVID-19,0.000632139,0.0006736038,0.998014,0.000680294
/media/storage2/Anuj/5th international anujj ones/medxpert/data/raw/COVID-19/covid_COVID-3211.png,2,COVID-19,2,COVID-19,0.0012481163,0.0007079801,0.9972926,0.0007513474
/media/storage2/Anuj/5th international anujj ones/medxpert/data/raw/COVID-19/covid_COVID-3236.png,2,COVID-19,2,COVID-19,0.00028784265,0.0008528387,0.9972606,0.0015987384
/media/storage2/Anuj/5th international anujj ones/medxpert/data/raw/COVID-19/covid_COVID-3241.png,2,COVID-19,2,COVID-19,0.0005447658,0.00068659824,0.99810517,0.0006634185
/media/storage2/Anuj/5th international anujj ones/medxpert/data/raw/COVID-19/covid_COVID-3254.png,2,COVID-19,2,COVID-19,0.0005736388,0.0006784658,0.9981001,0.00064784824
/media/storage2/Anuj/5th international anujj ones/medxpert/data/raw/COVID-19/covid_COVID-3259.png,2,COVID-19,2,COVID-19,0.00044859355,0.001086853,0.99790907,0.00055557175
/media/storage2/Anuj/5th international anujj ones/medxpert/data/raw/COVID-19/covid_COVID-3262.png,2,COVID-19,2,COVID-19,0.00050228066,0.00073280936,0.99810886,0.0006560562
/media/storage2/Anuj/5th international anujj ones/medxpert/data/raw/COVID-19/covid_COVID-3272.png,2,COVID-19,2,COVID-19,0.0005100459,0.0009331607,0.99793977,0.00061709346
/media/storage2/Anuj/5th international anujj ones/medxpert/data/raw/COVID-19/covid_COVID-3285.png,2,COVID-19,2,COVID-19,0.00042354586,0.0008514109,0.9980348,0.00069024914
/media/storage2/Anuj/5th international anujj ones/medxpert/data/raw/COVID-19/covid_COVID-329.png,2,COVID-19,2,COVID-19,0.00033774867,0.0006257764,0.99757665,0.0014598243
/media/storage2/Anuj/5th international anujj ones/medxpert/data/raw/COVID-19/covid_COVID-3292.png,2,COVID-19,2,COVID-19,0.00044885927,0.0007378068,0.99813795,0.00067539606
/media/storage2/Anuj/5th international anujj ones/medxpert/data/raw/COVID-19/covid_COVID-3302.png,2,COVID-19,2,COVID-19,0.00031615476,0.0009797106,0.99784684,0.00085723604
/media/storage2/Anuj/5th international anujj ones/medxpert/data/raw/COVID-19/covid_COVID-3303.png,2,COVID-19,2,COVID-19,0.00039249117,0.0009007444,0.9980236,0.00068315276
/media/storage2/Anuj/5th international anujj ones/medxpert/data/raw/COVID-19/covid_COVID-3307.png,2,COVID-19,2,COVID-19,0.00066463393,0.0012356251,0.99753356,0.00056619366
/media/storage2/Anuj/5th international anujj ones/medxpert/data/raw/COVID-19/covid_COVID-3311.png,2,COVID-19,2,COVID-19,0.00043811774,0.00071244943,0.9981376,0.00071180187
/media/storage2/Anuj/5th international anujj ones/medxpert/data/raw/COVID-19/covid_COVID-3317.png,2,COVID-19,2,COVID-19,0.00041723714,0.0011876076,0.99782676,0.00056837266
/media/storage2/Anuj/5th international anujj ones/medxpert/data/raw/COVID-19/covid_COVID-333.png,2,COVID-19,2,COVID-19,0.00041892816,0.00087092124,0.9980621,0.0006480627
/media/storage2/Anuj/5th international anujj ones/medxpert/data/raw/COVID-19/covid_COVID-3331.png,2,COVID-19,2,COVID-19,0.00062757055,0.00078625407,0.9979631,0.0006230949
/media/storage2/Anuj/5th international anujj ones/medxpert/data/raw/COVID-19/covid_COVID-3337.png,2,COVID-19,2,COVID-19,0.0004827922,0.00090510084,0.99803466,0.00057749083
/media/storage2/Anuj/5th international anujj ones/medxpert/data/raw/COVID-19/covid_COVID-3340.png,2,COVID-19,2,COVID-19,0.0003719312,0.0013592009,0.9976694,0.0005994734
/media/storage2/Anuj/5th international anujj ones/medxpert/data/raw/COVID-19/covid_COVID-3344.png,2,COVID-19,2,COVID-19,0.00041908154,0.0011700785,0.9978393,0.0005716068
/media/storage2/Anuj/5th international anujj ones/medxpert/data/raw/COVID-19/covid_COVID-3355.png,2,COVID-19,2,COVID-19,0.00046511323,0.0008132016,0.9980888,0.0006328044
/media/storage2/Anuj/5th international anujj ones/medxpert/data/raw/COVID-19/covid_COVID-3367.png,2,COVID-19,2,COVID-19,0.00041336875,0.0010009016,0.9979146,0.0006710152
/media/storage2/Anuj/5th international anujj ones/medxpert/data/raw/COVID-19/covid_COVID-3379.png,2,COVID-19,2,COVID-19,0.00038657378,0.0011130479,0.99789494,0.00060552434
/media/storage2/Anuj/5th international anujj ones/medxpert/data/raw/COVID-19/covid_COVID-3385.png,2,COVID-19,2,COVID-19,0.00042305695,0.0009000009,0.9980604,0.00061652856
/media/storage2/Anuj/5th international anujj ones/medxpert/data/raw/COVID-19/covid_COVID-34.png,2,COVID-19,2,COVID-19,0.00036458942,0.0008228131,0.9980667,0.00074587564
/media/storage2/Anuj/5th international anujj ones/medxpert/data/raw/COVID-19/covid_COVID-340.png,2,COVID-19,2,COVID-19,0.0014407914,0.0005370826,0.99718565,0.00083648664
/media/storage2/Anuj/5th international anujj ones/medxpert/data/raw/COVID-19/covid_COVID-3406.png,2,COVID-19,2,COVID-19,0.000520851,0.00079566194,0.99806076,0.0006227335
/media/storage2/Anuj/5th international anujj ones/medxpert/data/raw/COVID-19/covid_COVID-3413.png,2,COVID-19,2,COVID-19,0.0004837886,0.00090912165,0.99802506,0.00058204145
/media/storage2/Anuj/5th international anujj ones/medxpert/data/raw/COVID-19/covid_COVID-3414.png,2,COVID-19,2,COVID-19,0.0018733653,0.0005487718,0.9966239,0.0009539895
/media/storage2/Anuj/5th international anujj ones/medxpert/data/raw/COVID-19/covid_COVID-3416.png,2,COVID-19,2,COVID-19,0.0003689275,0.0010177477,0.9979571,0.0006562659
/media/storage2/Anuj/5th international anujj ones/medxpert/data/raw/COVID-19/covid_COVID-3421.png,2,COVID-19,2,COVID-19,0.00046857126,0.0010576291,0.99792516,0.0005486019
/media/storage2/Anuj/5th international anujj ones/medxpert/data/raw/COVID-19/covid_COVID-3424.png,2,COVID-19,2,COVID-19,0.00047185668,0.00085665396,0.9980622,0.0006092554
/media/storage2/Anuj/5th international anujj ones/medxpert/data/raw/COVID-19/covid_COVID-3426.png,2,COVID-19,2,COVID-19,0.0018917703,0.0006146789,0.9965836,0.0009099625
/media/storage2/Anuj/5th international anujj ones/medxpert/data/raw/COVID-19/covid_COVID-3433.png,2,COVID-19,2,COVID-19,0.0004217396,0.0010818812,0.9978993,0.00059699937
/media/storage2/Anuj/5th international anujj ones/medxpert/data/raw/COVID-19/covid_COVID-3437.png,2,COVID-19,2,COVID-19,0.00050956185,0.0007478122,0.99810433,0.00063827913
/media/storage2/Anuj/5th international anujj ones/medxpert/data/raw/COVID-19/covid_COVID-3448.png,2,COVID-19,2,COVID-19,0.00049010804,0.00080506515,0.9980604,0.0006443882
/media/storage2/Anuj/5th international anujj ones/medxpert/data/raw/COVID-19/covid_COVID-3450.png,2,COVID-19,2,COVID-19,0.00038760848,0.00091919454,0.9979962,0.0006970099
/media/storage2/Anuj/5th international anujj ones/medxpert/data/raw/COVID-19/covid_COVID-3454.png,2,COVID-19,2,COVID-19,0.00038642145,0.0008297572,0.998086,0.00069780624
/media/storage2/Anuj/5th international anujj ones/medxpert/data/raw/COVID-19/covid_COVID-3457.png,2,COVID-19,2,COVID-19,0.00045423047,0.0016167986,0.9973978,0.00053124374
/media/storage2/Anuj/5th international anujj ones/medxpert/data/raw/COVID-19/covid_COVID-3464.png,2,COVID-19,2,COVID-19,0.00030445802,0.00142753,0.997491,0.0007769723
/media/storage2/Anuj/5th international anujj ones/medxpert/data/raw/COVID-19/covid_COVID-3468.png,2,COVID-19,2,COVID-19,0.00041700646,0.0009235454,0.9980077,0.0006517621
/media/storage2/Anuj/5th international anujj ones/medxpert/data/raw/COVID-19/covid_COVID-3474.png,2,COVID-19,2,COVID-19,0.00044958247,0.0009110025,0.9980128,0.0006265714
/media/storage2/Anuj/5th international anujj ones/medxpert/data/raw/COVID-19/covid_COVID-348.png,2,COVID-19,2,COVID-19,0.00052863406,0.000658443,0.9981331,0.0006797263
/media/storage2/Anuj/5th international anujj ones/medxpert/data/raw/COVID-19/covid_COVID-3485.png,2,COVID-19,2,COVID-19,0.0004783052,0.0011376933,0.99783593,0.0005481852
/media/storage2/Anuj/5th international anujj ones/medxpert/data/raw/COVID-19/covid_COVID-3492.png,2,COVID-19,2,COVID-19,0.00045981637,0.00080613553,0.9980854,0.00064869423
/media/storage2/Anuj/5th international anujj ones/medxpert/data/raw/COVID-19/covid_COVID-3494.png,2,COVID-19,2,COVID-19,0.0004557666,0.0010064783,0.997962,0.00057579554
/media/storage2/Anuj/5th international anujj ones/medxpert/data/raw/COVID-19/covid_COVID-3496.png,2,COVID-19,2,COVID-19,0.0004080878,0.0009621811,0.9980148,0.0006148024
/media/storage2/Anuj/5th international anujj ones/medxpert/data/raw/COVID-19/covid_COVID-350.png,2,COVID-19,2,COVID-19,0.00044235005,0.00082726317,0.9981027,0.00062764494
/media/storage2/Anuj/5th international anujj ones/medxpert/data/raw/COVID-19/covid_COVID-3510.png,2,COVID-19,2,COVID-19,0.000404542,0.0009459565,0.9980236,0.0006259472
/media/storage2/Anuj/5th international anujj ones/medxpert/data/raw/COVID-19/covid_COVID-3515.png,2,COVID-19,2,COVID-19,0.001451856,0.0006863876,0.9970585,0.0008031923
/media/storage2/Anuj/5th international anujj ones/medxpert/data/raw/COVID-19/covid_COVID-352.png,2,COVID-19,2,COVID-19,0.00039578514,0.0007211579,0.9980883,0.0007946218
/media/storage2/Anuj/5th international anujj ones/medxpert/data/raw/COVID-19/covid_COVID-3523.png,2,COVID-19,2,COVID-19,0.0011266295,0.0010575956,0.9971486,0.0006672055
/media/storage2/Anuj/5th international anujj ones/medxpert/data/raw/COVID-19/covid_COVID-3524.png,2,COVID-19,2,COVID-19,0.00042791886,0.0011724933,0.9978376,0.00056203
/media/storage2/Anuj/5th international anujj ones/medxpert/data/raw/COVID-19/covid_COVID-353.png,2,COVID-19,2,COVID-19,0.0012074915,0.0007410666,0.99726856,0.00078294234
/media/storage2/Anuj/5th international anujj ones/medxpert/data/raw/COVID-19/covid_COVID-3534.png,2,COVID-19,2,COVID-19,0.00035150198,0.0010823957,0.9978656,0.00070056005
/media/storage2/Anuj/5th international anujj ones/medxpert/data/raw/COVID-19/covid_COVID-3535.png,2,COVID-19,2,COVID-19,0.00056054763,0.00091897283,0.9979305,0.00058990833
/media/storage2/Anuj/5th international anujj ones/medxpert/data/raw/COVID-19/covid_COVID-3546.png,2,COVID-19,2,COVID-19,0.0006738426,0.0012131238,0.99753124,0.0005818777
/media/storage2/Anuj/5th international anujj ones/medxpert/data/raw/COVID-19/covid_COVID-3554.png,2,COVID-19,2,COVID-19,0.00108776,0.0006276364,0.9975158,0.00076874904
/media/storage2/Anuj/5th international anujj ones/medxpert/data/raw/COVID-19/covid_COVID-3563.png,2,COVID-19,2,COVID-19,0.00038506658,0.001058881,0.99792457,0.0006314498
/media/storage2/Anuj/5th international anujj ones/medxpert/data/raw/COVID-19/covid_COVID-3581.png,2,COVID-19,2,COVID-19,0.00036013097,0.0012486108,0.9977481,0.0006431053
/media/storage2/Anuj/5th international anujj ones/medxpert/data/raw/COVID-19/covid_COVID-3586.png,2,COVID-19,2,COVID-19,0.00046060342,0.0013783542,0.99762803,0.0005330571
/media/storage2/Anuj/5th international anujj ones/medxpert/data/raw/COVID-19/covid_COVID-3589.png,2,COVID-19,2,COVID-19,0.0006585786,0.00067091885,0.99800736,0.00066312926
/media/storage2/Anuj/5th international anujj ones/medxpert/data/raw/COVID-19/covid_COVID-3590.png,2,COVID-19,2,COVID-19,0.00043434143,0.0007914672,0.9981159,0.0006583758
/media/storage2/Anuj/5th international anujj ones/medxpert/data/raw/COVID-19/covid_COVID-3591.png,2,COVID-19,2,COVID-19,0.00043434143,0.0007914672,0.9981159,0.0006583758
/media/storage2/Anuj/5th international anujj ones/medxpert/data/raw/COVID-19/covid_COVID-3601.png,2,COVID-19,2,COVID-19,0.00042522317,0.00095662585,0.9980185,0.00059963483
/media/storage2/Anuj/5th international anujj ones/medxpert/data/raw/COVID-19/covid_COVID-3613.png,2,COVID-19,2,COVID-19,0.00044431144,0.0007837614,0.9981177,0.00065428845
/media/storage2/Anuj/5th international anujj ones/medxpert/data/raw/COVID-19/covid_COVID-364.png,2,COVID-19,2,COVID-19,0.000887668,0.0005589329,0.9978126,0.00074069883
/media/storage2/Anuj/5th international anujj ones/medxpert/data/raw/COVID-19/covid_COVID-376.png,2,COVID-19,2,COVID-19,0.00035885387,0.00078297924,0.99805164,0.0008065047
/media/storage2/Anuj/5th international anujj ones/medxpert/data/raw/COVID-19/covid_COVID-39.png,2,COVID-19,2,COVID-19,0.00029448824,0.00095076655,0.9976895,0.0010652452
/media/storage2/Anuj/5th international anujj ones/medxpert/data/raw/COVID-19/covid_COVID-390.png,2,COVID-19,2,COVID-19,0.00040045357,0.0008370681,0.99809104,0.00067146413
/media/storage2/Anuj/5th international anujj ones/medxpert/data/raw/COVID-19/covid_COVID-397.png,2,COVID-19,2,COVID-19,0.0009158112,0.0003469792,0.9973386,0.0013986051
/media/storage2/Anuj/5th international anujj ones/medxpert/data/raw/COVID-19/covid_COVID-406.png,2,COVID-19,2,COVID-19,0.0006541488,0.00095069595,0.9977781,0.00061708206
/media/storage2/Anuj/5th international anujj ones/medxpert/data/raw/COVID-19/covid_COVID-408.png,2,COVID-19,2,COVID-19,0.00074924075,0.00059237133,0.9979608,0.0006976686
/media/storage2/Anuj/5th international anujj ones/medxpert/data/raw/COVID-19/covid_COVID-415.png,2,COVID-19,2,COVID-19,0.0021427558,0.0005695031,0.9962949,0.0009928276
/media/storage2/Anuj/5th international anujj ones/medxpert/data/raw/COVID-19/covid_COVID-432.png,2,COVID-19,2,COVID-19,0.00047379453,0.00081162935,0.99808466,0.00062993565
/media/storage2/Anuj/5th international anujj ones/medxpert/data/raw/COVID-19/covid_COVID-438.png,2,COVID-19,2,COVID-19,0.0003758423,0.00081753556,0.99805176,0.0007548738
/media/storage2/Anuj/5th international anujj ones/medxpert/data/raw/COVID-19/covid_COVID-443.png,2,COVID-19,2,COVID-19,0.00049041706,0.00079543,0.99808925,0.0006249386
/media/storage2/Anuj/5th international anujj ones/medxpert/data/raw/COVID-19/covid_COVID-445.png,2,COVID-19,2,COVID-19,0.00044832975,0.0008286203,0.9980958,0.00062731834
/media/storage2/Anuj/5th international anujj ones/medxpert/data/raw/COVID-19/covid_COVID-446.png,2,COVID-19,2,COVID-19,0.00037973115,0.001479583,0.99754924,0.0005914994
/media/storage2/Anuj/5th international anujj ones/medxpert/data/raw/COVID-19/covid_COVID-449.png,2,COVID-19,2,COVID-19,0.00037876837,0.00080523366,0.998069,0.00074706785
/media/storage2/Anuj/5th international anujj ones/medxpert/data/raw/COVID-19/covid_COVID-450.png,2,COVID-19,2,COVID-19,0.00042362447,0.00062549894,0.9980724,0.00087840034
/media/storage2/Anuj/5th international anujj ones/medxpert/data/raw/COVID-19/covid_COVID-455.png,2,COVID-19,2,COVID-19,0.0004679227,0.00066693843,0.9981629,0.00070231664
/media/storage2/Anuj/5th international anujj ones/medxpert/data/raw/COVID-19/covid_COVID-456.png,2,COVID-19,2,COVID-19,0.00043344914,0.0008100174,0.99809176,0.0006647244
/media/storage2/Anuj/5th international anujj ones/medxpert/data/raw/COVID-19/covid_COVID-467.png,2,COVID-19,2,COVID-19,0.0005117487,0.0012688511,0.99767,0.0005493955
/media/storage2/Anuj/5th international anujj ones/medxpert/data/raw/COVID-19/covid_COVID-472.png,2,COVID-19,2,COVID-19,0.0016239297,0.0005302655,0.996953,0.0008927599
/media/storage2/Anuj/5th international anujj ones/medxpert/data/raw/COVID-19/covid_COVID-479.png,2,COVID-19,2,COVID-19,0.0003472718,0.00096573005,0.9979572,0.00072970224
/media/storage2/Anuj/5th international anujj ones/medxpert/data/raw/COVID-19/covid_COVID-486.png,2,COVID-19,2,COVID-19,0.0004326274,0.0007707749,0.9981306,0.00066600094
/media/storage2/Anuj/5th international anujj ones/medxpert/data/raw/COVID-19/covid_COVID-50.png,2,COVID-19,2,COVID-19,0.00039001156,0.00085428834,0.99808925,0.0006664327
/media/storage2/Anuj/5th international anujj ones/medxpert/data/raw/COVID-19/covid_COVID-509.png,2,COVID-19,2,COVID-19,0.00035834976,0.0008800477,0.9980059,0.00075566996
/media/storage2/Anuj/5th international anujj ones/medxpert/data/raw/COVID-19/covid_COVID-529.png,2,COVID-19,2,COVID-19,0.0005187262,0.0008598494,0.9980095,0.0006119831
/media/storage2/Anuj/5th international anujj ones/medxpert/data/raw/COVID-19/covid_COVID-532.png,2,COVID-19,2,COVID-19,0.0004942342,0.00078948244,0.9980989,0.00061738753
/media/storage2/Anuj/5th international anujj ones/medxpert/data/raw/COVID-19/covid_COVID-533.png,2,COVID-19,2,COVID-19,0.00041011572,0.00092362805,0.9980451,0.00062113954
/media/storage2/Anuj/5th international anujj ones/medxpert/data/raw/COVID-19/covid_COVID-535.png,2,COVID-19,2,COVID-19,0.0003315541,0.0010791665,0.99784803,0.0007412432
/media/storage2/Anuj/5th international anujj ones/medxpert/data/raw/COVID-19/covid_COVID-536.png,2,COVID-19,2,COVID-19,0.00040870652,0.0008231499,0.998102,0.00066616124
/media/storage2/Anuj/5th international anujj ones/medxpert/data/raw/COVID-19/covid_COVID-546.png,2,COVID-19,2,COVID-19,0.00037958514,0.0009867181,0.9979876,0.00064614386
/media/storage2/Anuj/5th international anujj ones/medxpert/data/raw/COVID-19/covid_COVID-555.png,2,COVID-19,2,COVID-19,0.00045014956,0.000799553,0.9981184,0.0006319011
/media/storage2/Anuj/5th international anujj ones/medxpert/data/raw/COVID-19/covid_COVID-556.png,2,COVID-19,2,COVID-19,0.00054888544,0.0003790643,0.99243563,0.006636358
/media/storage2/Anuj/5th international anujj ones/medxpert/data/raw/COVID-19/covid_COVID-572.png,2,COVID-19,2,COVID-19,0.0004476961,0.00071467983,0.99815565,0.00068190804
/media/storage2/Anuj/5th international anujj ones/medxpert/data/raw/COVID-19/covid_COVID-589.png,2,COVID-19,2,COVID-19,0.0004241722,0.0007253866,0.99814904,0.0007014581
/media/storage2/Anuj/5th international anujj ones/medxpert/data/raw/COVID-19/covid_COVID-590.png,2,COVID-19,2,COVID-19,0.0003722822,0.0011024338,0.99788886,0.00063640106
/media/storage2/Anuj/5th international anujj ones/medxpert/data/raw/COVID-19/covid_COVID-593.png,2,COVID-19,2,COVID-19,0.039936714,0.004794144,0.9463374,0.008931767
/media/storage2/Anuj/5th international anujj ones/medxpert/data/raw/COVID-19/covid_COVID-606.png,2,COVID-19,2,COVID-19,0.00048702033,0.0007985898,0.9980861,0.0006283499
/media/storage2/Anuj/5th international anujj ones/medxpert/data/raw/COVID-19/covid_COVID-609.png,2,COVID-19,2,COVID-19,0.00050361664,0.0007053721,0.9981267,0.0006643579
/media/storage2/Anuj/5th international anujj ones/medxpert/data/raw/COVID-19/covid_COVID-612.png,2,COVID-19,2,COVID-19,0.0003611867,0.00091165764,0.9980094,0.00071776664
/media/storage2/Anuj/5th international anujj ones/medxpert/data/raw/COVID-19/covid_COVID-631.png,2,COVID-19,3,Pneumonia,0.0015066542,0.0019781734,0.32665375,0.6698614
/media/storage2/Anuj/5th international anujj ones/medxpert/data/raw/COVID-19/covid_COVID-638.png,2,COVID-19,2,COVID-19,0.00041414014,0.00072470016,0.9981183,0.0007429663
/media/storage2/Anuj/5th international anujj ones/medxpert/data/raw/COVID-19/covid_COVID-645.png,2,COVID-19,2,COVID-19,0.00040116222,0.0010346109,0.9979393,0.0006249302
/media/storage2/Anuj/5th international anujj ones/medxpert/data/raw/COVID-19/covid_COVID-65.png,2,COVID-19,2,COVID-19,0.00042945615,0.0009799278,0.9979533,0.0006373137
/media/storage2/Anuj/5th international anujj ones/medxpert/data/raw/COVID-19/covid_COVID-661.png,2,COVID-19,2,COVID-19,0.00045817936,0.00071779656,0.99814475,0.00067926414
/media/storage2/Anuj/5th international anujj ones/medxpert/data/raw/COVID-19/covid_COVID-663.png,2,COVID-19,2,COVID-19,0.0005717732,0.0006221117,0.998125,0.0006810688
/media/storage2/Anuj/5th international anujj ones/medxpert/data/raw/COVID-19/covid_COVID-67.png,2,COVID-19,2,COVID-19,0.00039226294,0.0009311066,0.9980161,0.00066059385
/media/storage2/Anuj/5th international anujj ones/medxpert/data/raw/COVID-19/covid_COVID-674.png,2,COVID-19,2,COVID-19,0.000310581,0.0010678723,0.99777156,0.0008499656
/media/storage2/Anuj/5th international anujj ones/medxpert/data/raw/COVID-19/covid_COVID-68.png,2,COVID-19,2,COVID-19,0.00038106358,0.00074083277,0.9980987,0.0007794526
/media/storage2/Anuj/5th international anujj ones/medxpert/data/raw/COVID-19/covid_COVID-680.png,2,COVID-19,2,COVID-19,0.00043698782,0.0007571697,0.998075,0.0007307412
/media/storage2/Anuj/5th international anujj ones/medxpert/data/raw/COVID-19/covid_COVID-689.png,2,COVID-19,2,COVID-19,0.00031880196,0.001018862,0.9978271,0.00083518075
/media/storage2/Anuj/5th international anujj ones/medxpert/data/raw/COVID-19/covid_COVID-693.png,2,COVID-19,2,COVID-19,0.00033289142,0.001340767,0.9976319,0.0006943794
/media/storage2/Anuj/5th international anujj ones/medxpert/data/raw/COVID-19/covid_COVID-7.png,2,COVID-19,0,Normal,0.39822346,0.0010189984,0.38442704,0.21633056
/media/storage2/Anuj/5th international anujj ones/medxpert/data/raw/COVID-19/covid_COVID-704.png,2,COVID-19,2,COVID-19,0.00037571872,0.0008496829,0.9980197,0.0007548618
/media/storage2/Anuj/5th international anujj ones/medxpert/data/raw/COVID-19/covid_COVID-712.png,2,COVID-19,2,COVID-19,0.0004291078,0.0019386596,0.9970893,0.0005429444
/media/storage2/Anuj/5th international anujj ones/medxpert/data/raw/COVID-19/covid_COVID-717.png,2,COVID-19,2,COVID-19,0.0004193562,0.0008720979,0.99808085,0.0006277527
/media/storage2/Anuj/5th international anujj ones/medxpert/data/raw/COVID-19/covid_COVID-73.png,2,COVID-19,2,COVID-19,0.00052042695,0.0008968439,0.9979603,0.0006224084
/media/storage2/Anuj/5th international anujj ones/medxpert/data/raw/COVID-19/covid_COVID-734.png,2,COVID-19,2,COVID-19,0.00041186382,0.00086386694,0.998078,0.00064625725
/media/storage2/Anuj/5th international anujj ones/medxpert/data/raw/COVID-19/covid_COVID-739.png,2,COVID-19,2,COVID-19,0.00036438627,0.0008693081,0.9980415,0.0007247765
/media/storage2/Anuj/5th international anujj ones/medxpert/data/raw/COVID-19/covid_COVID-743.png,2,COVID-19,2,COVID-19,0.0004007515,0.0008740339,0.99806863,0.000656625
/media/storage2/Anuj/5th international anujj ones/medxpert/data/raw/COVID-19/covid_COVID-745.png,2,COVID-19,2,COVID-19,0.00043331238,0.00074895157,0.9981281,0.00068964844
/media/storage2/Anuj/5th international anujj ones/medxpert/data/raw/COVID-19/covid_COVID-750.png,2,COVID-19,2,COVID-19,0.00041080444,0.00084384216,0.9980831,0.00066222186
/media/storage2/Anuj/5th international anujj ones/medxpert/data/raw/COVID-19/covid_COVID-773.png,2,COVID-19,2,COVID-19,0.00045909765,0.0007709945,0.9981256,0.0006443636
/media/storage2/Anuj/5th international anujj ones/medxpert/data/raw/COVID-19/covid_COVID-78.png,2,COVID-19,2,COVID-19,0.0005884704,0.0006955316,0.99807346,0.0006424444
/media/storage2/Anuj/5th international anujj ones/medxpert/data/raw/COVID-19/covid_COVID-79.png,2,COVID-19,2,COVID-19,0.00035358922,0.0008856105,0.99796754,0.0007932375
/media/storage2/Anuj/5th international anujj ones/medxpert/data/raw/COVID-19/covid_COVID-800.png,2,COVID-19,2,COVID-19,0.00054570683,0.0007274064,0.9980902,0.00063662895
/media/storage2/Anuj/5th international anujj ones/medxpert/data/raw/COVID-19/covid_COVID-802.png,2,COVID-19,2,COVID-19,0.0032636316,0.0003693484,0.99470806,0.001658873
/media/storage2/Anuj/5th international anujj ones/medxpert/data/raw/COVID-19/covid_COVID-804.png,2,COVID-19,2,COVID-19,0.00038040418,0.00083240744,0.9980849,0.0007023839
/media/storage2/Anuj/5th international anujj ones/medxpert/data/raw/COVID-19/covid_COVID-808.png,2,COVID-19,2,COVID-19,0.00035218635,0.00061256526,0.9976935,0.0013417426
/media/storage2/Anuj/5th international anujj ones/medxpert/data/raw/COVID-19/covid_COVID-809.png,2,COVID-19,2,COVID-19,0.00037131665,0.0010224701,0.9979482,0.00065801106
/media/storage2/Anuj/5th international anujj ones/medxpert/data/raw/COVID-19/covid_COVID-813.png,2,COVID-19,2,COVID-19,0.00039490013,0.00084179343,0.9980823,0.000681015
/media/storage2/Anuj/5th international anujj ones/medxpert/data/raw/COVID-19/covid_COVID-815.png,2,COVID-19,2,COVID-19,0.0006380644,0.00072504923,0.99797934,0.000657504
/media/storage2/Anuj/5th international anujj ones/medxpert/data/raw/COVID-19/covid_COVID-821.png,2,COVID-19,2,COVID-19,0.0005179659,0.0007468193,0.9981142,0.0006210137
/media/storage2/Anuj/5th international anujj ones/medxpert/data/raw/COVID-19/covid_COVID-826.png,2,COVID-19,2,COVID-19,0.00066904083,0.00053686654,0.9980319,0.00076219643
/media/storage2/Anuj/5th international anujj ones/medxpert/data/raw/COVID-19/covid_COVID-837.png,2,COVID-19,2,COVID-19,0.00038235923,0.0009833104,0.99797565,0.00065870787
/media/storage2/Anuj/5th international anujj ones/medxpert/data/raw/COVID-19/covid_COVID-841.png,2,COVID-19,2,COVID-19,0.003866433,0.0005317996,0.9940392,0.0015626742
/media/storage2/Anuj/5th international anujj ones/medxpert/data/raw/COVID-19/covid_COVID-849.png,2,COVID-19,2,COVID-19,0.00044175898,0.0008173384,0.99809986,0.0006410471
/media/storage2/Anuj/5th international anujj ones/medxpert/data/raw/COVID-19/covid_COVID-854.png,2,COVID-19,2,COVID-19,0.0006636883,0.0006594972,0.9980045,0.00067227735
/media/storage2/Anuj/5th international anujj ones/medxpert/data/raw/COVID-19/covid_COVID-860.png,2,COVID-19,2,COVID-19,0.00044233716,0.00077706407,0.9981141,0.000666571
/media/storage2/Anuj/5th international anujj ones/medxpert/data/raw/COVID-19/covid_COVID-868.png,2,COVID-19,2,COVID-19,0.00040660723,0.00078288344,0.9981108,0.00069972716
/media/storage2/Anuj/5th international anujj ones/medxpert/data/raw/COVID-19/covid_COVID-869.png,2,COVID-19,2,COVID-19,0.00076742907,0.0006448272,0.9979207,0.0006669594
/media/storage2/Anuj/5th international anujj ones/medxpert/data/raw/COVID-19/covid_COVID-875.png,2,COVID-19,2,COVID-19,0.00038253123,0.00080779,0.9980438,0.0007658377
/media/storage2/Anuj/5th international anujj ones/medxpert/data/raw/COVID-19/covid_COVID-885.png,2,COVID-19,2,COVID-19,0.00040970836,0.0007720317,0.9981164,0.0007018832
/media/storage2/Anuj/5th international anujj ones/medxpert/data/raw/COVID-19/covid_COVID-9.png,2,COVID-19,2,COVID-19,0.00036489774,0.0011091443,0.99785054,0.00067538995
/media/storage2/Anuj/5th international anujj ones/medxpert/data/raw/COVID-19/covid_COVID-903.png,2,COVID-19,2,COVID-19,0.0004005749,0.0007508878,0.9981036,0.00074485043
/media/storage2/Anuj/5th international anujj ones/medxpert/data/raw/COVID-19/covid_COVID-912.png,2,COVID-19,2,COVID-19,0.00043379577,0.00074851146,0.9981396,0.0006781493
/media/storage2/Anuj/5th international anujj ones/medxpert/data/raw/COVID-19/covid_COVID-918.png,2,COVID-19,2,COVID-19,0.000436746,0.0006289895,0.998135,0.00079928694
/media/storage2/Anuj/5th international anujj ones/medxpert/data/raw/COVID-19/covid_COVID-919.png,2,COVID-19,2,COVID-19,0.000571203,0.0006970685,0.9980782,0.00065341644
/media/storage2/Anuj/5th international anujj ones/medxpert/data/raw/COVID-19/covid_COVID-929.png,2,COVID-19,2,COVID-19,0.00039811403,0.00093451084,0.99802446,0.00064294634
/media/storage2/Anuj/5th international anujj ones/medxpert/data/raw/COVID-19/covid_COVID-930.png,2,COVID-19,2,COVID-19,0.000498566,0.0006529107,0.9981164,0.00073210837
/media/storage2/Anuj/5th international anujj ones/medxpert/data/raw/COVID-19/covid_COVID-932.png,2,COVID-19,2,COVID-19,0.0003807336,0.0007695077,0.99806887,0.00078090513
/media/storage2/Anuj/5th international anujj ones/medxpert/data/raw/COVID-19/covid_COVID-941.png,2,COVID-19,2,COVID-19,0.0003866939,0.00093427213,0.99802554,0.000653528
/media/storage2/Anuj/5th international anujj ones/medxpert/data/raw/COVID-19/covid_COVID-942.png,2,COVID-19,2,COVID-19,0.00037075707,0.0008882481,0.9980325,0.0007085466
/media/storage2/Anuj/5th international anujj ones/medxpert/data/raw/COVID-19/covid_COVID-945.png,2,COVID-19,2,COVID-19,0.00037706303,0.0006464103,0.9908317,0.008144799
/media/storage2/Anuj/5th international anujj ones/medxpert/data/raw/COVID-19/covid_COVID-946.png,2,COVID-19,2,COVID-19,0.0004660962,0.0007924198,0.9981147,0.0006267657
/media/storage2/Anuj/5th international anujj ones/medxpert/data/raw/COVID-19/covid_COVID-952.png,2,COVID-19,2,COVID-19,0.00040267516,0.000815336,0.9981179,0.0006640562
/media/storage2/Anuj/5th international anujj ones/medxpert/data/raw/COVID-19/covid_COVID-956.png,2,COVID-19,2,COVID-19,0.00035850485,0.0009724424,0.9979752,0.00069399556
/media/storage2/Anuj/5th international anujj ones/medxpert/data/raw/COVID-19/covid_COVID-958.png,2,COVID-19,2,COVID-19,0.00039349776,0.000916367,0.99805045,0.0006397059
/media/storage2/Anuj/5th international anujj ones/medxpert/data/raw/COVID-19/covid_COVID-967.png,2,COVID-19,2,COVID-19,0.00046530587,0.00081713503,0.99809617,0.0006214385
/media/storage2/Anuj/5th international anujj ones/medxpert/data/raw/COVID-19/covid_COVID-971.png,2,COVID-19,2,COVID-19,0.00045348238,0.0010260282,0.99793446,0.00058599527
/media/storage2/Anuj/5th international anujj ones/medxpert/data/raw/COVID-19/covid_COVID-978.png,2,COVID-19,2,COVID-19,0.0004757749,0.00079946814,0.9980938,0.00063097646
/media/storage2/Anuj/5th international anujj ones/medxpert/data/raw/COVID-19/covid_COVID-980.png,2,COVID-19,2,COVID-19,0.0005168177,0.0008016339,0.9980513,0.00063025084
/media/storage2/Anuj/5th international anujj ones/medxpert/data/raw/COVID-19/covid_COVID-982.png,2,COVID-19,2,COVID-19,0.0010752121,0.00059913687,0.99756026,0.00076532
/media/storage2/Anuj/5th international anujj ones/medxpert/data/raw/COVID-19/covid_COVID-988.png,2,COVID-19,2,COVID-19,0.0005115932,0.0010025812,0.9979048,0.00058107404
/media/storage2/Anuj/5th international anujj ones/medxpert/data/raw/COVID-19/covid_COVID-990.png,2,COVID-19,2,COVID-19,0.00038478017,0.0009937637,0.99799865,0.0006228444
/media/storage2/Anuj/5th international anujj ones/medxpert/data/raw/Pneumonia/pneu_Lung_Opacity-1020.png,3,Pneumonia,3,Pneumonia,0.0024685357,0.00056280696,0.0006805355,0.9962882
/media/storage2/Anuj/5th international anujj ones/medxpert/data/raw/Pneumonia/pneu_Lung_Opacity-1041.png,3,Pneumonia,3,Pneumonia,0.0019433135,0.00068009045,0.0010042305,0.99637234
/media/storage2/Anuj/5th international anujj ones/medxpert/data/raw/Pneumonia/pneu_Lung_Opacity-1042.png,3,Pneumonia,3,Pneumonia,0.029388838,0.00024130578,0.00050674734,0.9698631
/media/storage2/Anuj/5th international anujj ones/medxpert/data/raw/Pneumonia/pneu_Lung_Opacity-1043.png,3,Pneumonia,3,Pneumonia,0.0024011882,0.0006186256,0.00068963354,0.99629056
/media/storage2/Anuj/5th international anujj ones/medxpert/data/raw/Pneumonia/pneu_Lung_Opacity-1044.png,3,Pneumonia,0,Normal,0.9904855,0.00049197295,0.0005555079,0.008466986
/media/storage2/Anuj/5th international anujj ones/medxpert/data/raw/Pneumonia/pneu_Lung_Opacity-1068.png,3,Pneumonia,3,Pneumonia,0.0037658243,0.000392141,0.00047088158,0.99537116
/media/storage2/Anuj/5th international anujj ones/medxpert/data/raw/Pneumonia/pneu_Lung_Opacity-1110.png,3,Pneumonia,0,Normal,0.9843836,0.00041017038,0.00062508153,0.014581144
/media/storage2/Anuj/5th international anujj ones/medxpert/data/raw/Pneumonia/pneu_Lung_Opacity-1153.png,3,Pneumonia,3,Pneumonia,0.0016021656,0.0008499345,0.001480378,0.9960675
/media/storage2/Anuj/5th international anujj ones/medxpert/data/raw/Pneumonia/pneu_Lung_Opacity-1177.png,3,Pneumonia,3,Pneumonia,0.0031743094,0.0004756823,0.00055459305,0.99579537
/media/storage2/Anuj/5th international anujj ones/medxpert/data/raw/Pneumonia/pneu_Lung_Opacity-118.png,3,Pneumonia,3,Pneumonia,0.002085046,0.0007498042,0.0008131276,0.99635196
/media/storage2/Anuj/5th international anujj ones/medxpert/data/raw/Pneumonia/pneu_Lung_Opacity-1181.png,3,Pneumonia,3,Pneumonia,0.0026581704,0.00056502316,0.0006018915,0.99617493
/media/storage2/Anuj/5th international anujj ones/medxpert/data/raw/Pneumonia/pneu_Lung_Opacity-12.png,3,Pneumonia,3,Pneumonia,0.0023052066,0.00077559653,0.00070469215,0.99621445
/media/storage2/Anuj/5th international anujj ones/medxpert/data/raw/Pneumonia/pneu_Lung_Opacity-1202.png,3,Pneumonia,3,Pneumonia,0.003354029,0.00045030686,0.000506252,0.99568945
/media/storage2/Anuj/5th international anujj ones/medxpert/data/raw/Pneumonia/pneu_Lung_Opacity-1207.png,3,Pneumonia,3,Pneumonia,0.0016474226,0.000539711,0.0020645217,0.99574834
/media/storage2/Anuj/5th international anujj ones/medxpert/data/raw/Pneumonia/pneu_Lung_Opacity-1213.png,3,Pneumonia,2,COVID-19,0.0006694135,0.0076010977,0.85441726,0.13731228
/media/storage2/Anuj/5th international anujj ones/medxpert/data/raw/Pneumonia/pneu_Lung_Opacity-1218.png,3,Pneumonia,3,Pneumonia,0.002176415,0.0006971288,0.00077226537,0.9963542
/media/storage2/Anuj/5th international anujj ones/medxpert/data/raw/Pneumonia/pneu_Lung_Opacity-1222.png,3,Pneumonia,3,Pneumonia,0.0021396964,0.0007506748,0.00077072124,0.99633896
/media/storage2/Anuj/5th international anujj ones/medxpert/data/raw/Pneumonia/pneu_Lung_Opacity-1233.png,3,Pneumonia,3,Pneumonia,0.0029758762,0.00047733678,0.00055641157,0.99599034
/media/storage2/Anuj/5th international anujj ones/medxpert/data/raw/Pneumonia/pneu_Lung_Opacity-1254.png,3,Pneumonia,3,Pneumonia,0.0024336216,0.00053813466,0.00071723235,0.996311
/media/storage2/Anuj/5th international anujj ones/medxpert/data/raw/Pneumonia/pneu_Lung_Opacity-1256.png,3,Pneumonia,3,Pneumonia,0.0021851822,0.00066985475,0.00078416645,0.99636084
/media/storage2/Anuj/5th international anujj ones/medxpert/data/raw/Pneumonia/pneu_Lung_Opacity-1258.png,3,Pneumonia,3,Pneumonia,0.0015725824,0.000988269,0.0014365016,0.9960026
/media/storage2/Anuj/5th international anujj ones/medxpert/data/raw/Pneumonia/pneu_Lung_Opacity-1268.png,3,Pneumonia,3,Pneumonia,0.0021630519,0.0006356772,0.00082236156,0.99637896
/media/storage2/Anuj/5th international anujj ones/medxpert/data/raw/Pneumonia/pneu_Lung_Opacity-1293.png,3,Pneumonia,3,Pneumonia,0.0017775641,0.0009716793,0.0010272702,0.99622345
/media/storage2/Anuj/5th international anujj ones/medxpert/data/raw/Pneumonia/pneu_Lung_Opacity-1347.png,3,Pneumonia,3,Pneumonia,0.0030442514,0.00039279452,0.00062471937,0.9959382
/media/storage2/Anuj/5th international anujj ones/medxpert/data/raw/Pneumonia/pneu_Lung_Opacity-1368.png,3,Pneumonia,3,Pneumonia,0.0024518385,0.0005358968,0.0007098379,0.99630237
/media/storage2/Anuj/5th international anujj ones/medxpert/data/raw/Pneumonia/pneu_Lung_Opacity-137.png,3,Pneumonia,3,Pneumonia,0.0027441413,0.00036747588,0.0007739918,0.9961144
/media/storage2/Anuj/5th international anujj ones/medxpert/data/raw/Pneumonia/pneu_Lung_Opacity-1376.png,3,Pneumonia,0,Normal,0.98849034,0.00048757106,0.000547061,0.010474865
/media/storage2/Anuj/5th international anujj ones/medxpert/data/raw/Pneumonia/pneu_Lung_Opacity-1377.png,3,Pneumonia,3,Pneumonia,0.0017547421,0.00088684296,0.0011108915,0.9962475
/media/storage2/Anuj/5th international anujj ones/medxpert/data/raw/Pneumonia/pneu_Lung_Opacity-1389.png,3,Pneumonia,3,Pneumonia,0.0030577425,0.00047935368,0.0005351265,0.99592775
/media/storage2/Anuj/5th international anujj ones/medxpert/data/raw/Pneumonia/pneu_Lung_Opacity-1426.png,3,Pneumonia,3,Pneumonia,0.0019274149,0.000808903,0.00092915667,0.99633455
/media/storage2/Anuj/5th international anujj ones/medxpert/data/raw/Pneumonia/pneu_Lung_Opacity-1428.png,3,Pneumonia,3,Pneumonia,0.0026403198,0.0005338992,0.0006270002,0.9961987
/media/storage2/Anuj/5th international anujj ones/medxpert/data/raw/Pneumonia/pneu_Lung_Opacity-1451.png,3,Pneumonia,3,Pneumonia,0.0018914919,0.00061667885,0.0011517814,0.99634004
/media/storage2/Anuj/5th international anujj ones/medxpert/data/raw/Pneumonia/pneu_Lung_Opacity-1497.png,3,Pneumonia,3,Pneumonia,0.0028319813,0.00053173024,0.0005618556,0.99607444
/media/storage2/Anuj/5th international anujj ones/medxpert/data/raw/Pneumonia/pneu_Lung_Opacity-151.png,3,Pneumonia,3,Pneumonia,0.0033948917,0.00040108422,0.0005157428,0.99568826
/media/storage2/Anuj/5th international anujj ones/medxpert/data/raw/Pneumonia/pneu_Lung_Opacity-152.png,3,Pneumonia,3,Pneumonia,0.0017687249,0.0009278182,0.0010635388,0.9962399
/media/storage2/Anuj/5th international anujj ones/medxpert/data/raw/Pneumonia/pneu_Lung_Opacity-1530.png,3,Pneumonia,3,Pneumonia,0.0028979275,0.00048098748,0.0005926384,0.9960284
/media/storage2/Anuj/5th international anujj ones/medxpert/data/raw/Pneumonia/pneu_Lung_Opacity-1556.png,3,Pneumonia,3,Pneumonia,0.0022461943,0.000668416,0.0007409306,0.9963445
/media/storage2/Anuj/5th international anujj ones/medxpert/data/raw/Pneumonia/pneu_Lung_Opacity-160.png,3,Pneumonia,3,Pneumonia,0.0016868161,0.00075117,0.0013723223,0.9961898
/media/storage2/Anuj/5th international anujj ones/medxpert/data/raw/Pneumonia/pneu_Lung_Opacity-1600.png,3,Pneumonia,3,Pneumonia,0.0050426596,0.00032791216,0.0004180912,0.99421126
/media/storage2/Anuj/5th international anujj ones/medxpert/data/raw/Pneumonia/pneu_Lung_Opacity-1617.png,3,Pneumonia,3,Pneumonia,0.0021022693,0.0008107219,0.00086610875,0.9962209
/media/storage2/Anuj/5th international anujj ones/medxpert/data/raw/Pneumonia/pneu_Lung_Opacity-1638.png,3,Pneumonia,0,Normal,0.95454735,0.00068087835,0.0011565957,0.04361517
/media/storage2/Anuj/5th international anujj ones/medxpert/data/raw/Pneumonia/pneu_Lung_Opacity-1641.png,3,Pneumonia,3,Pneumonia,0.0016464071,0.0009879968,0.0012407742,0.9961248
/media/storage2/Anuj/5th international anujj ones/medxpert/data/raw/Pneumonia/pneu_Lung_Opacity-167.png,3,Pneumonia,3,Pneumonia,0.0016693692,0.0010165137,0.0011775733,0.9961365
/media/storage2/Anuj/5th international anujj ones/medxpert/data/raw/Pneumonia/pneu_Lung_Opacity-1688.png,3,Pneumonia,0,Normal,0.9615946,0.0005395466,0.0009425464,0.03692338
/media/storage2/Anuj/5th international anujj ones/medxpert/data/raw/Pneumonia/pneu_Lung_Opacity-1693.png,3,Pneumonia,3,Pneumonia,0.014785237,0.00020502026,0.00045754734,0.98455215
/media/storage2/Anuj/5th international anujj ones/medxpert/data/raw/Pneumonia/pneu_Lung_Opacity-1695.png,3,Pneumonia,3,Pneumonia,0.007889877,0.00017312431,0.00060595415,0.9913311
/media/storage2/Anuj/5th international anujj ones/medxpert/data/raw/Pneumonia/pneu_Lung_Opacity-1706.png,3,Pneumonia,0,Normal,0.99020535,0.00047078144,0.00058242574,0.008741416
/media/storage2/Anuj/5th international anujj ones/medxpert/data/raw/Pneumonia/pneu_Lung_Opacity-1711.png,3,Pneumonia,3,Pneumonia,0.0023112379,0.0006643627,0.00070358545,0.99632084
/media/storage2/Anuj/5th international anujj ones/medxpert/data/raw/Pneumonia/pneu_Lung_Opacity-1715.png,3,Pneumonia,3,Pneumonia,0.002444477,0.0002141695,0.007241634,0.9900997
/media/storage2/Anuj/5th international anujj ones/medxpert/data/raw/Pneumonia/pneu_Lung_Opacity-1738.png,3,Pneumonia,3,Pneumonia,0.0032899585,0.00044842495,0.0005049886,0.99575657
/media/storage2/Anuj/5th international anujj ones/medxpert/data/raw/Pneumonia/pneu_Lung_Opacity-1782.png,3,Pneumonia,3,Pneumonia,0.0035498913,0.0004194378,0.00047842588,0.99555224
/media/storage2/Anuj/5th international anujj ones/medxpert/data/raw/Pneumonia/pneu_Lung_Opacity-1789.png,3,Pneumonia,3,Pneumonia,0.0020395133,0.000790413,0.0008308288,0.9963393
/media/storage2/Anuj/5th international anujj ones/medxpert/data/raw/Pneumonia/pneu_Lung_Opacity-1863.png,3,Pneumonia,3,Pneumonia,0.0027583977,0.00029803198,0.0009826191,0.995961
/media/storage2/Anuj/5th international anujj ones/medxpert/data/raw/Pneumonia/pneu_Lung_Opacity-1897.png,3,Pneumonia,3,Pneumonia,0.0024607172,0.0006166469,0.00065707957,0.9962656
/media/storage2/Anuj/5th international anujj ones/medxpert/data/raw/Pneumonia/pneu_Lung_Opacity-1917.png,3,Pneumonia,3,Pneumonia,0.0025135535,0.0005455731,0.00067418546,0.99626666
/media/storage2/Anuj/5th international anujj ones/medxpert/data/raw/Pneumonia/pneu_Lung_Opacity-1918.png,3,Pneumonia,2,COVID-19,0.00051359925,0.0023051475,0.9332319,0.06394933
/media/storage2/Anuj/5th international anujj ones/medxpert/data/raw/Pneumonia/pneu_Lung_Opacity-1959.png,3,Pneumonia,3,Pneumonia,0.002506175,0.0006030644,0.0006440633,0.99624664
/media/storage2/Anuj/5th international anujj ones/medxpert/data/raw/Pneumonia/pneu_Lung_Opacity-1960.png,3,Pneumonia,3,Pneumonia,0.002376182,0.00060870824,0.00069863553,0.99631643
/media/storage2/Anuj/5th international anujj ones/medxpert/data/raw/Pneumonia/pneu_Lung_Opacity-1978.png,3,Pneumonia,3,Pneumonia,0.0018919146,0.0006917874,0.0010612776,0.99635506
/media/storage2/Anuj/5th international anujj ones/medxpert/data/raw/Pneumonia/pneu_Lung_Opacity-1993.png,3,Pneumonia,3,Pneumonia,0.0030002783,0.00028643932,0.00091117516,0.9958021
/media/storage2/Anuj/5th international anujj ones/medxpert/data/raw/Pneumonia/pneu_Lung_Opacity-201.png,3,Pneumonia,3,Pneumonia,0.0016046871,0.0007661179,0.0015839378,0.9960452
/media/storage2/Anuj/5th international anujj ones/medxpert/data/raw/Pneumonia/pneu_Lung_Opacity-2011.png,3,Pneumonia,3,Pneumonia,0.0022722627,0.00055994495,0.00080069917,0.9963671
/media/storage2/Anuj/5th international anujj ones/medxpert/data/raw/Pneumonia/pneu_Lung_Opacity-203.png,3,Pneumonia,3,Pneumonia,0.0022808313,0.000650604,0.0007292353,0.9963393
/media/storage2/Anuj/5th international anujj ones/medxpert/data/raw/Pneumonia/pneu_Lung_Opacity-2035.png,3,Pneumonia,3,Pneumonia,0.0024633352,0.00053356535,0.0007194808,0.9962836
/media/storage2/Anuj/5th international anujj ones/medxpert/data/raw/Pneumonia/pneu_Lung_Opacity-2045.png,3,Pneumonia,3,Pneumonia,0.0013043082,0.00091273076,0.0032528425,0.99453014
/media/storage2/Anuj/5th international anujj ones/medxpert/data/raw/Pneumonia/pneu_Lung_Opacity-2126.png,3,Pneumonia,3,Pneumonia,0.0050411597,0.0002314329,0.00056679035,0.9941606
/media/storage2/Anuj/5th international anujj ones/medxpert/data/raw/Pneumonia/pneu_Lung_Opacity-2151.png,3,Pneumonia,0,Normal,0.9916489,0.0005515545,0.00057232764,0.0072272765
/media/storage2/Anuj/5th international anujj ones/medxpert/data/raw/Pneumonia/pneu_Lung_Opacity-2159.png,3,Pneumonia,3,Pneumonia,0.0023509897,0.00062169717,0.00070496777,0.9963224
/media/storage2/Anuj/5th international anujj ones/medxpert/data/raw/Pneumonia/pneu_Lung_Opacity-2161.png,3,Pneumonia,3,Pneumonia,0.011241861,0.00018450517,0.0005193224,0.98805434
/media/storage2/Anuj/5th international anujj ones/medxpert/data/raw/Pneumonia/pneu_Lung_Opacity-2212.png,3,Pneumonia,3,Pneumonia,0.0047750063,0.0002715062,0.00050999736,0.9944435
/media/storage2/Anuj/5th international anujj ones/medxpert/data/raw/Pneumonia/pneu_Lung_Opacity-222.png,3,Pneumonia,3,Pneumonia,0.0021769784,0.0006424773,0.00080786657,0.9963727
/media/storage2/Anuj/5th international anujj ones/medxpert/data/raw/Pneumonia/pneu_Lung_Opacity-2223.png,3,Pneumonia,3,Pneumonia,0.0017001954,0.00072694843,0.0013754658,0.99619746
/media/storage2/Anuj/5th international anujj ones/medxpert/data/raw/Pneumonia/pneu_Lung_Opacity-2239.png,3,Pneumonia,3,Pneumonia,0.0026785757,0.00059880497,0.0005860959,0.9961365
/media/storage2/Anuj/5th international anujj ones/medxpert/data/raw/Pneumonia/pneu_Lung_Opacity-2261.png,3,Pneumonia,2,COVID-19,0.0029191733,0.00024176932,0.977101,0.019737989
/media/storage2/Anuj/5th international anujj ones/medxpert/data/raw/Pneumonia/pneu_Lung_Opacity-2306.png,3,Pneumonia,3,Pneumonia,0.0018461235,0.00074447464,0.0010795823,0.99632984
/media/storage2/Anuj/5th international anujj ones/medxpert/data/raw/Pneumonia/pneu_Lung_Opacity-231.png,3,Pneumonia,0,Normal,0.97823757,0.00042251794,0.0007237311,0.020616224
/media/storage2/Anuj/5th international anujj ones/medxpert/data/raw/Pneumonia/pneu_Lung_Opacity-2322.png,3,Pneumonia,3,Pneumonia,0.0024088232,0.00061080186,0.00068537693,0.99629503
/media/storage2/Anuj/5th international anujj ones/medxpert/data/raw/Pneumonia/pneu_Lung_Opacity-2331.png,3,Pneumonia,3,Pneumonia,0.0024009524,0.0005450521,0.0007301342,0.99632394
/media/storage2/Anuj/5th international anujj ones/medxpert/data/raw/Pneumonia/pneu_Lung_Opacity-2335.png,3,Pneumonia,3,Pneumonia,0.0016708527,0.00094237574,0.0012227828,0.99616396
/media/storage2/Anuj/5th international anujj ones/medxpert/data/raw/Pneumonia/pneu_Lung_Opacity-2343.png,3,Pneumonia,0,Normal,0.5207173,0.00079146074,0.0048262477,0.47366503
/media/storage2/Anuj/5th international anujj ones/medxpert/data/raw/Pneumonia/pneu_Lung_Opacity-2345.png,3,Pneumonia,3,Pneumonia,0.0017987173,0.0007935141,0.0011090273,0.99629873
/media/storage2/Anuj/5th international anujj ones/medxpert/data/raw/Pneumonia/pneu_Lung_Opacity-2347.png,3,Pneumonia,3,Pneumonia,0.002917737,0.00051570835,0.0005473418,0.9960192
/media/storage2/Anuj/5th international anujj ones/medxpert/data/raw/Pneumonia/pneu_Lung_Opacity-2388.png,3,Pneumonia,3,Pneumonia,0.0020075573,0.00079009344,0.0008589184,0.99634343
/media/storage2/Anuj/5th international anujj ones/medxpert/data/raw/Pneumonia/pneu_Lung_Opacity-2411.png,3,Pneumonia,0,Normal,0.9905483,0.0005236178,0.00058965775,0.008338418
/media/storage2/Anuj/5th international anujj ones/medxpert/data/raw/Pneumonia/pneu_Lung_Opacity-2417.png,3,Pneumonia,3,Pneumonia,0.0020253847,0.000763158,0.0008575801,0.99635386
/media/storage2/Anuj/5th international anujj ones/medxpert/data/raw/Pneumonia/pneu_Lung_Opacity-2421.png,3,Pneumonia,3,Pneumonia,0.0041281357,0.00033623577,0.00046838235,0.99506724
/media/storage2/Anuj/5th international anujj ones/medxpert/data/raw/Pneumonia/pneu_Lung_Opacity-2432.png,3,Pneumonia,3,Pneumonia,0.00898774,0.00025817324,0.00037757156,0.99037653
/media/storage2/Anuj/5th international anujj ones/medxpert/data/raw/Pneumonia/pneu_Lung_Opacity-2584.png,3,Pneumonia,3,Pneumonia,0.0018594217,0.000845475,0.0009873591,0.99630773
/media/storage2/Anuj/5th international anujj ones/medxpert/data/raw/Pneumonia/pneu_Lung_Opacity-2618.png,3,Pneumonia,3,Pneumonia,0.0022419,0.0006546888,0.00075141055,0.99635196
/media/storage2/Anuj/5th international anujj ones/medxpert/data/raw/Pneumonia/pneu_Lung_Opacity-2672.png,3,Pneumonia,3,Pneumonia,0.0026495703,0.00060978025,0.0006121266,0.99612844
/media/storage2/Anuj/5th international anujj ones/medxpert/data/raw/Pneumonia/pneu_Lung_Opacity-2679.png,3,Pneumonia,3,Pneumonia,0.0026117838,0.0005471267,0.0006279506,0.9962132
/media/storage2/Anuj/5th international anujj ones/medxpert/data/raw/Pneumonia/pneu_Lung_Opacity-2680.png,3,Pneumonia,3,Pneumonia,0.29863378,0.00061841845,0.0022460946,0.69850177
/media/storage2/Anuj/5th international anujj ones/medxpert/data/raw/Pneumonia/pneu_Lung_Opacity-2698.png,3,Pneumonia,3,Pneumonia,0.0030793413,0.00038542185,0.0006148005,0.9959204
/media/storage2/Anuj/5th international anujj ones/medxpert/data/raw/Pneumonia/pneu_Lung_Opacity-2704.png,3,Pneumonia,3,Pneumonia,0.002092966,0.00057573506,0.00094230415,0.99638903
/media/storage2/Anuj/5th international anujj ones/medxpert/data/raw/Pneumonia/pneu_Lung_Opacity-2736.png,3,Pneumonia,3,Pneumonia,0.0017530317,0.00037500414,0.0066062384,0.9912657
/media/storage2/Anuj/5th international anujj ones/medxpert/data/raw/Pneumonia/pneu_Lung_Opacity-2748.png,3,Pneumonia,3,Pneumonia,0.0018910858,0.00078471954,0.0009867504,0.9963374
/media/storage2/Anuj/5th international anujj ones/medxpert/data/raw/Pneumonia/pneu_Lung_Opacity-2759.png,3,Pneumonia,3,Pneumonia,0.0062961155,0.00022439666,0.000486612,0.9929929
/media/storage2/Anuj/5th international anujj ones/medxpert/data/raw/Pneumonia/pneu_Lung_Opacity-2761.png,3,Pneumonia,3,Pneumonia,0.0022300314,0.0007071497,0.00073492527,0.99632794
/media/storage2/Anuj/5th international anujj ones/medxpert/data/raw/Pneumonia/pneu_Lung_Opacity-2827.png,3,Pneumonia,3,Pneumonia,0.00409905,0.00040042904,0.00045901758,0.99504155
/media/storage2/Anuj/5th international anujj ones/medxpert/data/raw/Pneumonia/pneu_Lung_Opacity-2874.png,3,Pneumonia,3,Pneumonia,0.002190043,0.00061300467,0.0008338611,0.9963631
/media/storage2/Anuj/5th international anujj ones/medxpert/data/raw/Pneumonia/pneu_Lung_Opacity-288.png,3,Pneumonia,3,Pneumonia,0.0017365769,0.000839547,0.0011759482,0.99624795
/media/storage2/Anuj/5th international anujj ones/medxpert/data/raw/Pneumonia/pneu_Lung_Opacity-2892.png,3,Pneumonia,3,Pneumonia,0.003354956,0.0004219617,0.0005153431,0.99570775
/media/storage2/Anuj/5th international anujj ones/medxpert/data/raw/Pneumonia/pneu_Lung_Opacity-2902.png,3,Pneumonia,3,Pneumonia,0.0024901098,0.0005839299,0.0006615632,0.9962644
/media/storage2/Anuj/5th international anujj ones/medxpert/data/raw/Pneumonia/pneu_Lung_Opacity-2924.png,3,Pneumonia,3,Pneumonia,0.00236525,0.00067315507,0.0006705352,0.99629104
/media/storage2/Anuj/5th international anujj ones/medxpert/data/raw/Pneumonia/pneu_Lung_Opacity-2931.png,3,Pneumonia,3,Pneumonia,0.002021551,0.0008056377,0.000838649,0.9963342
/media/storage2/Anuj/5th international anujj ones/medxpert/data/raw/Pneumonia/pneu_Lung_Opacity-2940.png,3,Pneumonia,3,Pneumonia,0.0023808174,0.00064198906,0.0006777433,0.99629945
/media/storage2/Anuj/5th international anujj ones/medxpert/data/raw/Pneumonia/pneu_Lung_Opacity-2953.png,3,Pneumonia,3,Pneumonia,0.0023523634,0.0006630667,0.0006922402,0.9962923
/media/storage2/Anuj/5th international anujj ones/medxpert/data/raw/Pneumonia/pneu_Lung_Opacity-2971.png,3,Pneumonia,3,Pneumonia,0.032989662,0.00025267946,0.0005402357,0.96621746
/media/storage2/Anuj/5th international anujj ones/medxpert/data/raw/Pneumonia/pneu_Lung_Opacity-3015.png,3,Pneumonia,0,Normal,0.96312535,0.000783413,0.001067991,0.03502333
/media/storage2/Anuj/5th international anujj ones/medxpert/data/raw/Pneumonia/pneu_Lung_Opacity-3037.png,3,Pneumonia,3,Pneumonia,0.0021114554,0.0007158179,0.0008141706,0.9963586
/media/storage2/Anuj/5th international anujj ones/medxpert/data/raw/Pneumonia/pneu_Lung_Opacity-3043.png,3,Pneumonia,3,Pneumonia,0.25655892,0.0005191261,0.0020680348,0.7408539
/media/storage2/Anuj/5th international anujj ones/medxpert/data/raw/Pneumonia/pneu_Lung_Opacity-3060.png,3,Pneumonia,3,Pneumonia,0.0017231294,0.000983546,0.001104592,0.9961887
/media/storage2/Anuj/5th international anujj ones/medxpert/data/raw/Pneumonia/pneu_Lung_Opacity-3088.png,3,Pneumonia,3,Pneumonia,0.0011393565,0.0011610939,0.01537648,0.9823231
/media/storage2/Anuj/5th international anujj ones/medxpert/data/raw/Pneumonia/pneu_Lung_Opacity-3112.png,3,Pneumonia,3,Pneumonia,0.0015047982,0.00081854814,0.0018806661,0.99579597
/media/storage2/Anuj/5th international anujj ones/medxpert/data/raw/Pneumonia/pneu_Lung_Opacity-312.png,3,Pneumonia,3,Pneumonia,0.0021248555,0.00060176256,0.00088378857,0.99638957
/media/storage2/Anuj/5th international anujj ones/medxpert/data/raw/Pneumonia/pneu_Lung_Opacity-3150.png,3,Pneumonia,3,Pneumonia,0.0013530683,0.0018847906,0.0022786402,0.99448353
/media/storage2/Anuj/5th international anujj ones/medxpert/data/raw/Pneumonia/pneu_Lung_Opacity-3151.png,3,Pneumonia,3,Pneumonia,0.0022958743,0.0005081018,0.00083959283,0.9963565
/media/storage2/Anuj/5th international anujj ones/medxpert/data/raw/Pneumonia/pneu_Lung_Opacity-3163.png,3,Pneumonia,3,Pneumonia,0.0023522396,0.0006044803,0.00071589026,0.99632734
/media/storage2/Anuj/5th international anujj ones/medxpert/data/raw/Pneumonia/pneu_Lung_Opacity-3192.png,3,Pneumonia,3,Pneumonia,0.0023268717,0.00059247867,0.00073884,0.99634176
/media/storage2/Anuj/5th international anujj ones/medxpert/data/raw/Pneumonia/pneu_Lung_Opacity-3212.png,3,Pneumonia,3,Pneumonia,0.002318597,0.000644925,0.0007114721,0.99632496
/media/storage2/Anuj/5th international anujj ones/medxpert/data/raw/Pneumonia/pneu_Lung_Opacity-3228.png,3,Pneumonia,3,Pneumonia,0.034254193,0.0002103201,0.0006590395,0.9648765
/media/storage2/Anuj/5th international anujj ones/medxpert/data/raw/Pneumonia/pneu_Lung_Opacity-3236.png,3,Pneumonia,3,Pneumonia,0.0022599879,0.00067502406,0.0007289773,0.996336
/media/storage2/Anuj/5th international anujj ones/medxpert/data/raw/Pneumonia/pneu_Lung_Opacity-3288.png,3,Pneumonia,3,Pneumonia,0.0024174065,0.00043743738,0.0008454573,0.9962997
/media/storage2/Anuj/5th international anujj ones/medxpert/data/raw/Pneumonia/pneu_Lung_Opacity-3339.png,3,Pneumonia,3,Pneumonia,0.002274303,0.0006004661,0.0007754825,0.9963497
/media/storage2/Anuj/5th international anujj ones/medxpert/data/raw/Pneumonia/pneu_Lung_Opacity-3352.png,3,Pneumonia,0,Normal,0.93412334,0.0007618673,0.0029724126,0.06214231
/media/storage2/Anuj/5th international anujj ones/medxpert/data/raw/Pneumonia/pneu_Lung_Opacity-3356.png,3,Pneumonia,3,Pneumonia,0.002027602,0.00067624275,0.0009127602,0.9963834
/media/storage2/Anuj/5th international anujj ones/medxpert/data/raw/Pneumonia/pneu_Lung_Opacity-3359.png,3,Pneumonia,0,Normal,0.94896245,0.0014337044,0.0040756855,0.04552807
/media/storage2/Anuj/5th international anujj ones/medxpert/data/raw/Pneumonia/pneu_Lung_Opacity-3365.png,3,Pneumonia,3,Pneumonia,0.0027598748,0.0004972929,0.0006067762,0.996136
/media/storage2/Anuj/5th international anujj ones/medxpert/data/raw/Pneumonia/pneu_Lung_Opacity-337.png,3,Pneumonia,3,Pneumonia,0.002133351,0.0007267896,0.00078819436,0.9963516
/media/storage2/Anuj/5th international anujj ones/medxpert/data/raw/Pneumonia/pneu_Lung_Opacity-3376.png,3,Pneumonia,0,Normal,0.9124887,0.0007529934,0.0023695582,0.08438879
/media/storage2/Anuj/5th international anujj ones/medxpert/data/raw/Pneumonia/pneu_Lung_Opacity-3400.png,3,Pneumonia,3,Pneumonia,0.002951195,0.000495768,0.00054742914,0.9960056
/media/storage2/Anuj/5th international anujj ones/medxpert/data/raw/Pneumonia/pneu_Lung_Opacity-3408.png,3,Pneumonia,3,Pneumonia,0.0041345283,0.00036925668,0.0004407319,0.99505544
/media/storage2/Anuj/5th international anujj ones/medxpert/data/raw/Pneumonia/pneu_Lung_Opacity-3410.png,3,Pneumonia,3,Pneumonia,0.0027675305,0.00038221435,0.0007376107,0.99611264
/media/storage2/Anuj/5th international anujj ones/medxpert/data/raw/Pneumonia/pneu_Lung_Opacity-3455.png,3,Pneumonia,3,Pneumonia,0.027496617,0.00022602973,0.00050816406,0.9717692
/media/storage2/Anuj/5th international anujj ones/medxpert/data/raw/Pneumonia/pneu_Lung_Opacity-350.png,3,Pneumonia,3,Pneumonia,0.0022397805,0.0006724925,0.0007426434,0.9963451
/media/storage2/Anuj/5th international anujj ones/medxpert/data/raw/Pneumonia/pneu_Lung_Opacity-3507.png,3,Pneumonia,3,Pneumonia,0.0017746257,0.0008203239,0.0011261848,0.9962788
/media/storage2/Anuj/5th international anujj ones/medxpert/data/raw/Pneumonia/pneu_Lung_Opacity-3541.png,3,Pneumonia,3,Pneumonia,0.086589366,0.00032703855,0.0009195124,0.91216403
/media/storage2/Anuj/5th international anujj ones/medxpert/data/raw/Pneumonia/pneu_Lung_Opacity-3569.png,3,Pneumonia,3,Pneumonia,0.0020082525,0.0007078176,0.0009089677,0.9963749
/media/storage2/Anuj/5th international anujj ones/medxpert/data/raw/Pneumonia/pneu_Lung_Opacity-359.png,3,Pneumonia,3,Pneumonia,0.001564228,0.00081543974,0.001638192,0.99598217
/media/storage2/Anuj/5th international anujj ones/medxpert/data/raw/Pneumonia/pneu_Lung_Opacity-3630.png,3,Pneumonia,3,Pneumonia,0.0025166988,0.00022573196,0.0036014775,0.99365616
/media/storage2/Anuj/5th international anujj ones/medxpert/data/raw/Pneumonia/pneu_Lung_Opacity-3673.png,3,Pneumonia,3,Pneumonia,0.0017327818,0.00084746577,0.0011765393,0.99624324
/media/storage2/Anuj/5th international anujj ones/medxpert/data/raw/Pneumonia/pneu_Lung_Opacity-3675.png,3,Pneumonia,3,Pneumonia,0.0020262403,0.0007352875,0.00087292737,0.99636555
/media/storage2/Anuj/5th international anujj ones/medxpert/data/raw/Pneumonia/pneu_Lung_Opacity-3714.png,3,Pneumonia,3,Pneumonia,0.0023634825,0.000545999,0.00075144484,0.9963391
/media/storage2/Anuj/5th international anujj ones/medxpert/data/raw/Pneumonia/pneu_Lung_Opacity-3750.png,3,Pneumonia,3,Pneumonia,0.002581159,0.0005404336,0.0006466349,0.99623173
/media/storage2/Anuj/5th international anujj ones/medxpert/data/raw/Pneumonia/pneu_Lung_Opacity-3755.png,3,Pneumonia,3,Pneumonia,0.00209916,0.0006058855,0.0009115943,0.9963833
/media/storage2/Anuj/5th international anujj ones/medxpert/data/raw/Pneumonia/pneu_Lung_Opacity-376.png,3,Pneumonia,3,Pneumonia,0.067414165,0.00022342363,0.0012000256,0.93116236
/media/storage2/Anuj/5th international anujj ones/medxpert/data/raw/Pneumonia/pneu_Lung_Opacity-3772.png,3,Pneumonia,3,Pneumonia,0.0033535908,0.00044934262,0.0004986327,0.99569845
/media/storage2/Anuj/5th international anujj ones/medxpert/data/raw/Pneumonia/pneu_Lung_Opacity-3843.png,3,Pneumonia,3,Pneumonia,0.0023935542,0.0006224951,0.00068152207,0.99630237
/media/storage2/Anuj/5th international anujj ones/medxpert/data/raw/Pneumonia/pneu_Lung_Opacity-3865.png,3,Pneumonia,3,Pneumonia,0.0025826157,0.00048299032,0.00069396954,0.9962404
/media/storage2/Anuj/5th international anujj ones/medxpert/data/raw/Pneumonia/pneu_Lung_Opacity-3867.png,3,Pneumonia,3,Pneumonia,0.0029069874,0.00049997907,0.00057123095,0.9960218
/media/storage2/Anuj/5th international anujj ones/medxpert/data/raw/Pneumonia/pneu_Lung_Opacity-3872.png,3,Pneumonia,3,Pneumonia,0.0019551176,0.00071228226,0.0009636361,0.996369
/media/storage2/Anuj/5th international anujj ones/medxpert/data/raw/Pneumonia/pneu_Lung_Opacity-3904.png,3,Pneumonia,3,Pneumonia,0.0031992258,0.0003965074,0.0005760018,0.9958282
/media/storage2/Anuj/5th international anujj ones/medxpert/data/raw/Pneumonia/pneu_Lung_Opacity-3908.png,3,Pneumonia,3,Pneumonia,0.0017553602,0.0008161269,0.0011644918,0.99626404
/media/storage2/Anuj/5th international anujj ones/medxpert/data/raw/Pneumonia/pneu_Lung_Opacity-3976.png,3,Pneumonia,3,Pneumonia,0.00421676,0.00033620594,0.00047084468,0.99497616
/media/storage2/Anuj/5th international anujj ones/medxpert/data/raw/Pneumonia/pneu_Lung_Opacity-3992.png,3,Pneumonia,3,Pneumonia,0.0026634822,0.0005461029,0.00061093556,0.99617946
/media/storage2/Anuj/5th international anujj ones/medxpert/data/raw/Pneumonia/pneu_Lung_Opacity-4044.png,3,Pneumonia,0,Normal,0.9900328,0.00047305453,0.00056093617,0.00893322
/media/storage2/Anuj/5th international anujj ones/medxpert/data/raw/Pneumonia/pneu_Lung_Opacity-4100.png,3,Pneumonia,3,Pneumonia,0.001590081,0.0009971054,0.0013613707,0.9960515
/media/storage2/Anuj/5th international anujj ones/medxpert/data/raw/Pneumonia/pneu_Lung_Opacity-4114.png,3,Pneumonia,3,Pneumonia,0.0020886974,0.00047469398,0.0011062922,0.9963303
/media/storage2/Anuj/5th international anujj ones/medxpert/data/raw/Pneumonia/pneu_Lung_Opacity-4162.png,3,Pneumonia,3,Pneumonia,0.0021507593,0.0006256184,0.0008389707,0.9963846
/media/storage2/Anuj/5th international anujj ones/medxpert/data/raw/Pneumonia/pneu_Lung_Opacity-4173.png,3,Pneumonia,3,Pneumonia,0.002527251,0.0005790121,0.0006431207,0.9962507
/media/storage2/Anuj/5th international anujj ones/medxpert/data/raw/Pneumonia/pneu_Lung_Opacity-4203.png,3,Pneumonia,3,Pneumonia,0.0016759208,0.00087168213,0.0012733929,0.996179
/media/storage2/Anuj/5th international anujj ones/medxpert/data/raw/Pneumonia/pneu_Lung_Opacity-4207.png,3,Pneumonia,3,Pneumonia,0.0032543049,0.0004146566,0.00053551694,0.9957955
/media/storage2/Anuj/5th international anujj ones/medxpert/data/raw/Pneumonia/pneu_Lung_Opacity-4227.png,3,Pneumonia,3,Pneumonia,0.0011838714,0.0017327782,0.013496615,0.9835867
/media/storage2/Anuj/5th international anujj ones/medxpert/data/raw/Pneumonia/pneu_Lung_Opacity-4231.png,3,Pneumonia,3,Pneumonia,0.0037855068,0.0003693068,0.00048810535,0.9953571
/media/storage2/Anuj/5th international anujj ones/medxpert/data/raw/Pneumonia/pneu_Lung_Opacity-4238.png,3,Pneumonia,3,Pneumonia,0.0020993222,0.00072498206,0.0008150649,0.9963606
/media/storage2/Anuj/5th international anujj ones/medxpert/data/raw/Pneumonia/pneu_Lung_Opacity-4240.png,3,Pneumonia,3,Pneumonia,0.0019166882,0.0008106888,0.0009408618,0.99633175
/media/storage2/Anuj/5th international anujj ones/medxpert/data/raw/Pneumonia/pneu_Lung_Opacity-4245.png,3,Pneumonia,3,Pneumonia,0.0023714346,0.0005635978,0.00073291885,0.9963321
/media/storage2/Anuj/5th international anujj ones/medxpert/data/raw/Pneumonia/pneu_Lung_Opacity-4297.png,3,Pneumonia,0,Normal,0.94627154,0.0006201271,0.0013578776,0.051750567
/media/storage2/Anuj/5th international anujj ones/medxpert/data/raw/Pneumonia/pneu_Lung_Opacity-4305.png,3,Pneumonia,3,Pneumonia,0.0039226124,0.00036677037,0.0004689834,0.99524164
/media/storage2/Anuj/5th international anujj ones/medxpert/data/raw/Pneumonia/pneu_Lung_Opacity-4312.png,3,Pneumonia,3,Pneumonia,0.0024272094,0.0006268159,0.00066199404,0.99628407
/media/storage2/Anuj/5th international anujj ones/medxpert/data/raw/Pneumonia/pneu_Lung_Opacity-4330.png,3,Pneumonia,3,Pneumonia,0.002181508,0.0007104007,0.00076148397,0.99634665
/media/storage2/Anuj/5th international anujj ones/medxpert/data/raw/Pneumonia/pneu_Lung_Opacity-4352.png,3,Pneumonia,2,COVID-19,0.0030669856,0.0006923757,0.67089313,0.32534748
/media/storage2/Anuj/5th international anujj ones/medxpert/data/raw/Pneumonia/pneu_Lung_Opacity-4354.png,3,Pneumonia,3,Pneumonia,0.0024442733,0.00058172224,0.00068001007,0.99629396
/media/storage2/Anuj/5th international anujj ones/medxpert/data/raw/Pneumonia/pneu_Lung_Opacity-4355.png,3,Pneumonia,3,Pneumonia,0.01862121,0.00016706821,0.00061342766,0.9805982
/media/storage2/Anuj/5th international anujj ones/medxpert/data/raw/Pneumonia/pneu_Lung_Opacity-4360.png,3,Pneumonia,3,Pneumonia,0.0021149933,0.00065283664,0.00084852835,0.99638367
/media/storage2/Anuj/5th international anujj ones/medxpert/data/raw/Pneumonia/pneu_Lung_Opacity-437.png,3,Pneumonia,3,Pneumonia,0.18447319,0.0004321523,0.0017124751,0.81338215
/media/storage2/Anuj/5th international anujj ones/medxpert/data/raw/Pneumonia/pneu_Lung_Opacity-4381.png,3,Pneumonia,3,Pneumonia,0.0025955215,0.0006394696,0.0006044891,0.9961605
/media/storage2/Anuj/5th international anujj ones/medxpert/data/raw/Pneumonia/pneu_Lung_Opacity-4431.png,3,Pneumonia,3,Pneumonia,0.0021878306,0.0007072005,0.0007585418,0.9963464
/media/storage2/Anuj/5th international anujj ones/medxpert/data/raw/Pneumonia/pneu_Lung_Opacity-4432.png,3,Pneumonia,3,Pneumonia,0.038514137,0.00023435599,0.00059770746,0.96065384
/media/storage2/Anuj/5th international anujj ones/medxpert/data/raw/Pneumonia/pneu_Lung_Opacity-4443.png,3,Pneumonia,3,Pneumonia,0.001964996,0.0007951262,0.0008977081,0.9963421
/media/storage2/Anuj/5th international anujj ones/medxpert/data/raw/Pneumonia/pneu_Lung_Opacity-4501.png,3,Pneumonia,3,Pneumonia,0.0023145217,0.0006223415,0.00072631595,0.9963368
/media/storage2/Anuj/5th international anujj ones/medxpert/data/raw/Pneumonia/pneu_Lung_Opacity-4527.png,3,Pneumonia,3,Pneumonia,0.0021327822,0.0007063198,0.0008084987,0.99635243
/media/storage2/Anuj/5th international anujj ones/medxpert/data/raw/Pneumonia/pneu_Lung_Opacity-4558.png,3,Pneumonia,3,Pneumonia,0.0022828714,0.00056870264,0.0007887376,0.99635965
/media/storage2/Anuj/5th international anujj ones/medxpert/data/raw/Pneumonia/pneu_Lung_Opacity-4575.png,3,Pneumonia,3,Pneumonia,0.0032832907,0.00042187743,0.0005247994,0.99577004
/media/storage2/Anuj/5th international anujj ones/medxpert/data/raw/Pneumonia/pneu_Lung_Opacity-4579.png,3,Pneumonia,3,Pneumonia,0.0020857502,0.0005977308,0.00092263165,0.99639386
/media/storage2/Anuj/5th international anujj ones/medxpert/data/raw/Pneumonia/pneu_Lung_Opacity-4656.png,3,Pneumonia,3,Pneumonia,0.041494556,0.00019131915,0.00083153567,0.9574826
/media/storage2/Anuj/5th international anujj ones/medxpert/data/raw/Pneumonia/pneu_Lung_Opacity-4667.png,3,Pneumonia,3,Pneumonia,0.03720945,0.00019239853,0.0008873896,0.9617108
/media/storage2/Anuj/5th international anujj ones/medxpert/data/raw/Pneumonia/pneu_Lung_Opacity-4731.png,3,Pneumonia,0,Normal,0.93852806,0.00069842185,0.0014149277,0.05935854
/media/storage2/Anuj/5th international anujj ones/medxpert/data/raw/Pneumonia/pneu_Lung_Opacity-4791.png,3,Pneumonia,3,Pneumonia,0.0044905297,0.00041100604,0.00047224195,0.9946262
/media/storage2/Anuj/5th international anujj ones/medxpert/data/raw/Pneumonia/pneu_Lung_Opacity-4797.png,3,Pneumonia,3,Pneumonia,0.0020457269,0.00059028226,0.00097363326,0.9963903
/media/storage2/Anuj/5th international anujj ones/medxpert/data/raw/Pneumonia/pneu_Lung_Opacity-4877.png,3,Pneumonia,3,Pneumonia,0.0040474576,0.00038227646,0.00049045676,0.99507976
/media/storage2/Anuj/5th international anujj ones/medxpert/data/raw/Pneumonia/pneu_Lung_Opacity-492.png,3,Pneumonia,3,Pneumonia,0.01711704,0.00019091129,0.0004791758,0.9822129
/media/storage2/Anuj/5th international anujj ones/medxpert/data/raw/Pneumonia/pneu_Lung_Opacity-4929.png,3,Pneumonia,0,Normal,0.93506765,0.00069788867,0.0015000041,0.06273437
/media/storage2/Anuj/5th international anujj ones/medxpert/data/raw/Pneumonia/pneu_Lung_Opacity-4943.png,3,Pneumonia,3,Pneumonia,0.0024113818,0.000569341,0.0007068325,0.99631244
/media/storage2/Anuj/5th international anujj ones/medxpert/data/raw/Pneumonia/pneu_Lung_Opacity-4952.png,3,Pneumonia,0,Normal,0.9921112,0.00057343795,0.0005810026,0.0067342864
/media/storage2/Anuj/5th international anujj ones/medxpert/data/raw/Pneumonia/pneu_Lung_Opacity-4973.png,3,Pneumonia,3,Pneumonia,0.0019395632,0.00070617837,0.0009867218,0.9963676
/media/storage2/Anuj/5th international anujj ones/medxpert/data/raw/Pneumonia/pneu_Lung_Opacity-4981.png,3,Pneumonia,2,COVID-19,0.0012193645,0.0021391585,0.6545816,0.34205988
/media/storage2/Anuj/5th international anujj ones/medxpert/data/raw/Pneumonia/pneu_Lung_Opacity-5025.png,3,Pneumonia,3,Pneumonia,0.0015441758,0.0016618887,0.4968753,0.49991858
/media/storage2/Anuj/5th international anujj ones/medxpert/data/raw/Pneumonia/pneu_Lung_Opacity-5026.png,3,Pneumonia,0,Normal,0.9350019,0.00062202517,0.0020627403,0.06231331
/media/storage2/Anuj/5th international anujj ones/medxpert/data/raw/Pneumonia/pneu_Lung_Opacity-5063.png,3,Pneumonia,3,Pneumonia,0.0022224756,0.0006846235,0.00074720144,0.9963457
/media/storage2/Anuj/5th international anujj ones/medxpert/data/raw/Pneumonia/pneu_Lung_Opacity-5074.png,3,Pneumonia,3,Pneumonia,0.002816286,0.00046873323,0.00062068406,0.9960943
/media/storage2/Anuj/5th international anujj ones/medxpert/data/raw/Pneumonia/pneu_Lung_Opacity-5118.png,3,Pneumonia,3,Pneumonia,0.05387075,0.0002466789,0.0007151428,0.9451675
/media/storage2/Anuj/5th international anujj ones/medxpert/data/raw/Pneumonia/pneu_Lung_Opacity-5142.png,3,Pneumonia,3,Pneumonia,0.002359357,0.00063180074,0.00069447426,0.99631435
/media/storage2/Anuj/5th international anujj ones/medxpert/data/raw/Pneumonia/pneu_Lung_Opacity-5157.png,3,Pneumonia,3,Pneumonia,0.0027123773,0.0005387163,0.0005981574,0.99615073
/media/storage2/Anuj/5th international anujj ones/medxpert/data/raw/Pneumonia/pneu_Lung_Opacity-5161.png,3,Pneumonia,3,Pneumonia,0.0023074197,0.00061316474,0.00073643436,0.99634296
/media/storage2/Anuj/5th international anujj ones/medxpert/data/raw/Pneumonia/pneu_Lung_Opacity-517.png,3,Pneumonia,3,Pneumonia,0.0019110898,0.0007924205,0.00095795514,0.9963386
/media/storage2/Anuj/5th international anujj ones/medxpert/data/raw/Pneumonia/pneu_Lung_Opacity-5181.png,3,Pneumonia,3,Pneumonia,0.0018411439,0.0008770862,0.0009934813,0.9962883
/media/storage2/Anuj/5th international anujj ones/medxpert/data/raw/Pneumonia/pneu_Lung_Opacity-5190.png,3,Pneumonia,3,Pneumonia,0.0020944076,0.00075048086,0.0008051484,0.99634993
/media/storage2/Anuj/5th international anujj ones/medxpert/data/raw/Pneumonia/pneu_Lung_Opacity-5199.png,3,Pneumonia,3,Pneumonia,0.0023160814,0.00063607504,0.00072014186,0.9963277
/media/storage2/Anuj/5th international anujj ones/medxpert/data/raw/Pneumonia/pneu_Lung_Opacity-520.png,3,Pneumonia,0,Normal,0.9848663,0.00044612918,0.0005824701,0.014105009
/media/storage2/Anuj/5th international anujj ones/medxpert/data/raw/Pneumonia/pneu_Lung_Opacity-5231.png,3,Pneumonia,3,Pneumonia,0.002275376,0.00058119226,0.00078700803,0.9963565
/media/storage2/Anuj/5th international anujj ones/medxpert/data/raw/Pneumonia/pneu_Lung_Opacity-533.png,3,Pneumonia,3,Pneumonia,0.001664065,0.0010064369,0.0011934249,0.996136
/media/storage2/Anuj/5th international anujj ones/medxpert/data/raw/Pneumonia/pneu_Lung_Opacity-5337.png,3,Pneumonia,3,Pneumonia,0.003698288,0.00038738322,0.0004746871,0.9954397
/media/storage2/Anuj/5th international anujj ones/medxpert/data/raw/Pneumonia/pneu_Lung_Opacity-5350.png,3,Pneumonia,3,Pneumonia,0.0017771665,0.0009202834,0.0010586772,0.99624395
/media/storage2/Anuj/5th international anujj ones/medxpert/data/raw/Pneumonia/pneu_Lung_Opacity-5365.png,3,Pneumonia,3,Pneumonia,0.0020561717,0.00080160686,0.0008107571,0.9963315
/media/storage2/Anuj/5th international anujj ones/medxpert/data/raw/Pneumonia/pneu_Lung_Opacity-5386.png,3,Pneumonia,3,Pneumonia,0.002319478,0.00066807587,0.00071704946,0.9962954
/media/storage2/Anuj/5th international anujj ones/medxpert/data/raw/Pneumonia/pneu_Lung_Opacity-5391.png,3,Pneumonia,3,Pneumonia,0.0016632287,0.00087703817,0.0012920296,0.9961677
/media/storage2/Anuj/5th international anujj ones/medxpert/data/raw/Pneumonia/pneu_Lung_Opacity-5392.png,3,Pneumonia,3,Pneumonia,0.0018672261,0.000747603,0.0010457762,0.99633944
/media/storage2/Anuj/5th international anujj ones/medxpert/data/raw/Pneumonia/pneu_Lung_Opacity-5394.png,3,Pneumonia,3,Pneumonia,0.008419613,0.00018277804,0.000545278,0.9908523
/media/storage2/Anuj/5th international anujj ones/medxpert/data/raw/Pneumonia/pneu_Lung_Opacity-5396.png,3,Pneumonia,3,Pneumonia,0.0014494178,0.000695257,0.0026453144,0.99521
/media/storage2/Anuj/5th international anujj ones/medxpert/data/raw/Pneumonia/pneu_Lung_Opacity-5468.png,3,Pneumonia,3,Pneumonia,0.0015908459,0.0009640144,0.0013901015,0.996055
/media/storage2/Anuj/5th international anujj ones/medxpert/data/raw/Pneumonia/pneu_Lung_Opacity-5490.png,3,Pneumonia,3,Pneumonia,0.001866167,0.0007838359,0.0010190802,0.9963309
/media/storage2/Anuj/5th international anujj ones/medxpert/data/raw/Pneumonia/pneu_Lung_Opacity-5542.png,3,Pneumonia,3,Pneumonia,0.001849871,0.0007183343,0.0011009591,0.9963308
/media/storage2/Anuj/5th international anujj ones/medxpert/data/raw/Pneumonia/pneu_Lung_Opacity-5552.png,3,Pneumonia,3,Pneumonia,0.0012180696,0.0010498613,0.004141676,0.99359035
/media/storage2/Anuj/5th international anujj ones/medxpert/data/raw/Pneumonia/pneu_Lung_Opacity-5557.png,3,Pneumonia,3,Pneumonia,0.0050813677,0.0003219143,0.00043119022,0.99416554
/media/storage2/Anuj/5th international anujj ones/medxpert/data/raw/Pneumonia/pneu_Lung_Opacity-5559.png,3,Pneumonia,3,Pneumonia,0.0017470524,0.00085378665,0.0011471029,0.9962521
/media/storage2/Anuj/5th international anujj ones/medxpert/data/raw/Pneumonia/pneu_Lung_Opacity-556.png,3,Pneumonia,3,Pneumonia,0.0018962104,0.0006453743,0.001104149,0.9963542
/media/storage2/Anuj/5th international anujj ones/medxpert/data/raw/Pneumonia/pneu_Lung_Opacity-5611.png,3,Pneumonia,3,Pneumonia,0.002368527,0.0006631521,0.0006912637,0.99627703
/media/storage2/Anuj/5th international anujj ones/medxpert/data/raw/Pneumonia/pneu_Lung_Opacity-5623.png,3,Pneumonia,3,Pneumonia,0.005427442,0.0002800598,0.00042926165,0.9938632
/media/storage2/Anuj/5th international anujj ones/medxpert/data/raw/Pneumonia/pneu_Lung_Opacity-5627.png,3,Pneumonia,3,Pneumonia,0.0026318242,0.00053706206,0.0006274376,0.9962037
/media/storage2/Anuj/5th international anujj ones/medxpert/data/raw/Pneumonia/pneu_Lung_Opacity-5699.png,3,Pneumonia,3,Pneumonia,0.18647231,0.0004361279,0.0015249524,0.8115666
/media/storage2/Anuj/5th international anujj ones/medxpert/data/raw/Pneumonia/pneu_Lung_Opacity-5717.png,3,Pneumonia,3,Pneumonia,0.0023315917,0.0006112709,0.0007221684,0.9963349
/media/storage2/Anuj/5th international anujj ones/medxpert/data/raw/Pneumonia/pneu_Lung_Opacity-5740.png,3,Pneumonia,3,Pneumonia,0.0021278472,0.0007632182,0.00077330327,0.9963356
/media/storage2/Anuj/5th international anujj ones/medxpert/data/raw/Pneumonia/pneu_Lung_Opacity-5790.png,3,Pneumonia,3,Pneumonia,0.0015957564,0.0009802144,0.0013640998,0.99605995
/media/storage2/Anuj/5th international anujj ones/medxpert/data/raw/Pneumonia/pneu_Lung_Opacity-5795.png,3,Pneumonia,3,Pneumonia,0.06931095,0.00024559002,0.0009890146,0.92945445
/media/storage2/Anuj/5th international anujj ones/medxpert/data/raw/Pneumonia/pneu_Lung_Opacity-5797.png,3,Pneumonia,3,Pneumonia,0.002252571,0.0007627057,0.00073596026,0.9962488
/media/storage2/Anuj/5th international anujj ones/medxpert/data/raw/Pneumonia/pneu_Lung_Opacity-5849.png,3,Pneumonia,3,Pneumonia,0.0015533613,0.00085825915,0.0016122223,0.99597615
/media/storage2/Anuj/5th international anujj ones/medxpert/data/raw/Pneumonia/pneu_Lung_Opacity-5860.png,3,Pneumonia,3,Pneumonia,0.0019364806,0.00074764487,0.00095871824,0.99635714
/media/storage2/Anuj/5th international anujj ones/medxpert/data/raw/Pneumonia/pneu_Lung_Opacity-5871.png,3,Pneumonia,3,Pneumonia,0.0013488225,0.0010439913,0.0023498726,0.9952573
/media/storage2/Anuj/5th international anujj ones/medxpert/data/raw/Pneumonia/pneu_Lung_Opacity-5888.png,3,Pneumonia,0,Normal,0.8909747,0.0014066204,0.07283411,0.034784596
/media/storage2/Anuj/5th international anujj ones/medxpert/data/raw/Pneumonia/pneu_Lung_Opacity-5892.png,3,Pneumonia,3,Pneumonia,0.0024126987,0.00061604363,0.00067508215,0.9962962
/media/storage2/Anuj/5th international anujj ones/medxpert/data/raw/Pneumonia/pneu_Lung_Opacity-5915.png,3,Pneumonia,3,Pneumonia,0.0019273122,0.000686714,0.0010189567,0.996367
/media/storage2/Anuj/5th international anujj ones/medxpert/data/raw/Pneumonia/pneu_Lung_Opacity-5942.png,3,Pneumonia,3,Pneumonia,0.008357977,0.000116242474,0.0036084272,0.98791736
/media/storage2/Anuj/5th international anujj ones/medxpert/data/raw/Pneumonia/pneu_Lung_Opacity-5996.png,3,Pneumonia,3,Pneumonia,0.0020309957,0.00065954454,0.00092292146,0.9963865
/media/storage2/Anuj/5th international anujj ones/medxpert/data/raw/Pneumonia/pneu_Lung_Opacity-6005.png,3,Pneumonia,3,Pneumonia,0.0031218114,0.00045489412,0.0005450541,0.9958782
/media/storage2/Anuj/5th international anujj ones/medxpert/data/raw/Pneumonia/pneu_Lung_Opacity-636.png,3,Pneumonia,3,Pneumonia,0.0017948067,0.00092397624,0.0010279845,0.99625325
/media/storage2/Anuj/5th international anujj ones/medxpert/data/raw/Pneumonia/pneu_Lung_Opacity-651.png,3,Pneumonia,3,Pneumonia,0.0027214396,0.00046266106,0.00065515895,0.99616075
/media/storage2/Anuj/5th international anujj ones/medxpert/data/raw/Pneumonia/pneu_Lung_Opacity-656.png,3,Pneumonia,3,Pneumonia,0.048131477,0.00022763446,0.00074970804,0.9508912
/media/storage2/Anuj/5th international anujj ones/medxpert/data/raw/Pneumonia/pneu_Lung_Opacity-684.png,3,Pneumonia,3,Pneumonia,0.0021466434,0.0005850555,0.0008791104,0.99638927
/media/storage2/Anuj/5th international anujj ones/medxpert/data/raw/Pneumonia/pneu_Lung_Opacity-727.png,3,Pneumonia,3,Pneumonia,0.0020762086,0.0007026848,0.0008481172,0.99637306
/media/storage2/Anuj/5th international anujj ones/medxpert/data/raw/Pneumonia/pneu_Lung_Opacity-814.png,3,Pneumonia,3,Pneumonia,0.01937146,0.00019690998,0.0005094439,0.9799222
/media/storage2/Anuj/5th international anujj ones/medxpert/data/raw/Pneumonia/pneu_Lung_Opacity-818.png,3,Pneumonia,3,Pneumonia,0.0019370645,0.0008106823,0.0009186571,0.9963336
/media/storage2/Anuj/5th international anujj ones/medxpert/data/raw/Pneumonia/pneu_Lung_Opacity-82.png,3,Pneumonia,3,Pneumonia,0.0021278278,0.00067214045,0.00082404417,0.996376
/media/storage2/Anuj/5th international anujj ones/medxpert/data/raw/Pneumonia/pneu_Lung_Opacity-841.png,3,Pneumonia,3,Pneumonia,0.0015329048,0.0007098994,0.0020052884,0.99575186
/media/storage2/Anuj/5th international anujj ones/medxpert/data/raw/Pneumonia/pneu_Lung_Opacity-908.png,3,Pneumonia,3,Pneumonia,0.0014256677,0.0006385087,0.0033780395,0.99455786
/media/storage2/Anuj/5th international anujj ones/medxpert/data/raw/Pneumonia/pneu_Lung_Opacity-939.png,3,Pneumonia,3,Pneumonia,0.001748487,0.0008004775,0.0011887609,0.99626225
/media/storage2/Anuj/5th international anujj ones/medxpert/data/raw/Pneumonia/pneu_Lung_Opacity-952.png,3,Pneumonia,3,Pneumonia,0.0017821986,0.0008534754,0.0010926449,0.9962717
/media/storage2/Anuj/5th international anujj ones/medxpert/data/raw/Pneumonia/pneu_Lung_Opacity-974.png,3,Pneumonia,3,Pneumonia,0.0032538027,0.00043423497,0.0005220641,0.99578995
/media/storage2/Anuj/5th international anujj ones/medxpert/data/raw/Pneumonia/pneu_Lung_Opacity-987.png,3,Pneumonia,0,Normal,0.5401473,0.0009449291,0.0041510933,0.4547567
/media/storage2/Anuj/5th international anujj ones/medxpert/data/raw/Pneumonia/pneu_Viral Pneumonia-1073.png,3,Pneumonia,3,Pneumonia,0.0034080786,0.0003640038,0.0005451873,0.9956827
/media/storage2/Anuj/5th international anujj ones/medxpert/data/raw/Pneumonia/pneu_Viral Pneumonia-1116.png,3,Pneumonia,3,Pneumonia,0.0037953262,0.0002957997,0.0005693747,0.9953395
/media/storage2/Anuj/5th international anujj ones/medxpert/data/raw/Pneumonia/pneu_Viral Pneumonia-1136.png,3,Pneumonia,3,Pneumonia,0.007299755,0.0002271108,0.00042054825,0.99205256
/media/storage2/Anuj/5th international anujj ones/medxpert/data/raw/Pneumonia/pneu_Viral Pneumonia-1163.png,3,Pneumonia,3,Pneumonia,0.002308355,0.0006211657,0.0007322688,0.99633825
/media/storage2/Anuj/5th international anujj ones/medxpert/data/raw/Pneumonia/pneu_Viral Pneumonia-1165.png,3,Pneumonia,3,Pneumonia,0.002255133,0.00064369116,0.0007519508,0.9963492
/media/storage2/Anuj/5th international anujj ones/medxpert/data/raw/Pneumonia/pneu_Viral Pneumonia-1168.png,3,Pneumonia,3,Pneumonia,0.002348931,0.00065758853,0.0006880134,0.99630547
/media/storage2/Anuj/5th international anujj ones/medxpert/data/raw/Pneumonia/pneu_Viral Pneumonia-1199.png,3,Pneumonia,3,Pneumonia,0.0024435096,0.0005746902,0.000687641,0.9962942
/media/storage2/Anuj/5th international anujj ones/medxpert/data/raw/Pneumonia/pneu_Viral Pneumonia-1213.png,3,Pneumonia,3,Pneumonia,0.0021426573,0.0007347305,0.0007765954,0.99634606
/media/storage2/Anuj/5th international anujj ones/medxpert/data/raw/Pneumonia/pneu_Viral Pneumonia-1219.png,3,Pneumonia,3,Pneumonia,0.0021945399,0.0006396364,0.00079676043,0.9963691
/media/storage2/Anuj/5th international anujj ones/medxpert/data/raw/Pneumonia/pneu_Viral Pneumonia-1304.png,3,Pneumonia,3,Pneumonia,0.0024232762,0.00059528195,0.000683771,0.99629766
/media/storage2/Anuj/5th international anujj ones/medxpert/data/raw/Pneumonia/pneu_Viral Pneumonia-1337.png,3,Pneumonia,3,Pneumonia,0.00262211,0.00048699288,0.00066685706,0.99622405
/media/storage2/Anuj/5th international anujj ones/medxpert/data/raw/Pneumonia/pneu_Viral Pneumonia-204.png,3,Pneumonia,3,Pneumonia,0.00185718,0.0007854122,0.0010325355,0.99632484
/media/storage2/Anuj/5th international anujj ones/medxpert/data/raw/Pneumonia/pneu_Viral Pneumonia-216.png,3,Pneumonia,3,Pneumonia,0.0019952168,0.00055865315,0.0010769463,0.99636924
/media/storage2/Anuj/5th international anujj ones/medxpert/data/raw/Pneumonia/pneu_Viral Pneumonia-221.png,3,Pneumonia,3,Pneumonia,0.0020698176,0.00075631496,0.0008225258,0.99635136
/media/storage2/Anuj/5th international anujj ones/medxpert/data/raw/Pneumonia/pneu_Viral Pneumonia-227.png,3,Pneumonia,3,Pneumonia,0.002010437,0.0006870722,0.00092279713,0.9963797
/media/storage2/Anuj/5th international anujj ones/medxpert/data/raw/Pneumonia/pneu_Viral Pneumonia-246.png,3,Pneumonia,3,Pneumonia,0.0023132607,0.0006780234,0.00069706177,0.9963116
/media/storage2/Anuj/5th international anujj ones/medxpert/data/raw/Pneumonia/pneu_Viral Pneumonia-247.png,3,Pneumonia,3,Pneumonia,0.0021637501,0.00069168716,0.00078668306,0.99635786
/media/storage2/Anuj/5th international anujj ones/medxpert/data/raw/Pneumonia/pneu_Viral Pneumonia-253.png,3,Pneumonia,3,Pneumonia,0.0025927774,0.00054472743,0.0006395042,0.996223
/media/storage2/Anuj/5th international anujj ones/medxpert/data/raw/Pneumonia/pneu_Viral Pneumonia-272.png,3,Pneumonia,3,Pneumonia,0.0026342266,0.0005276481,0.0006314204,0.99620664
/media/storage2/Anuj/5th international anujj ones/medxpert/data/raw/Pneumonia/pneu_Viral Pneumonia-302.png,3,Pneumonia,3,Pneumonia,0.002124621,0.00069955067,0.0008116226,0.9963642
/media/storage2/Anuj/5th international anujj ones/medxpert/data/raw/Pneumonia/pneu_Viral Pneumonia-313.png,3,Pneumonia,3,Pneumonia,0.0017146008,0.00062766403,0.001511609,0.9961461
/media/storage2/Anuj/5th international anujj ones/medxpert/data/raw/Pneumonia/pneu_Viral Pneumonia-335.png,3,Pneumonia,3,Pneumonia,0.0018498581,0.00078979,0.001038507,0.9963218
/media/storage2/Anuj/5th international anujj ones/medxpert/data/raw/Pneumonia/pneu_Viral Pneumonia-346.png,3,Pneumonia,3,Pneumonia,0.0017211811,0.0008428796,0.0012041833,0.99623173
/media/storage2/Anuj/5th international anujj ones/medxpert/data/raw/Pneumonia/pneu_Viral Pneumonia-365.png,3,Pneumonia,3,Pneumonia,0.002431575,0.0005231551,0.0007340049,0.99631125
/media/storage2/Anuj/5th international anujj ones/medxpert/data/raw/Pneumonia/pneu_Viral Pneumonia-379.png,3,Pneumonia,3,Pneumonia,0.0020141932,0.00075816514,0.00087057386,0.996357
/media/storage2/Anuj/5th international anujj ones/medxpert/data/raw/Pneumonia/pneu_Viral Pneumonia-382.png,3,Pneumonia,3,Pneumonia,0.0020975443,0.00070549047,0.00083021127,0.99636674
/media/storage2/Anuj/5th international anujj ones/medxpert/data/raw/Pneumonia/pneu_Viral Pneumonia-394.png,3,Pneumonia,3,Pneumonia,0.0021074482,0.0006311796,0.0008823018,0.9963791
/media/storage2/Anuj/5th international anujj ones/medxpert/data/raw/Pneumonia/pneu_Viral Pneumonia-410.png,3,Pneumonia,3,Pneumonia,0.0023774114,0.000624642,0.000691133,0.9963068
/media/storage2/Anuj/5th international anujj ones/medxpert/data/raw/Pneumonia/pneu_Viral Pneumonia-453.png,3,Pneumonia,3,Pneumonia,0.002679336,0.0005205183,0.0006193962,0.9961808
/media/storage2/Anuj/5th international anujj ones/medxpert/data/raw/Pneumonia/pneu_Viral Pneumonia-475.png,3,Pneumonia,3,Pneumonia,0.0022800928,0.000592263,0.000768885,0.9963587
/media/storage2/Anuj/5th international anujj ones/medxpert/data/raw/Pneumonia/pneu_Viral Pneumonia-485.png,3,Pneumonia,3,Pneumonia,0.008944737,0.00019886954,0.0004507458,0.9904056
/media/storage2/Anuj/5th international anujj ones/medxpert/data/raw/Pneumonia/pneu_Viral Pneumonia-514.png,3,Pneumonia,3,Pneumonia,0.0022818495,0.0005397414,0.00081306114,0.9963653
/media/storage2/Anuj/5th international anujj ones/medxpert/data/raw/Pneumonia/pneu_Viral Pneumonia-541.png,3,Pneumonia,3,Pneumonia,0.0020801364,0.0006893854,0.0008581569,0.99637234
/media/storage2/Anuj/5th international anujj ones/medxpert/data/raw/Pneumonia/pneu_Viral Pneumonia-549.png,3,Pneumonia,3,Pneumonia,0.002836621,0.00049567275,0.0005818282,0.9960859
/media/storage2/Anuj/5th international anujj ones/medxpert/data/raw/Pneumonia/pneu_Viral Pneumonia-582.png,3,Pneumonia,3,Pneumonia,0.0026828381,0.0005224846,0.00061617536,0.9961785
/media/storage2/Anuj/5th international anujj ones/medxpert/data/raw/Pneumonia/pneu_Viral Pneumonia-616.png,3,Pneumonia,3,Pneumonia,0.0027466456,0.00048374647,0.00062055216,0.99614906
/media/storage2/Anuj/5th international anujj ones/medxpert/data/raw/Pneumonia/pneu_Viral Pneumonia-617.png,3,Pneumonia,3,Pneumonia,0.003142291,0.00044767736,0.0005323667,0.9958776
/media/storage2/Anuj/5th international anujj ones/medxpert/data/raw/Pneumonia/pneu_Viral Pneumonia-618.png,3,Pneumonia,3,Pneumonia,0.0018199524,0.0007614997,0.0011045141,0.996314
/media/storage2/Anuj/5th international anujj ones/medxpert/data/raw/Pneumonia/pneu_Viral Pneumonia-640.png,3,Pneumonia,3,Pneumonia,0.0021341662,0.00073901605,0.0007813162,0.99634546
/media/storage2/Anuj/5th international anujj ones/medxpert/data/raw/Pneumonia/pneu_Viral Pneumonia-664.png,3,Pneumonia,3,Pneumonia,0.001963285,0.0008205914,0.0008852608,0.9963309
/media/storage2/Anuj/5th international anujj ones/medxpert/data/raw/Pneumonia/pneu_Viral Pneumonia-680.png,3,Pneumonia,3,Pneumonia,0.0018035952,0.000725858,0.0011659482,0.99630463
/media/storage2/Anuj/5th international anujj ones/medxpert/data/raw/Pneumonia/pneu_Viral Pneumonia-702.png,3,Pneumonia,3,Pneumonia,0.0017902397,0.0007319608,0.0011808936,0.99629694
/media/storage2/Anuj/5th international anujj ones/medxpert/data/raw/Pneumonia/pneu_Viral Pneumonia-725.png,3,Pneumonia,3,Pneumonia,0.002395462,0.0005745635,0.00071592216,0.9963141
/media/storage2/Anuj/5th international anujj ones/medxpert/data/raw/Pneumonia/pneu_Viral Pneumonia-756.png,3,Pneumonia,3,Pneumonia,0.0031234582,0.00040912384,0.0005669692,0.99590045
/media/storage2/Anuj/5th international anujj ones/medxpert/data/raw/Pneumonia/pneu_Viral Pneumonia-790.png,3,Pneumonia,3,Pneumonia,0.001871355,0.0008208732,0.0009901527,0.9963176
/media/storage2/Anuj/5th international anujj ones/medxpert/data/raw/Pneumonia/pneu_Viral Pneumonia-825.png,3,Pneumonia,3,Pneumonia,0.0024055997,0.00060942466,0.0006851436,0.9962998
/media/storage2/Anuj/5th international anujj ones/medxpert/data/raw/Pneumonia/pneu_Viral Pneumonia-840.png,3,Pneumonia,3,Pneumonia,0.0027477497,0.00044561943,0.0006576771,0.99614894
/media/storage2/Anuj/5th international anujj ones/medxpert/data/raw/Pneumonia/pneu_Viral Pneumonia-850.png,3,Pneumonia,3,Pneumonia,0.002994719,0.00042746487,0.0005884373,0.9959894
/media/storage2/Anuj/5th international anujj ones/medxpert/data/raw/Pneumonia/pneu_Viral Pneumonia-882.png,3,Pneumonia,3,Pneumonia,0.002643367,0.0005390697,0.000619692,0.9961979
/media/storage2/Anuj/5th international anujj ones/medxpert/data/raw/Pneumonia/pneu_Viral Pneumonia-883.png,3,Pneumonia,3,Pneumonia,0.0023385219,0.0006248878,0.00071208674,0.9963245
/media/storage2/Anuj/5th international anujj ones/medxpert/data/raw/Pneumonia/pneu_Viral Pneumonia-895.png,3,Pneumonia,3,Pneumonia,0.0025180208,0.00052076654,0.0006874131,0.99627376
/media/storage2/Anuj/5th international anujj ones/medxpert/data/raw/Pneumonia/pneu_Viral Pneumonia-900.png,3,Pneumonia,3,Pneumonia,0.003871768,0.00031086177,0.00053241634,0.995285
/media/storage2/Anuj/5th international anujj ones/medxpert/data/raw/Pneumonia/pneu_Viral Pneumonia-925.png,3,Pneumonia,3,Pneumonia,0.0026150856,0.00049801177,0.00066367985,0.9962232
/media/storage2/Anuj/5th international anujj ones/medxpert/data/raw/Pneumonia/pneu_Viral Pneumonia-938.png,3,Pneumonia,3,Pneumonia,0.0027966881,0.00047916087,0.0006076123,0.9961165
/media/storage2/Anuj/5th international anujj ones/medxpert/data/raw/Pneumonia/pneu_Viral Pneumonia-940.png,3,Pneumonia,3,Pneumonia,0.0028809935,0.00044720646,0.0006076261,0.9960641
/media/storage2/Anuj/5th international anujj ones/medxpert/data/raw/Pneumonia/pneu_Viral Pneumonia-952.png,3,Pneumonia,3,Pneumonia,0.0021465102,0.0007226011,0.00078214856,0.99634874
/media/storage2/Anuj/5th international anujj ones/medxpert/data/raw/Pneumonia/pneu_Viral Pneumonia-978.png,3,Pneumonia,3,Pneumonia,0.0021737623,0.00066448556,0.00079361745,0.99636817
/media/storage2/Anuj/5th international anujj ones/medxpert/data/raw/Pneumonia/pneu_Viral Pneumonia-997.png,3,Pneumonia,3,Pneumonia,0.049263176,0.00020145124,0.00083816034,0.9496972
/media/storage2/Anuj/5th international anujj ones/medxpert/data/raw/Pneumonia/pneu_person1015_virus_1702.jpeg,3,Pneumonia,3,Pneumonia,0.0019319312,0.0008518124,0.00090246025,0.99631375
/media/storage2/Anuj/5th international anujj ones/medxpert/data/raw/Pneumonia/pneu_person1019_virus_1708.jpeg,3,Pneumonia,3,Pneumonia,0.0023497348,0.0006720419,0.0006813977,0.9962968
/media/storage2/Anuj/5th international anujj ones/medxpert/data/raw/Pneumonia/pneu_person1036_virus_1730.jpeg,3,Pneumonia,3,Pneumonia,0.0038832484,0.00038639904,0.00045386283,0.99527645
/media/storage2/Anuj/5th international anujj ones/medxpert/data/raw/Pneumonia/pneu_person103_bacteria_488.jpeg,3,Pneumonia,3,Pneumonia,0.0023198423,0.0006718208,0.00069558836,0.9963128
/media/storage2/Anuj/5th international anujj ones/medxpert/data/raw/Pneumonia/pneu_person1040_virus_1735.jpeg,3,Pneumonia,3,Pneumonia,0.0027713035,0.00051939604,0.000587638,0.9961216
/media/storage2/Anuj/5th international anujj ones/medxpert/data/raw/Pneumonia/pneu_person1049_bacteria_2983.jpeg,3,Pneumonia,3,Pneumonia,0.002605159,0.00056340324,0.00062078005,0.9962107
/media/storage2/Anuj/5th international anujj ones/medxpert/data/raw/Pneumonia/pneu_person1051_bacteria_2985.jpeg,3,Pneumonia,3,Pneumonia,0.0019221217,0.000805632,0.0009369514,0.99633527
/media/storage2/Anuj/5th international anujj ones/medxpert/data/raw/Pneumonia/pneu_person1052_virus_1751.jpeg,3,Pneumonia,3,Pneumonia,0.002369381,0.00060072535,0.0007134691,0.99631643
/media/storage2/Anuj/5th international anujj ones/medxpert/data/raw/Pneumonia/pneu_person1067_virus_1770.jpeg,3,Pneumonia,3,Pneumonia,0.0030687675,0.0004621963,0.00054168125,0.9959273
/media/storage2/Anuj/5th international anujj ones/medxpert/data/raw/Pneumonia/pneu_person1074_bacteria_3014.jpeg,3,Pneumonia,3,Pneumonia,0.0024276122,0.000606831,0.00067295134,0.99629253
/media/storage2/Anuj/5th international anujj ones/medxpert/data/raw/Pneumonia/pneu_person1079_virus_1789.jpeg,3,Pneumonia,3,Pneumonia,0.0023768118,0.0006614992,0.0006710659,0.9962907
/media/storage2/Anuj/5th international anujj ones/medxpert/data/raw/Pneumonia/pneu_person1082_bacteria_3022.jpeg,3,Pneumonia,3,Pneumonia,0.002035529,0.00071640493,0.0008764679,0.9963716
/media/storage2/Anuj/5th international anujj ones/medxpert/data/raw/Pneumonia/pneu_person108_virus_201.jpeg,3,Pneumonia,3,Pneumonia,0.0012942428,0.0010708314,0.002788238,0.9948467
/media/storage2/Anuj/5th international anujj ones/medxpert/data/raw/Pneumonia/pneu_person1101_bacteria_3042.jpeg,3,Pneumonia,3,Pneumonia,0.0023454055,0.00065867195,0.0006893566,0.99630654
/media/storage2/Anuj/5th international anujj ones/medxpert/data/raw/Pneumonia/pneu_person1113_virus_1838.jpeg,3,Pneumonia,3,Pneumonia,0.0025814048,0.00057714613,0.00062458793,0.99621683
/media/storage2/Anuj/5th international anujj ones/medxpert/data/raw/Pneumonia/pneu_person112_virus_213.jpeg,3,Pneumonia,3,Pneumonia,0.003187244,0.00044573768,0.00052367215,0.99584335
/media/storage2/Anuj/5th international anujj ones/medxpert/data/raw/Pneumonia/pneu_person1135_bacteria_3077.jpeg,3,Pneumonia,3,Pneumonia,0.0021617606,0.000755967,0.000755733,0.9963265
/media/storage2/Anuj/5th international anujj ones/medxpert/data/raw/Pneumonia/pneu_person1149_bacteria_3094.jpeg,3,Pneumonia,3,Pneumonia,0.002501295,0.00057091203,0.00066575274,0.996262
/media/storage2/Anuj/5th international anujj ones/medxpert/data/raw/Pneumonia/pneu_person1154_virus_1933.jpeg,3,Pneumonia,3,Pneumonia,0.0039872057,0.00032952518,0.0004936918,0.99518955
/media/storage2/Anuj/5th international anujj ones/medxpert/data/raw/Pneumonia/pneu_person1158_virus_1940.jpeg,3,Pneumonia,3,Pneumonia,0.0023373105,0.00067608996,0.00068432186,0.99630225
/media/storage2/Anuj/5th international anujj ones/medxpert/data/raw/Pneumonia/pneu_person1159_virus_1944.jpeg,3,Pneumonia,3,Pneumonia,0.0026773997,0.0005639615,0.00059262075,0.996166
/media/storage2/Anuj/5th international anujj ones/medxpert/data/raw/Pneumonia/pneu_person1180_virus_2008.jpeg,3,Pneumonia,3,Pneumonia,0.0026239825,0.0005775573,0.00060465233,0.99619377
/media/storage2/Anuj/5th international anujj ones/medxpert/data/raw/Pneumonia/pneu_person118_bacteria_559.jpeg,3,Pneumonia,3,Pneumonia,0.002320807,0.00061838096,0.000725795,0.996335
/media/storage2/Anuj/5th international anujj ones/medxpert/data/raw/Pneumonia/pneu_person1193_virus_2034.jpeg,3,Pneumonia,3,Pneumonia,0.0022005658,0.0006921907,0.00075968873,0.9963476
/media/storage2/Anuj/5th international anujj ones/medxpert/data/raw/Pneumonia/pneu_person1202_virus_2045.jpeg,3,Pneumonia,3,Pneumonia,0.002175701,0.0006969304,0.0007750314,0.9963523
/media/storage2/Anuj/5th international anujj ones/medxpert/data/raw/Pneumonia/pneu_person1234_bacteria_3190.jpeg,3,Pneumonia,3,Pneumonia,0.0023907265,0.0006504276,0.0006687142,0.9962901
/media/storage2/Anuj/5th international anujj ones/medxpert/data/raw/Pneumonia/pneu_person127_bacteria_604.jpeg,3,Pneumonia,3,Pneumonia,0.0076639536,0.00024322358,0.00039139763,0.9917014
/media/storage2/Anuj/5th international anujj ones/medxpert/data/raw/Pneumonia/pneu_person1298_bacteria_3261.jpeg,3,Pneumonia,3,Pneumonia,0.002305678,0.00064666435,0.0007176578,0.99632996
/media/storage2/Anuj/5th international anujj ones/medxpert/data/raw/Pneumonia/pneu_person1306_virus_2249.jpeg,3,Pneumonia,3,Pneumonia,0.0023428139,0.00065316836,0.0006939406,0.99631006
/media/storage2/Anuj/5th international anujj ones/medxpert/data/raw/Pneumonia/pneu_person1308_bacteria_3283.jpeg,3,Pneumonia,3,Pneumonia,0.002419131,0.0006247211,0.000668584,0.9962876
/media/storage2/Anuj/5th international anujj ones/medxpert/data/raw/Pneumonia/pneu_person1308_bacteria_3286.jpeg,3,Pneumonia,3,Pneumonia,0.0027528673,0.00051316526,0.00059804413,0.9961359
/media/storage2/Anuj/5th international anujj ones/medxpert/data/raw/Pneumonia/pneu_person1308_virus_2253.jpeg,3,Pneumonia,3,Pneumonia,0.0029901005,0.00046807757,0.0005598731,0.99598193
/media/storage2/Anuj/5th international anujj ones/medxpert/data/raw/Pneumonia/pneu_person1310_bacteria_3304.jpeg,3,Pneumonia,3,Pneumonia,0.002384737,0.00062740233,0.00068379333,0.99630404
/media/storage2/Anuj/5th international anujj ones/medxpert/data/raw/Pneumonia/pneu_person1323_bacteria_3363.jpeg,3,Pneumonia,3,Pneumonia,0.0043396195,0.0003178455,0.00046159266,0.9948809
/media/storage2/Anuj/5th international anujj ones/medxpert/data/raw/Pneumonia/pneu_person1326_bacteria_3372.jpeg,3,Pneumonia,3,Pneumonia,0.0029792027,0.00045422677,0.00056715327,0.99599946
/media/storage2/Anuj/5th international anujj ones/medxpert/data/raw/Pneumonia/pneu_person1328_virus_2294.jpeg,3,Pneumonia,3,Pneumonia,0.0028436012,0.0005125753,0.00056922087,0.9960747
/media/storage2/Anuj/5th international anujj ones/medxpert/data/raw/Pneumonia/pneu_person1331_virus_2299.jpeg,3,Pneumonia,3,Pneumonia,0.0042873463,0.0003021138,0.0004825485,0.994928
/media/storage2/Anuj/5th international anujj ones/medxpert/data/raw/Pneumonia/pneu_person1333_bacteria_3386.jpeg,3,Pneumonia,3,Pneumonia,0.0027701124,0.0005166536,0.0005879771,0.9961253
/media/storage2/Anuj/5th international anujj ones/medxpert/data/raw/Pneumonia/pneu_person1338_bacteria_3397.jpeg,3,Pneumonia,3,Pneumonia,0.0026523732,0.00054073974,0.0006171694,0.9961898
/media/storage2/Anuj/5th international anujj ones/medxpert/data/raw/Pneumonia/pneu_person1341_bacteria_3406.jpeg,3,Pneumonia,3,Pneumonia,0.0024477243,0.0006366263,0.000649361,0.9962663
/media/storage2/Anuj/5th international anujj ones/medxpert/data/raw/Pneumonia/pneu_person1343_bacteria_3411.jpeg,3,Pneumonia,3,Pneumonia,0.0024133893,0.0005616561,0.00071017817,0.9963148
/media/storage2/Anuj/5th international anujj ones/medxpert/data/raw/Pneumonia/pneu_person1343_bacteria_3415.jpeg,3,Pneumonia,3,Pneumonia,0.002018298,0.00074978825,0.0008721085,0.99635977
/media/storage2/Anuj/5th international anujj ones/medxpert/data/raw/Pneumonia/pneu_person134_bacteria_643.jpeg,3,Pneumonia,3,Pneumonia,0.0025300027,0.0005745824,0.0006455264,0.99624985
/media/storage2/Anuj/5th international anujj ones/medxpert/data/raw/Pneumonia/pneu_person1353_bacteria_3446.jpeg,3,Pneumonia,3,Pneumonia,0.0060779965,0.00026635468,0.00040703887,0.9932486
/media/storage2/Anuj/5th international anujj ones/medxpert/data/raw/Pneumonia/pneu_person1365_virus_2348.jpeg,3,Pneumonia,3,Pneumonia,0.0042323973,0.00034247906,0.00044730466,0.9949778
/media/storage2/Anuj/5th international anujj ones/medxpert/data/raw/Pneumonia/pneu_person1366_virus_2349.jpeg,3,Pneumonia,3,Pneumonia,0.0025170157,0.0005908247,0.00064374757,0.9962484
/media/storage2/Anuj/5th international anujj ones/medxpert/data/raw/Pneumonia/pneu_person136_bacteria_648.jpeg,3,Pneumonia,3,Pneumonia,0.0022845229,0.0006230021,0.00074430305,0.9963482
/media/storage2/Anuj/5th international anujj ones/medxpert/data/raw/Pneumonia/pneu_person1396_bacteria_3545.jpeg,3,Pneumonia,3,Pneumonia,0.00341474,0.00037099753,0.0005387747,0.9956755
/media/storage2/Anuj/5th international anujj ones/medxpert/data/raw/Pneumonia/pneu_person1429_virus_2443.jpeg,3,Pneumonia,3,Pneumonia,0.0029230188,0.0004829139,0.0005635555,0.9960305
/media/storage2/Anuj/5th international anujj ones/medxpert/data/raw/Pneumonia/pneu_person1436_bacteria_3711.jpeg,3,Pneumonia,3,Pneumonia,0.0025042354,0.0005765168,0.00065448665,0.99626476
/media/storage2/Anuj/5th international anujj ones/medxpert/data/raw/Pneumonia/pneu_person1454_virus_2486.jpeg,3,Pneumonia,3,Pneumonia,0.0024645193,0.000617547,0.0006514505,0.99626654
/media/storage2/Anuj/5th international anujj ones/medxpert/data/raw/Pneumonia/pneu_person1455_virus_2488.jpeg,3,Pneumonia,3,Pneumonia,0.002768567,0.0005234927,0.0005842958,0.9961236
/media/storage2/Anuj/5th international anujj ones/medxpert/data/raw/Pneumonia/pneu_person1455_virus_2496.jpeg,3,Pneumonia,3,Pneumonia,0.0020598841,0.0007843255,0.00081807544,0.9963378
/media/storage2/Anuj/5th international anujj ones/medxpert/data/raw/Pneumonia/pneu_person1468_virus_2545.jpeg,3,Pneumonia,3,Pneumonia,0.0037311343,0.00036619362,0.00049264333,0.99541
/media/storage2/Anuj/5th international anujj ones/medxpert/data/raw/Pneumonia/pneu_person1486_bacteria_3881.jpeg,3,Pneumonia,3,Pneumonia,0.0022510448,0.000704862,0.0007205353,0.9963236
/media/storage2/Anuj/5th international anujj ones/medxpert/data/raw/Pneumonia/pneu_person1490_virus_2596.jpeg,3,Pneumonia,3,Pneumonia,0.0023886547,0.0005983463,0.0007006857,0.9963123
/media/storage2/Anuj/5th international anujj ones/medxpert/data/raw/Pneumonia/pneu_person1496_bacteria_3909.jpeg,3,Pneumonia,3,Pneumonia,0.002543317,0.00058045186,0.0006376665,0.9962386
/media/storage2/Anuj/5th international anujj ones/medxpert/data/raw/Pneumonia/pneu_person1500_bacteria_3916.jpeg,3,Pneumonia,3,Pneumonia,0.004832932,0.00031620642,0.0004189696,0.9944319
/media/storage2/Anuj/5th international anujj ones/medxpert/data/raw/Pneumonia/pneu_person1508_bacteria_3949.jpeg,3,Pneumonia,3,Pneumonia,0.002563396,0.00058259635,0.0006279725,0.9962261
/media/storage2/Anuj/5th international anujj ones/medxpert/data/raw/Pneumonia/pneu_person151_virus_302.jpeg,3,Pneumonia,3,Pneumonia,0.0023548866,0.000657637,0.0006841125,0.9963033
/media/storage2/Anuj/5th international anujj ones/medxpert/data/raw/Pneumonia/pneu_person152_bacteria_721.jpeg,3,Pneumonia,3,Pneumonia,0.0020784917,0.00076998107,0.0008094401,0.9963421
/media/storage2/Anuj/5th international anujj ones/medxpert/data/raw/Pneumonia/pneu_person1532_virus_2667.jpeg,3,Pneumonia,3,Pneumonia,0.0026810437,0.00049432827,0.00063717423,0.9961875
/media/storage2/Anuj/5th international anujj ones/medxpert/data/raw/Pneumonia/pneu_person1537_bacteria_4020.jpeg,3,Pneumonia,3,Pneumonia,0.006205592,0.00026613259,0.0004034066,0.9931249
/media/storage2/Anuj/5th international anujj ones/medxpert/data/raw/Pneumonia/pneu_person1538_bacteria_4021.jpeg,3,Pneumonia,3,Pneumonia,0.0032996617,0.0004555592,0.00049275334,0.995752
/media/storage2/Anuj/5th international anujj ones/medxpert/data/raw/Pneumonia/pneu_person1556_virus_2699.jpeg,3,Pneumonia,3,Pneumonia,0.0029044545,0.0004534968,0.000592728,0.99604934
/media/storage2/Anuj/5th international anujj ones/medxpert/data/raw/Pneumonia/pneu_person1563_bacteria_4092.jpeg,3,Pneumonia,3,Pneumonia,0.0026657265,0.0005398773,0.0006100553,0.9961843
/media/storage2/Anuj/5th international anujj ones/medxpert/data/raw/Pneumonia/pneu_person1576_virus_2734.jpeg,3,Pneumonia,3,Pneumonia,0.0025121015,0.00060549565,0.0006359431,0.9962464
/media/storage2/Anuj/5th international anujj ones/medxpert/data/raw/Pneumonia/pneu_person1582_bacteria_4143.jpeg,3,Pneumonia,3,Pneumonia,0.0035315645,0.0004174682,0.0004810603,0.9955699
/media/storage2/Anuj/5th international anujj ones/medxpert/data/raw/Pneumonia/pneu_person1589_bacteria_4171.jpeg,3,Pneumonia,3,Pneumonia,0.0025311646,0.00061349303,0.00062612665,0.99622923
/media/storage2/Anuj/5th international anujj ones/medxpert/data/raw/Pneumonia/pneu_person1596_bacteria_4184.jpeg,3,Pneumonia,3,Pneumonia,0.0039433283,0.00037833772,0.00045118676,0.9952271
/media/storage2/Anuj/5th international anujj ones/medxpert/data/raw/Pneumonia/pneu_person1600_bacteria_4202.jpeg,3,Pneumonia,3,Pneumonia,0.0025667986,0.00059090776,0.0006272742,0.99621505
/media/storage2/Anuj/5th international anujj ones/medxpert/data/raw/Pneumonia/pneu_person1609_bacteria_4236.jpeg,3,Pneumonia,3,Pneumonia,0.0021300048,0.0007706435,0.0007706667,0.99632865
/media/storage2/Anuj/5th international anujj ones/medxpert/data/raw/Pneumonia/pneu_person1634_bacteria_4326.jpeg,3,Pneumonia,3,Pneumonia,0.002637391,0.00057406834,0.00060580287,0.99618274
/media/storage2/Anuj/5th international anujj ones/medxpert/data/raw/Pneumonia/pneu_person1642_bacteria_4352.jpeg,3,Pneumonia,3,Pneumonia,0.0023065787,0.0006680016,0.00070631434,0.99631906
/media/storage2/Anuj/5th international anujj ones/medxpert/data/raw/Pneumonia/pneu_person1644_virus_2844.jpeg,3,Pneumonia,3,Pneumonia,0.0029642694,0.0004952991,0.0005445288,0.9959959
/media/storage2/Anuj/5th international anujj ones/medxpert/data/raw/Pneumonia/pneu_person1659_virus_2867.jpeg,3,Pneumonia,3,Pneumonia,0.0023128877,0.00067875243,0.00069734,0.996311
/media/storage2/Anuj/5th international anujj ones/medxpert/data/raw/Pneumonia/pneu_person1660_virus_2869.jpeg,3,Pneumonia,3,Pneumonia,0.0023492288,0.00065428624,0.00069006387,0.9963064
/media/storage2/Anuj/5th international anujj ones/medxpert/data/raw/Pneumonia/pneu_person1684_bacteria_4461.jpeg,3,Pneumonia,3,Pneumonia,0.0024828038,0.00057958986,0.000670535,0.99626714
/media/storage2/Anuj/5th international anujj ones/medxpert/data/raw/Pneumonia/pneu_person1693_bacteria_4485.jpeg,3,Pneumonia,3,Pneumonia,0.0021549892,0.00073692854,0.00076933205,0.9963387
/media/storage2/Anuj/5th international anujj ones/medxpert/data/raw/Pneumonia/pneu_person1739_bacteria_4576.jpeg,3,Pneumonia,3,Pneumonia,0.0027498547,0.00053311413,0.0005874449,0.9961295
/media/storage2/Anuj/5th international anujj ones/medxpert/data/raw/Pneumonia/pneu_person1796_bacteria_4644.jpeg,3,Pneumonia,3,Pneumonia,0.0025209305,0.00060033187,0.0006359105,0.9962429
/media/storage2/Anuj/5th international anujj ones/medxpert/data/raw/Pneumonia/pneu_person1864_bacteria_4736.jpeg,3,Pneumonia,3,Pneumonia,0.003688687,0.000363361,0.0004952408,0.9954527
/media/storage2/Anuj/5th international anujj ones/medxpert/data/raw/Pneumonia/pneu_person18_bacteria_57.jpeg,3,Pneumonia,3,Pneumonia,0.0026728555,0.0005403966,0.0006099166,0.99617684
/media/storage2/Anuj/5th international anujj ones/medxpert/data/raw/Pneumonia/pneu_person1935_bacteria_4848.jpeg,3,Pneumonia,3,Pneumonia,0.0022897946,0.00068319123,0.00070840114,0.9963186
/media/storage2/Anuj/5th international anujj ones/medxpert/data/raw/Pneumonia/pneu_person1935_bacteria_4849.jpeg,3,Pneumonia,3,Pneumonia,0.0024373878,0.0006141742,0.00066730246,0.9962811
/media/storage2/Anuj/5th international anujj ones/medxpert/data/raw/Pneumonia/pneu_person1940_bacteria_4862.jpeg,3,Pneumonia,3,Pneumonia,0.002771654,0.000543584,0.0005734237,0.99611133
/media/storage2/Anuj/5th international anujj ones/medxpert/data/raw/Pneumonia/pneu_person1944_bacteria_4869.jpeg,3,Pneumonia,3,Pneumonia,0.0031915728,0.00049080135,0.0004978192,0.9958198
/media/storage2/Anuj/5th international anujj ones/medxpert/data/raw/Pneumonia/pneu_person1_bacteria_2.jpeg,3,Pneumonia,3,Pneumonia,0.0032267743,0.00042131453,0.00053070183,0.99582124
/media/storage2/Anuj/5th international anujj ones/medxpert/data/raw/Pneumonia/pneu_person21_bacteria_72.jpeg,3,Pneumonia,3,Pneumonia,0.025502525,0.00016384979,0.0007073563,0.97362626
/media/storage2/Anuj/5th international anujj ones/medxpert/data/raw/Pneumonia/pneu_person21_virus_52.jpeg,3,Pneumonia,3,Pneumonia,0.0027918834,0.0004988109,0.00059237634,0.9961169
/media/storage2/Anuj/5th international anujj ones/medxpert/data/raw/Pneumonia/pneu_person23_bacteria_97.jpeg,3,Pneumonia,3,Pneumonia,0.0026095125,0.0005553232,0.00062319683,0.996212
/media/storage2/Anuj/5th international anujj ones/medxpert/data/raw/Pneumonia/pneu_person266_bacteria_1241.jpeg,3,Pneumonia,3,Pneumonia,0.0021421001,0.0007276052,0.00078103086,0.9963492
/media/storage2/Anuj/5th international anujj ones/medxpert/data/raw/Pneumonia/pneu_person268_virus_553.jpeg,3,Pneumonia,3,Pneumonia,0.0025379274,0.00058951636,0.0006338752,0.9962387
/media/storage2/Anuj/5th international anujj ones/medxpert/data/raw/Pneumonia/pneu_person26_bacteria_123.jpeg,3,Pneumonia,3,Pneumonia,0.002492413,0.00059059565,0.000651703,0.99626535
/media/storage2/Anuj/5th international anujj ones/medxpert/data/raw/Pneumonia/pneu_person276_bacteria_1295.jpeg,3,Pneumonia,3,Pneumonia,0.002438336,0.0006452695,0.00064837636,0.9962681
/media/storage2/Anuj/5th international anujj ones/medxpert/data/raw/Pneumonia/pneu_person277_bacteria_1302.jpeg,3,Pneumonia,3,Pneumonia,0.0029711837,0.0005059553,0.0005350643,0.99598783
/media/storage2/Anuj/5th international anujj ones/medxpert/data/raw/Pneumonia/pneu_person278_virus_574.jpeg,3,Pneumonia,3,Pneumonia,0.002112473,0.000759666,0.0007872759,0.9963406
/media/storage2/Anuj/5th international anujj ones/medxpert/data/raw/Pneumonia/pneu_person281_bacteria_1333.jpeg,3,Pneumonia,3,Pneumonia,0.0022181652,0.0007074083,0.00073940377,0.996335
/media/storage2/Anuj/5th international anujj ones/medxpert/data/raw/Pneumonia/pneu_person281_virus_578.jpeg,3,Pneumonia,3,Pneumonia,0.0021085765,0.0007382752,0.00080281356,0.9963503
/media/storage2/Anuj/5th international anujj ones/medxpert/data/raw/Pneumonia/pneu_person294_bacteria_1383.jpeg,3,Pneumonia,3,Pneumonia,0.0026428213,0.00056495785,0.00060491887,0.99618727
/media/storage2/Anuj/5th international anujj ones/medxpert/data/raw/Pneumonia/pneu_person298_bacteria_1409.jpeg,3,Pneumonia,3,Pneumonia,0.0023680907,0.00064887234,0.0006819922,0.99630105
/media/storage2/Anuj/5th international anujj ones/medxpert/data/raw/Pneumonia/pneu_person299_bacteria_1414.jpeg,3,Pneumonia,3,Pneumonia,0.0025657504,0.00057190773,0.0006305157,0.99623185
/media/storage2/Anuj/5th international anujj ones/medxpert/data/raw/Pneumonia/pneu_person2_bacteria_4.jpeg,3,Pneumonia,3,Pneumonia,0.0024412596,0.0006209827,0.00066122116,0.99627656
/media/storage2/Anuj/5th international anujj ones/medxpert/data/raw/Pneumonia/pneu_person300_bacteria_1423.jpeg,3,Pneumonia,3,Pneumonia,0.011663021,0.00020452858,0.0004163227,0.98771614
/media/storage2/Anuj/5th international anujj ones/medxpert/data/raw/Pneumonia/pneu_person300_virus_621.jpeg,3,Pneumonia,3,Pneumonia,0.0021673124,0.0008756819,0.0007543963,0.99620265
/media/storage2/Anuj/5th international anujj ones/medxpert/data/raw/Pneumonia/pneu_person308_bacteria_1445.jpeg,3,Pneumonia,3,Pneumonia,0.0023085196,0.00067005376,0.00070479023,0.99631655
/media/storage2/Anuj/5th international anujj ones/medxpert/data/raw/Pneumonia/pneu_person30_bacteria_152.jpeg,3,Pneumonia,3,Pneumonia,0.0022000333,0.00069892005,0.0007556436,0.99634546
/media/storage2/Anuj/5th international anujj ones/medxpert/data/raw/Pneumonia/pneu_person314_bacteria_1461.jpeg,3,Pneumonia,3,Pneumonia,0.0020472696,0.00075617904,0.0008418436,0.9963547
/media/storage2/Anuj/5th international anujj ones/medxpert/data/raw/Pneumonia/pneu_person326_virus_673.jpeg,3,Pneumonia,3,Pneumonia,0.0022149198,0.00071906747,0.0007355092,0.99633056
/media/storage2/Anuj/5th international anujj ones/medxpert/data/raw/Pneumonia/pneu_person334_virus_689.jpeg,3,Pneumonia,3,Pneumonia,0.0020349664,0.0007909894,0.00083597976,0.9963381
/media/storage2/Anuj/5th international anujj ones/medxpert/data/raw/Pneumonia/pneu_person348_virus_716.jpeg,3,Pneumonia,3,Pneumonia,0.0027379289,0.0005582127,0.0005761476,0.9961278
/media/storage2/Anuj/5th international anujj ones/medxpert/data/raw/Pneumonia/pneu_person349_virus_724.jpeg,3,Pneumonia,3,Pneumonia,0.0028514385,0.0005074143,0.0005721571,0.99606895
/media/storage2/Anuj/5th international anujj ones/medxpert/data/raw/Pneumonia/pneu_person363_virus_742.jpeg,3,Pneumonia,3,Pneumonia,0.0033106562,0.00043711835,0.00050311437,0.9957491
/media/storage2/Anuj/5th international anujj ones/medxpert/data/raw/Pneumonia/pneu_person364_bacteria_1660.jpeg,3,Pneumonia,3,Pneumonia,0.0024870713,0.0006114392,0.00064348493,0.996258
/media/storage2/Anuj/5th international anujj ones/medxpert/data/raw/Pneumonia/pneu_person370_bacteria_1688.jpeg,3,Pneumonia,3,Pneumonia,0.002563952,0.000602961,0.0006148181,0.99621826
/media/storage2/Anuj/5th international anujj ones/medxpert/data/raw/Pneumonia/pneu_person374_bacteria_1711.jpeg,3,Pneumonia,3,Pneumonia,0.002442555,0.0006018056,0.00067113026,0.9962845
/media/storage2/Anuj/5th international anujj ones/medxpert/data/raw/Pneumonia/pneu_person390_bacteria_1781.jpeg,3,Pneumonia,3,Pneumonia,0.0032540534,0.00044541288,0.00050883536,0.9957917
/media/storage2/Anuj/5th international anujj ones/medxpert/data/raw/Pneumonia/pneu_person392_bacteria_1784.jpeg,3,Pneumonia,3,Pneumonia,0.002404245,0.0006282213,0.0006732494,0.9962943
/media/storage2/Anuj/5th international anujj ones/medxpert/data/raw/Pneumonia/pneu_person39_bacteria_198.jpeg,3,Pneumonia,3,Pneumonia,0.0022936268,0.0006323268,0.0007333063,0.9963407
/media/storage2/Anuj/5th international anujj ones/medxpert/data/raw/Pneumonia/pneu_person41_bacteria_207.jpeg,3,Pneumonia,3,Pneumonia,0.002535747,0.00060130237,0.0006278643,0.9962351
/media/storage2/Anuj/5th international anujj ones/medxpert/data/raw/Pneumonia/pneu_person433_bacteria_1875.jpeg,3,Pneumonia,3,Pneumonia,0.0025837093,0.0005970076,0.00061028276,0.996209
/media/storage2/Anuj/5th international anujj ones/medxpert/data/raw/Pneumonia/pneu_person441_bacteria_1907.jpeg,3,Pneumonia,3,Pneumonia,0.0026856745,0.0005516051,0.0005955898,0.9961671
/media/storage2/Anuj/5th international anujj ones/medxpert/data/raw/Pneumonia/pneu_person443_bacteria_1924.jpeg,3,Pneumonia,3,Pneumonia,0.004751887,0.00031606382,0.0004242082,0.99450785
/media/storage2/Anuj/5th international anujj ones/medxpert/data/raw/Pneumonia/pneu_person445_bacteria_1928.jpeg,3,Pneumonia,3,Pneumonia,0.0023340757,0.0006204664,0.00071575755,0.9963297
/media/storage2/Anuj/5th international anujj ones/medxpert/data/raw/Pneumonia/pneu_person445_virus_917.jpeg,3,Pneumonia,3,Pneumonia,0.0022427954,0.00069827825,0.0007279985,0.9963309
/media/storage2/Anuj/5th international anujj ones/medxpert/data/raw/Pneumonia/pneu_person453_virus_936.jpeg,3,Pneumonia,3,Pneumonia,0.0025244171,0.0006106587,0.0006276665,0.9962373
/media/storage2/Anuj/5th international anujj ones/medxpert/data/raw/Pneumonia/pneu_person465_bacteria_1977.jpeg,3,Pneumonia,3,Pneumonia,0.0028691737,0.00049434515,0.00057208136,0.99606436
/media/storage2/Anuj/5th international anujj ones/medxpert/data/raw/Pneumonia/pneu_person466_bacteria_1984.jpeg,3,Pneumonia,3,Pneumonia,0.0020465541,0.0007346041,0.00085513125,0.9963637
/media/storage2/Anuj/5th international anujj ones/medxpert/data/raw/Pneumonia/pneu_person467_virus_961.jpeg,3,Pneumonia,3,Pneumonia,0.005023798,0.00032778838,0.0003953577,0.994253
/media/storage2/Anuj/5th international anujj ones/medxpert/data/raw/Pneumonia/pneu_person474_virus_971.jpeg,3,Pneumonia,3,Pneumonia,0.0060159797,0.00025149516,0.00042681064,0.99330574
/media/storage2/Anuj/5th international anujj ones/medxpert/data/raw/Pneumonia/pneu_person482_bacteria_2044.jpeg,3,Pneumonia,3,Pneumonia,0.0022992883,0.0006564875,0.0007152405,0.996329
/media/storage2/Anuj/5th international anujj ones/medxpert/data/raw/Pneumonia/pneu_person487_bacteria_2055.jpeg,3,Pneumonia,3,Pneumonia,0.0025007015,0.0006096501,0.0006389091,0.9962508
/media/storage2/Anuj/5th international anujj ones/medxpert/data/raw/Pneumonia/pneu_person499_virus_1008.jpeg,3,Pneumonia,3,Pneumonia,0.0037277173,0.00040462028,0.00046052813,0.9954071
/media/storage2/Anuj/5th international anujj ones/medxpert/data/raw/Pneumonia/pneu_person502_virus_1012.jpeg,3,Pneumonia,3,Pneumonia,0.002457001,0.0005122224,0.00073175825,0.9962991
/media/storage2/Anuj/5th international anujj ones/medxpert/data/raw/Pneumonia/pneu_person509_virus_1025.jpeg,3,Pneumonia,3,Pneumonia,0.0027972485,0.0005443231,0.00056375575,0.99609464
/media/storage2/Anuj/5th international anujj ones/medxpert/data/raw/Pneumonia/pneu_person531_bacteria_2236.jpeg,3,Pneumonia,3,Pneumonia,0.0021929338,0.00069181295,0.0007634305,0.99635184
/media/storage2/Anuj/5th international anujj ones/medxpert/data/raw/Pneumonia/pneu_person534_bacteria_2253.jpeg,3,Pneumonia,3,Pneumonia,0.0030552447,0.00044479832,0.00055696146,0.995943
/media/storage2/Anuj/5th international anujj ones/medxpert/data/raw/Pneumonia/pneu_person536_virus_1065.jpeg,3,Pneumonia,3,Pneumonia,0.002337829,0.00055560697,0.0007689256,0.99633765
/media/storage2/Anuj/5th international anujj ones/medxpert/data/raw/Pneumonia/pneu_person537_bacteria_2262.jpeg,3,Pneumonia,3,Pneumonia,0.0025454634,0.00057215523,0.0006389917,0.99624336
/media/storage2/Anuj/5th international anujj ones/medxpert/data/raw/Pneumonia/pneu_person538_bacteria_2268.jpeg,3,Pneumonia,3,Pneumonia,0.0031336602,0.00042448365,0.00054952025,0.9958923
/media/storage2/Anuj/5th international anujj ones/medxpert/data/raw/Pneumonia/pneu_person540_bacteria_2271.jpeg,3,Pneumonia,3,Pneumonia,0.002317012,0.0006782495,0.00069400837,0.9963108
/media/storage2/Anuj/5th international anujj ones/medxpert/data/raw/Pneumonia/pneu_person543_bacteria_2283.jpeg,3,Pneumonia,3,Pneumonia,0.002420185,0.0005940352,0.00068511674,0.9963006
/media/storage2/Anuj/5th international anujj ones/medxpert/data/raw/Pneumonia/pneu_person544_virus_1076.jpeg,3,Pneumonia,3,Pneumonia,0.0022853296,0.00064508495,0.0007307338,0.99633884
/media/storage2/Anuj/5th international anujj ones/medxpert/data/raw/Pneumonia/pneu_person545_virus_1081.jpeg,3,Pneumonia,3,Pneumonia,0.0022500635,0.0006352905,0.0007633049,0.99635136
/media/storage2/Anuj/5th international anujj ones/medxpert/data/raw/Pneumonia/pneu_person548_bacteria_2298.jpeg,3,Pneumonia,3,Pneumonia,0.002498186,0.00061294314,0.00063701003,0.9962519
/media/storage2/Anuj/5th international anujj ones/medxpert/data/raw/Pneumonia/pneu_person554_bacteria_2320.jpeg,3,Pneumonia,3,Pneumonia,0.002564558,0.0005676441,0.0006346974,0.99623305
/media/storage2/Anuj/5th international anujj ones/medxpert/data/raw/Pneumonia/pneu_person567_bacteria_2352.jpeg,3,Pneumonia,3,Pneumonia,0.0022663027,0.0006688428,0.00072990236,0.9963349
/media/storage2/Anuj/5th international anujj ones/medxpert/data/raw/Pneumonia/pneu_person581_bacteria_2400.jpeg,3,Pneumonia,3,Pneumonia,0.0022370957,0.0006656806,0.0007501917,0.996347
/media/storage2/Anuj/5th international anujj ones/medxpert/data/raw/Pneumonia/pneu_person583_bacteria_2408.jpeg,3,Pneumonia,3,Pneumonia,0.0023283337,0.0006540877,0.00070199405,0.99631566
/media/storage2/Anuj/5th international anujj ones/medxpert/data/raw/Pneumonia/pneu_person595_virus_1147.jpeg,3,Pneumonia,3,Pneumonia,0.0027456032,0.0005061702,0.00060345925,0.9961448
/media/storage2/Anuj/5th international anujj ones/medxpert/data/raw/Pneumonia/pneu_person59_bacteria_284.jpeg,3,Pneumonia,3,Pneumonia,0.0021510723,0.00074650196,0.0007663622,0.9963361
/media/storage2/Anuj/5th international anujj ones/medxpert/data/raw/Pneumonia/pneu_person603_bacteria_2461.jpeg,3,Pneumonia,3,Pneumonia,0.0028422289,0.00051562965,0.0005653889,0.99607676
/media/storage2/Anuj/5th international anujj ones/medxpert/data/raw/Pneumonia/pneu_person60_bacteria_286.jpeg,3,Pneumonia,3,Pneumonia,0.0025301587,0.0005832154,0.00064007216,0.9962465
/media/storage2/Anuj/5th international anujj ones/medxpert/data/raw/Pneumonia/pneu_person61_bacteria_293.jpeg,3,Pneumonia,3,Pneumonia,0.0024784897,0.00061212416,0.00064622925,0.9962632
/media/storage2/Anuj/5th international anujj ones/medxpert/data/raw/Pneumonia/pneu_person626_bacteria_2502.jpeg,3,Pneumonia,3,Pneumonia,0.0022175692,0.0007021604,0.00074400526,0.9963362
/media/storage2/Anuj/5th international anujj ones/medxpert/data/raw/Pneumonia/pneu_person637_bacteria_2529.jpeg,3,Pneumonia,3,Pneumonia,0.0024436826,0.00062798994,0.0006546692,0.99627364
/media/storage2/Anuj/5th international anujj ones/medxpert/data/raw/Pneumonia/pneu_person645_bacteria_2537.jpeg,3,Pneumonia,3,Pneumonia,0.002237291,0.00062950014,0.00077343045,0.99635977
/media/storage2/Anuj/5th international anujj ones/medxpert/data/raw/Pneumonia/pneu_person646_bacteria_2538.jpeg,3,Pneumonia,3,Pneumonia,0.0027144894,0.0005237827,0.0006032538,0.99615854
/media/storage2/Anuj/5th international anujj ones/medxpert/data/raw/Pneumonia/pneu_person64_virus_122.jpeg,3,Pneumonia,3,Pneumonia,0.0024926122,0.00059417944,0.0006500733,0.9962631
/media/storage2/Anuj/5th international anujj ones/medxpert/data/raw/Pneumonia/pneu_person67_bacteria_334.jpeg,3,Pneumonia,3,Pneumonia,0.0022163317,0.00069134886,0.0007486644,0.9963437
/media/storage2/Anuj/5th international anujj ones/medxpert/data/raw/Pneumonia/pneu_person688_virus_1282.jpeg,3,Pneumonia,3,Pneumonia,0.0027254422,0.0004921468,0.00062397326,0.9961584
/media/storage2/Anuj/5th international anujj ones/medxpert/data/raw/Pneumonia/pneu_person70_bacteria_342.jpeg,3,Pneumonia,3,Pneumonia,0.0022590063,0.00069800246,0.00071806094,0.99632496
/media/storage2/Anuj/5th international anujj ones/medxpert/data/raw/Pneumonia/pneu_person722_virus_1341.jpeg,3,Pneumonia,3,Pneumonia,0.0029600626,0.00047637595,0.00055791833,0.9960057
/media/storage2/Anuj/5th international anujj ones/medxpert/data/raw/Pneumonia/pneu_person744_virus_1367.jpeg,3,Pneumonia,3,Pneumonia,0.002729041,0.00053408183,0.0005934817,0.9961434
/media/storage2/Anuj/5th international anujj ones/medxpert/data/raw/Pneumonia/pneu_person760_bacteria_2664.jpeg,3,Pneumonia,3,Pneumonia,0.0021810369,0.00068414706,0.00077726966,0.9963575
/media/storage2/Anuj/5th international anujj ones/medxpert/data/raw/Pneumonia/pneu_person779_bacteria_2683.jpeg,3,Pneumonia,3,Pneumonia,0.002472715,0.0005731503,0.0006756385,0.99627846
/media/storage2/Anuj/5th international anujj ones/medxpert/data/raw/Pneumonia/pneu_person786_bacteria_2690.jpeg,3,Pneumonia,3,Pneumonia,0.0031705124,0.00044260483,0.0005311694,0.99585575
/media/storage2/Anuj/5th international anujj ones/medxpert/data/raw/Pneumonia/pneu_person788_virus_1419.jpeg,3,Pneumonia,0,Normal,0.98768425,0.00047634076,0.00051420106,0.0113252215
/media/storage2/Anuj/5th international anujj ones/medxpert/data/raw/Pneumonia/pneu_person78_bacteria_381.jpeg,3,Pneumonia,3,Pneumonia,0.002262167,0.00064691785,0.0007434165,0.9963475
/media/storage2/Anuj/5th international anujj ones/medxpert/data/raw/Pneumonia/pneu_person841_bacteria_2761.jpeg,3,Pneumonia,3,Pneumonia,0.00264986,0.0005420311,0.00061443634,0.99619365
/media/storage2/Anuj/5th international anujj ones/medxpert/data/raw/Pneumonia/pneu_person852_virus_1497.jpeg,3,Pneumonia,3,Pneumonia,0.0030922904,0.00045436565,0.0005388968,0.9959144
/media/storage2/Anuj/5th international anujj ones/medxpert/data/raw/Pneumonia/pneu_person853_bacteria_2775.jpeg,3,Pneumonia,3,Pneumonia,0.0023543648,0.00065236306,0.0006870272,0.9963063
/media/storage2/Anuj/5th international anujj ones/medxpert/data/raw/Pneumonia/pneu_person86_bacteria_429.jpeg,3,Pneumonia,3,Pneumonia,0.0023474335,0.0006411454,0.0006965636,0.9963148
/media/storage2/Anuj/5th international anujj ones/medxpert/data/raw/Pneumonia/pneu_person876_bacteria_2799.jpeg,3,Pneumonia,3,Pneumonia,0.0025130159,0.00059930375,0.0006383773,0.99624926
/media/storage2/Anuj/5th international anujj ones/medxpert/data/raw/Pneumonia/pneu_person877_virus_1525.jpeg,3,Pneumonia,3,Pneumonia,0.0024183474,0.0006235132,0.0006700139,0.9962882
/media/storage2/Anuj/5th international anujj ones/medxpert/data/raw/Pneumonia/pneu_person878_bacteria_2801.jpeg,3,Pneumonia,3,Pneumonia,0.0024874508,0.00054236985,0.0006878911,0.9962823
/media/storage2/Anuj/5th international anujj ones/medxpert/data/raw/Pneumonia/pneu_person900_virus_1554.jpeg,3,Pneumonia,3,Pneumonia,0.0026237923,0.00055660435,0.00062209397,0.9961976
/media/storage2/Anuj/5th international anujj ones/medxpert/data/raw/Pneumonia/pneu_person914_virus_1571.jpeg,3,Pneumonia,3,Pneumonia,0.0038387657,0.0003817877,0.00045715182,0.9953223
/media/storage2/Anuj/5th international anujj ones/medxpert/data/raw/Pneumonia/pneu_person923_bacteria_2848.jpeg,3,Pneumonia,3,Pneumonia,0.0018778368,0.000793348,0.0009977797,0.99633104
/media/storage2/Anuj/5th international anujj ones/medxpert/data/raw/Pneumonia/pneu_person925_virus_1582.jpeg,3,Pneumonia,3,Pneumonia,0.002579983,0.00057613733,0.00062283827,0.99622107
/media/storage2/Anuj/5th international anujj ones/medxpert/data/raw/Pneumonia/pneu_person938_virus_1600.jpeg,3,Pneumonia,3,Pneumonia,0.0019135288,0.0008043195,0.00095994864,0.9963223
/media/storage2/Anuj/5th international anujj ones/medxpert/data/raw/Pneumonia/pneu_person941_virus_1610.jpeg,3,Pneumonia,3,Pneumonia,0.0029320961,0.00051284203,0.0005451426,0.99600995
/media/storage2/Anuj/5th international anujj ones/medxpert/data/raw/Pneumonia/pneu_person972_bacteria_2897.jpeg,3,Pneumonia,3,Pneumonia,0.0027372686,0.0005550187,0.0005794761,0.9961282
