path,label,label_name,top_expert,routing_entropy,route_e0,route_e1,route_e2,route_e3
/media/storage2/Anuj/5th international anujj ones/medxpert/data/raw/Normal/norm_IM-0089-0001.jpeg,0,Normal,1,1.1097045,0.013746842,0.45531732,0.32078815,0.21014774
/media/storage2/Anuj/5th international anujj ones/medxpert/data/raw/Normal/norm_IM-0102-0001.jpeg,0,Normal,1,1.2484729,0.17258303,0.49277803,0.18444505,0.15019397
/media/storage2/Anuj/5th international anujj ones/medxpert/data/raw/Normal/norm_IM-0234-0001.jpeg,0,Normal,1,1.0706811,0.0047830353,0.44088107,0.36332694,0.19100896
/media/storage2/Anuj/5th international anujj ones/medxpert/data/raw/Normal/norm_IM-0240-0001.jpeg,0,Normal,1,1.0652297,0.0030765352,0.4264167,0.3793768,0.19113001
/media/storage2/Anuj/5th international anujj ones/medxpert/data/raw/Normal/norm_IM-0253-0001.jpeg,0,Normal,1,1.0681033,0.0042192484,0.43582103,0.3704687,0.189491
/media/storage2/Anuj/5th international anujj ones/medxpert/data/raw/Normal/norm_IM-0318-0001.jpeg,0,Normal,1,1.109968,0.013053868,0.44892004,0.32709372,0.2109324
/media/storage2/Anuj/5th international anujj ones/medxpert/data/raw/Normal/norm_IM-0331-0001.jpeg,0,Normal,1,1.0663557,0.003449101,0.42920727,0.37665176,0.19069186
/media/storage2/Anuj/5th international anujj ones/medxpert/data/raw/Normal/norm_IM-0385-0001.jpeg,0,Normal,1,1.0655067,0.0034794405,0.42906028,0.37823963,0.18922068
/media/storage2/Anuj/5th international anujj ones/medxpert/data/raw/Normal/norm_IM-0480-0001.jpeg,0,Normal,1,1.0628622,0.003539797,0.43546063,0.37471467,0.18628488
/media/storage2/Anuj/5th international anujj ones/medxpert/data/raw/Normal/norm_IM-0484-0001.jpeg,0,Normal,1,1.0759695,0.0053256997,0.43747368,0.36252427,0.19467631
/media/storage2/Anuj/5th international anujj ones/medxpert/data/raw/Normal/norm_IM-0502-0001.jpeg,0,Normal,1,1.0657483,0.004327431,0.43914825,0.37039587,0.18612838
/media/storage2/Anuj/5th international anujj ones/medxpert/data/raw/Normal/norm_IM-0520-0001.jpeg,0,Normal,1,1.1656785,0.037163053,0.46383345,0.28737268,0.21163088
/media/storage2/Anuj/5th international anujj ones/medxpert/data/raw/Normal/norm_IM-0527-0001.jpeg,0,Normal,1,1.0640955,0.003856822,0.43799675,0.3716175,0.18652892
/media/storage2/Anuj/5th international anujj ones/medxpert/data/raw/Normal/norm_IM-0543-0001-0002.jpeg,0,Normal,1,1.0652668,0.0035829036,0.42880186,0.37947875,0.18813646
/media/storage2/Anuj/5th international anujj ones/medxpert/data/raw/Normal/norm_IM-0568-0001.jpeg,0,Normal,1,1.0745313,0.0050373664,0.4414586,0.3578855,0.19561851
/media/storage2/Anuj/5th international anujj ones/medxpert/data/raw/Normal/norm_IM-0620-0001-0001.jpeg,0,Normal,1,1.0669678,0.0036441037,0.42846572,0.37777328,0.1901169
/media/storage2/Anuj/5th international anujj ones/medxpert/data/raw/Normal/norm_IM-0624-0001.jpeg,0,Normal,1,1.0663369,0.0033140592,0.42658296,0.37898415,0.19111878
/media/storage2/Anuj/5th international anujj ones/medxpert/data/raw/Normal/norm_IM-0658-0001.jpeg,0,Normal,1,1.0686754,0.0034039137,0.425243,0.37763807,0.19371504
/media/storage2/Anuj/5th international anujj ones/medxpert/data/raw/Normal/norm_IM-0687-0001.jpeg,0,Normal,1,1.0782795,0.004781331,0.42159763,0.37540224,0.19821878
/media/storage2/Anuj/5th international anujj ones/medxpert/data/raw/Normal/norm_IM-0702-0001.jpeg,0,Normal,1,1.1538342,0.034075342,0.47579023,0.27616712,0.2139672
/media/storage2/Anuj/5th international anujj ones/medxpert/data/raw/Normal/norm_IM-0732-0001.jpeg,0,Normal,1,1.076517,0.0056545837,0.4384691,0.36222866,0.19364767
/media/storage2/Anuj/5th international anujj ones/medxpert/data/raw/Normal/norm_IM-0736-0001.jpeg,0,Normal,1,1.0677963,0.004370578,0.43930689,0.36740986,0.18891272
/media/storage2/Anuj/5th international anujj ones/medxpert/data/raw/Normal/norm_NORMAL2-IM-0027-0001.jpeg,0,Normal,1,1.0683118,0.003951966,0.4347507,0.3699414,0.19135588
/media/storage2/Anuj/5th international anujj ones/medxpert/data/raw/Normal/norm_NORMAL2-IM-0251-0001.jpeg,0,Normal,1,1.2008007,0.09108147,0.50937665,0.22981393,0.1697279
/media/storage2/Anuj/5th international anujj ones/medxpert/data/raw/Normal/norm_NORMAL2-IM-0276-0001.jpeg,0,Normal,1,1.2103574,0.06951285,0.47301623,0.2587466,0.1987243
/media/storage2/Anuj/5th international anujj ones/medxpert/data/raw/Normal/norm_NORMAL2-IM-0310-0001.jpeg,0,Normal,1,1.1158937,0.01656558,0.45637298,0.32162657,0.20543493
/media/storage2/Anuj/5th international anujj ones/medxpert/data/raw/Normal/norm_NORMAL2-IM-0370-0001.jpeg,0,Normal,1,1.08034,0.006895672,0.44590902,0.35292017,0.19427519
/media/storage2/Anuj/5th international anujj ones/medxpert/data/raw/Normal/norm_NORMAL2-IM-0390-0001.jpeg,0,Normal,1,1.0601658,0.0032455635,0.43340883,0.37931228,0.18403336
/media/storage2/Anuj/5th international anujj ones/medxpert/data/raw/Normal/norm_NORMAL2-IM-0451-0001.jpeg,0,Normal,1,1.0658982,0.0037314852,0.43257764,0.37491557,0.18877533
/media/storage2/Anuj/5th international anujj ones/medxpert/data/raw/Normal/norm_NORMAL2-IM-0453-0001.jpeg,0,Normal,1,1.0664605,0.0035590057,0.42897737,0.37741435,0.19004925
/media/storage2/Anuj/5th international anujj ones/medxpert/data/raw/Normal/norm_NORMAL2-IM-0455-0001.jpeg,0,Normal,1,1.0610313,0.0030348517,0.4308545,0.3799263,0.18618433
/media/storage2/Anuj/5th international anujj ones/medxpert/data/raw/Normal/norm_NORMAL2-IM-0463-0001.jpeg,0,Normal,1,1.1081553,0.011798854,0.44228485,0.3342546,0.21166167
/media/storage2/Anuj/5th international anujj ones/medxpert/data/raw/Normal/norm_NORMAL2-IM-0472-0001.jpeg,0,Normal,1,1.067034,0.0039661378,0.43238762,0.37482122,0.18882503
/media/storage2/Anuj/5th international anujj ones/medxpert/data/raw/Normal/norm_NORMAL2-IM-0571-0001.jpeg,0,Normal,1,1.0769472,0.005612437,0.4429613,0.3552715,0.19615473
/media/storage2/Anuj/5th international anujj ones/medxpert/data/raw/Normal/norm_NORMAL2-IM-0635-0001.jpeg,0,Normal,1,1.1020914,0.010525897,0.44182584,0.33988425,0.20776401
/media/storage2/Anuj/5th international anujj ones/medxpert/data/raw/Normal/norm_NORMAL2-IM-0645-0001.jpeg,0,Normal,1,1.0674777,0.0030915467,0.42384762,0.37915444,0.19390644
/media/storage2/Anuj/5th international anujj ones/medxpert/data/raw/Normal/norm_NORMAL2-IM-0667-0001.jpeg,0,Normal,1,1.0667241,0.003275585,0.42645258,0.3783402,0.19193158
/media/storage2/Anuj/5th international anujj ones/medxpert/data/raw/Normal/norm_NORMAL2-IM-0684-0001-0001.jpeg,0,Normal,1,1.1224972,0.014041106,0.43620792,0.32518905,0.22456197
/media/storage2/Anuj/5th international anujj ones/medxpert/data/raw/Normal/norm_NORMAL2-IM-0696-0001.jpeg,0,Normal,1,1.0662261,0.0034150397,0.42743507,0.3787393,0.19041055
/media/storage2/Anuj/5th international anujj ones/medxpert/data/raw/Normal/norm_NORMAL2-IM-0702-0001.jpeg,0,Normal,1,1.0784036,0.0055487836,0.43829176,0.3587648,0.19739464
/media/storage2/Anuj/5th international anujj ones/medxpert/data/raw/Normal/norm_NORMAL2-IM-0793-0001.jpeg,0,Normal,1,1.0775434,0.005309361,0.43732357,0.36005154,0.19731554
/media/storage2/Anuj/5th international anujj ones/medxpert/data/raw/Normal/norm_NORMAL2-IM-0798-0001.jpeg,0,Normal,1,1.0738858,0.005284634,0.44163403,0.36016285,0.19291845
/media/storage2/Anuj/5th international anujj ones/medxpert/data/raw/Normal/norm_NORMAL2-IM-0803-0001.jpeg,0,Normal,1,1.098943,0.0096563725,0.44270882,0.33958083,0.20805396
/media/storage2/Anuj/5th international anujj ones/medxpert/data/raw/Normal/norm_NORMAL2-IM-0804-0001.jpeg,0,Normal,1,1.0679814,0.0040706987,0.43274635,0.3735874,0.18959548
/media/storage2/Anuj/5th international anujj ones/medxpert/data/raw/Normal/norm_NORMAL2-IM-0831-0001.jpeg,0,Normal,1,1.0750433,0.004924711,0.43357423,0.36667985,0.1948212
/media/storage2/Anuj/5th international anujj ones/medxpert/data/raw/Normal/norm_NORMAL2-IM-0907-0001.jpeg,0,Normal,1,1.0701866,0.0046979217,0.4411909,0.36320338,0.19090785
/media/storage2/Anuj/5th international anujj ones/medxpert/data/raw/Normal/norm_NORMAL2-IM-0923-0001.jpeg,0,Normal,1,1.0655065,0.0030914103,0.42588598,0.3796828,0.19133984
/media/storage2/Anuj/5th international anujj ones/medxpert/data/raw/Normal/norm_NORMAL2-IM-1051-0001.jpeg,0,Normal,1,1.0709006,0.004759382,0.4411303,0.36252272,0.19158758
/media/storage2/Anuj/5th international anujj ones/medxpert/data/raw/Normal/norm_NORMAL2-IM-1062-0001.jpeg,0,Normal,1,1.0719881,0.005427836,0.4486649,0.35452724,0.19138004
/media/storage2/Anuj/5th international anujj ones/medxpert/data/raw/Normal/norm_NORMAL2-IM-1067-0001-0001.jpeg,0,Normal,1,1.0721625,0.0046938066,0.43520114,0.36779246,0.1923126
/media/storage2/Anuj/5th international anujj ones/medxpert/data/raw/Normal/norm_NORMAL2-IM-1109-0001.jpeg,0,Normal,1,1.0681677,0.0034269763,0.42446283,0.37944523,0.19266495
/media/storage2/Anuj/5th international anujj ones/medxpert/data/raw/Normal/norm_NORMAL2-IM-1112-0001.jpeg,0,Normal,1,1.0644459,0.0037582053,0.43362394,0.3759002,0.18671761
/media/storage2/Anuj/5th international anujj ones/medxpert/data/raw/Normal/norm_NORMAL2-IM-1125-0001.jpeg,0,Normal,1,1.0792491,0.006388836,0.44565383,0.35222578,0.19573158
/media/storage2/Anuj/5th international anujj ones/medxpert/data/raw/Normal/norm_NORMAL2-IM-1152-0001.jpeg,0,Normal,1,1.062855,0.003299688,0.43023038,0.37961408,0.18685593
/media/storage2/Anuj/5th international anujj ones/medxpert/data/raw/Normal/norm_NORMAL2-IM-1154-0001-0001.jpeg,0,Normal,1,1.0772376,0.005849046,0.44599307,0.3519891,0.19616877
/media/storage2/Anuj/5th international anujj ones/medxpert/data/raw/Normal/norm_NORMAL2-IM-1206-0001.jpeg,0,Normal,1,1.0745105,0.005444552,0.44389215,0.3570515,0.19361182
/media/storage2/Anuj/5th international anujj ones/medxpert/data/raw/Normal/norm_NORMAL2-IM-1223-0001.jpeg,0,Normal,1,1.0679164,0.0031878606,0.42405027,0.3788559,0.19390596
/media/storage2/Anuj/5th international anujj ones/medxpert/data/raw/Normal/norm_NORMAL2-IM-1289-0001.jpeg,0,Normal,1,1.0726177,0.004756227,0.4370345,0.36511457,0.19309472
/media/storage2/Anuj/5th international anujj ones/medxpert/data/raw/Normal/norm_NORMAL2-IM-1319-0001.jpeg,0,Normal,1,1.0672766,0.0033965406,0.42594203,0.37884787,0.19181356
/media/storage2/Anuj/5th international anujj ones/medxpert/data/raw/Normal/norm_NORMAL2-IM-1345-0001-0001.jpeg,0,Normal,1,1.0671625,0.0039783604,0.4338441,0.3729315,0.18924612
/media/storage2/Anuj/5th international anujj ones/medxpert/data/raw/Normal/norm_NORMAL2-IM-1376-0001.jpeg,0,Normal,1,1.0702864,0.005007593,0.44272742,0.36280236,0.18946269
/media/storage2/Anuj/5th international anujj ones/medxpert/data/raw/Normal/norm_Normal-10069.png,0,Normal,1,1.0685065,0.0057141436,0.44711432,0.36351573,0.18365577
/media/storage2/Anuj/5th international anujj ones/medxpert/data/raw/Normal/norm_Normal-10112.png,0,Normal,1,1.0925405,0.010369164,0.44805908,0.34757012,0.19400166
/media/storage2/Anuj/5th international anujj ones/medxpert/data/raw/Normal/norm_Normal-1012.png,0,Normal,1,1.0800631,0.006355358,0.43998837,0.35842437,0.19523194
/media/storage2/Anuj/5th international anujj ones/medxpert/data/raw/Normal/norm_Normal-10124.png,0,Normal,1,1.0793976,0.007684134,0.44408426,0.36099842,0.1872332
/media/storage2/Anuj/5th international anujj ones/medxpert/data/raw/Normal/norm_Normal-10165.png,0,Normal,1,1.0886569,0.009600037,0.45096907,0.34611586,0.19331503
/media/storage2/Anuj/5th international anujj ones/medxpert/data/raw/Normal/norm_Normal-10186.png,0,Normal,1,1.0641525,0.0038799827,0.43556604,0.37464613,0.18590792
/media/storage2/Anuj/5th international anujj ones/medxpert/data/raw/Normal/norm_Normal-1031.png,0,Normal,1,1.0588379,0.0033068915,0.43607077,0.37831315,0.18230924
/media/storage2/Anuj/5th international anujj ones/medxpert/data/raw/Normal/norm_Normal-1059.png,0,Normal,1,1.0574628,0.003058418,0.43511647,0.37995183,0.18187328
/media/storage2/Anuj/5th international anujj ones/medxpert/data/raw/Normal/norm_Normal-1061.png,0,Normal,1,1.1568837,0.037199195,0.47732225,0.2804777,0.20500082
/media/storage2/Anuj/5th international anujj ones/medxpert/data/raw/Normal/norm_Normal-1063.png,0,Normal,1,1.0637805,0.0040456825,0.43792826,0.3731991,0.18482696
/media/storage2/Anuj/5th international anujj ones/medxpert/data/raw/Normal/norm_Normal-110.png,0,Normal,1,1.0645915,0.0029202919,0.43038774,0.37463906,0.19205292
/media/storage2/Anuj/5th international anujj ones/medxpert/data/raw/Normal/norm_Normal-1102.png,0,Normal,1,1.0708244,0.0044118906,0.42827204,0.3766942,0.19062185
/media/storage2/Anuj/5th international anujj ones/medxpert/data/raw/Normal/norm_Normal-112.png,0,Normal,1,1.0715978,0.004958366,0.43534115,0.3699542,0.18974619
/media/storage2/Anuj/5th international anujj ones/medxpert/data/raw/Normal/norm_Normal-1122.png,0,Normal,1,1.0802236,0.0060191825,0.4374447,0.35962504,0.19691116
/media/storage2/Anuj/5th international anujj ones/medxpert/data/raw/Normal/norm_Normal-1123.png,0,Normal,1,1.0652066,0.003563772,0.4290747,0.3791356,0.18822584
/media/storage2/Anuj/5th international anujj ones/medxpert/data/raw/Normal/norm_Normal-1158.png,0,Normal,1,1.0674177,0.0033545145,0.42529738,0.3791451,0.192203
/media/storage2/Anuj/5th international anujj ones/medxpert/data/raw/Normal/norm_Normal-1180.png,0,Normal,1,1.0777156,0.00596826,0.43672138,0.36433473,0.19297561
/media/storage2/Anuj/5th international anujj ones/medxpert/data/raw/Normal/norm_Normal-1182.png,0,Normal,1,1.068436,0.004353616,0.43582627,0.37072444,0.18909566
/media/storage2/Anuj/5th international anujj ones/medxpert/data/raw/Normal/norm_Normal-1189.png,0,Normal,1,1.0705562,0.005029554,0.44116056,0.36454582,0.18926407
/media/storage2/Anuj/5th international anujj ones/medxpert/data/raw/Normal/norm_Normal-1214.png,0,Normal,1,1.0720634,0.005031821,0.43996692,0.36378103,0.1912202
/media/storage2/Anuj/5th international anujj ones/medxpert/data/raw/Normal/norm_Normal-1286.png,0,Normal,1,1.0660666,0.0025025196,0.43359128,0.3655624,0.19834383
/media/storage2/Anuj/5th international anujj ones/medxpert/data/raw/Normal/norm_Normal-1303.png,0,Normal,1,1.0936835,0.005640521,0.41139898,0.3666132,0.2163473
/media/storage2/Anuj/5th international anujj ones/medxpert/data/raw/Normal/norm_Normal-1337.png,0,Normal,1,1.0687811,0.0045583867,0.43580848,0.37137032,0.18826282
/media/storage2/Anuj/5th international anujj ones/medxpert/data/raw/Normal/norm_Normal-1343.png,0,Normal,3,1.2991947,0.21173184,0.29430425,0.11014899,0.3838149
/media/storage2/Anuj/5th international anujj ones/medxpert/data/raw/Normal/norm_Normal-1357.png,0,Normal,1,1.0691237,0.0037352073,0.42479676,0.3794562,0.1920118
/media/storage2/Anuj/5th international anujj ones/medxpert/data/raw/Normal/norm_Normal-1379.png,0,Normal,1,1.0787789,0.0065833367,0.44308057,0.35763463,0.19270144
/media/storage2/Anuj/5th international anujj ones/medxpert/data/raw/Normal/norm_Normal-1384.png,0,Normal,1,1.0601637,0.0025795908,0.43361655,0.3751375,0.18866634
/media/storage2/Anuj/5th international anujj ones/medxpert/data/raw/Normal/norm_Normal-1407.png,0,Normal,1,1.0587572,0.003268024,0.43760428,0.37636644,0.18276124
/media/storage2/Anuj/5th international anujj ones/medxpert/data/raw/Normal/norm_Normal-1427.png,0,Normal,1,1.0596366,0.0032617138,0.43617013,0.3768401,0.18372808
/media/storage2/Anuj/5th international anujj ones/medxpert/data/raw/Normal/norm_Normal-1440.png,0,Normal,1,1.0544598,0.0033630056,0.44030094,0.37942356,0.17691247
/media/storage2/Anuj/5th international anujj ones/medxpert/data/raw/Normal/norm_Normal-1467.png,0,Normal,1,1.1148056,0.016894288,0.4446048,0.34411642,0.19438444
/media/storage2/Anuj/5th international anujj ones/medxpert/data/raw/Normal/norm_Normal-1474.png,0,Normal,1,1.1680813,0.025902193,0.42221195,0.2940479,0.257838
/media/storage2/Anuj/5th international anujj ones/medxpert/data/raw/Normal/norm_Normal-1488.png,0,Normal,1,1.0580406,0.0026919197,0.4324465,0.38022575,0.18463577
/media/storage2/Anuj/5th international anujj ones/medxpert/data/raw/Normal/norm_Normal-1497.png,0,Normal,1,1.0600377,0.0035915289,0.43868223,0.37506658,0.18265969
/media/storage2/Anuj/5th international anujj ones/medxpert/data/raw/Normal/norm_Normal-150.png,0,Normal,1,1.0684836,0.003525917,0.43204972,0.37045926,0.19396515
/media/storage2/Anuj/5th international anujj ones/medxpert/data/raw/Normal/norm_Normal-1530.png,0,Normal,1,1.0712574,0.0044411607,0.43648955,0.36609736,0.19297192
/media/storage2/Anuj/5th international anujj ones/medxpert/data/raw/Normal/norm_Normal-1540.png,0,Normal,1,1.0574304,0.0031435264,0.43682104,0.37843895,0.18159643
/media/storage2/Anuj/5th international anujj ones/medxpert/data/raw/Normal/norm_Normal-1560.png,0,Normal,1,1.0613562,0.004074305,0.4404555,0.37365657,0.18181369
/media/storage2/Anuj/5th international anujj ones/medxpert/data/raw/Normal/norm_Normal-1573.png,0,Normal,1,1.063652,0.0044146786,0.44154832,0.37087935,0.18315762
/media/storage2/Anuj/5th international anujj ones/medxpert/data/raw/Normal/norm_Normal-1576.png,0,Normal,1,1.1196941,0.017450668,0.44679546,0.33426428,0.20148964
/media/storage2/Anuj/5th international anujj ones/medxpert/data/raw/Normal/norm_Normal-1589.png,0,Normal,1,1.086146,0.007871093,0.4400581,0.356579,0.19549176
/media/storage2/Anuj/5th international anujj ones/medxpert/data/raw/Normal/norm_Normal-1596.png,0,Normal,1,1.102227,0.013382137,0.45068872,0.3415263,0.19440286
/media/storage2/Anuj/5th international anujj ones/medxpert/data/raw/Normal/norm_Normal-1604.png,0,Normal,1,1.093036,0.009260402,0.4425144,0.34881383,0.19941138
/media/storage2/Anuj/5th international anujj ones/medxpert/data/raw/Normal/norm_Normal-1611.png,0,Normal,1,1.059355,0.0033615716,0.43630564,0.3776223,0.1827105
/media/storage2/Anuj/5th international anujj ones/medxpert/data/raw/Normal/norm_Normal-1617.png,0,Normal,1,1.1441782,0.02576269,0.46113706,0.29255065,0.2205496
/media/storage2/Anuj/5th international anujj ones/medxpert/data/raw/Normal/norm_Normal-162.png,0,Normal,1,1.0567665,0.0030975314,0.4347983,0.3814801,0.18062401
/media/storage2/Anuj/5th international anujj ones/medxpert/data/raw/Normal/norm_Normal-1625.png,0,Normal,1,1.0734568,0.0054018768,0.43764883,0.3666596,0.19028974
/media/storage2/Anuj/5th international anujj ones/medxpert/data/raw/Normal/norm_Normal-1638.png,0,Normal,1,1.0604343,0.003679271,0.43967614,0.37377784,0.1828668
/media/storage2/Anuj/5th international anujj ones/medxpert/data/raw/Normal/norm_Normal-166.png,0,Normal,1,1.0685205,0.004598673,0.43431085,0.37380543,0.18728502
/media/storage2/Anuj/5th international anujj ones/medxpert/data/raw/Normal/norm_Normal-1666.png,0,Normal,1,1.0660315,0.0051961048,0.44398636,0.36847642,0.1823411
/media/storage2/Anuj/5th international anujj ones/medxpert/data/raw/Normal/norm_Normal-1687.png,0,Normal,1,1.0667127,0.0049820063,0.4420823,0.36880913,0.18412659
/media/storage2/Anuj/5th international anujj ones/medxpert/data/raw/Normal/norm_Normal-1715.png,0,Normal,1,1.0606515,0.0034356457,0.4342701,0.37867182,0.18362245
/media/storage2/Anuj/5th international anujj ones/medxpert/data/raw/Normal/norm_Normal-1725.png,0,Normal,1,1.0851128,0.008479847,0.44606698,0.3532613,0.19219187
/media/storage2/Anuj/5th international anujj ones/medxpert/data/raw/Normal/norm_Normal-1734.png,0,Normal,1,1.0618527,0.0043006064,0.44391036,0.36986262,0.1819264
/media/storage2/Anuj/5th international anujj ones/medxpert/data/raw/Normal/norm_Normal-1744.png,0,Normal,1,1.0684619,0.004140186,0.4370486,0.36793587,0.19087534
/media/storage2/Anuj/5th international anujj ones/medxpert/data/raw/Normal/norm_Normal-1763.png,0,Normal,1,1.0610116,0.0043801717,0.44539085,0.36959565,0.18063335
/media/storage2/Anuj/5th international anujj ones/medxpert/data/raw/Normal/norm_Normal-1772.png,0,Normal,1,1.0628874,0.0029702324,0.4294889,0.37851965,0.18902121
/media/storage2/Anuj/5th international anujj ones/medxpert/data/raw/Normal/norm_Normal-1776.png,0,Normal,1,1.0633086,0.0033820574,0.43386284,0.3751059,0.18764912
/media/storage2/Anuj/5th international anujj ones/medxpert/data/raw/Normal/norm_Normal-1786.png,0,Normal,1,1.0860572,0.007178046,0.44123703,0.35120785,0.2003771
/media/storage2/Anuj/5th international anujj ones/medxpert/data/raw/Normal/norm_Normal-1788.png,0,Normal,1,1.0769838,0.0057186107,0.44076192,0.35881177,0.19470772
/media/storage2/Anuj/5th international anujj ones/medxpert/data/raw/Normal/norm_Normal-1801.png,0,Normal,1,1.0998502,0.012257969,0.4441141,0.34986362,0.1937643
/media/storage2/Anuj/5th international anujj ones/medxpert/data/raw/Normal/norm_Normal-1802.png,0,Normal,1,1.0690386,0.0042445906,0.4329854,0.3727147,0.1900553
/media/storage2/Anuj/5th international anujj ones/medxpert/data/raw/Normal/norm_Normal-1805.png,0,Normal,1,1.0743227,0.006337978,0.44058675,0.36650434,0.186571
/media/storage2/Anuj/5th international anujj ones/medxpert/data/raw/Normal/norm_Normal-1807.png,0,Normal,1,1.0619667,0.0032732263,0.4359566,0.37386376,0.1869064
/media/storage2/Anuj/5th international anujj ones/medxpert/data/raw/Normal/norm_Normal-181.png,0,Normal,1,1.0819724,0.0055787163,0.42541537,0.36955526,0.19945067
/media/storage2/Anuj/5th international anujj ones/medxpert/data/raw/Normal/norm_Normal-1815.png,0,Normal,1,1.0831429,0.0075006452,0.44538417,0.35229242,0.19482273
/media/storage2/Anuj/5th international anujj ones/medxpert/data/raw/Normal/norm_Normal-1820.png,0,Normal,1,1.0770972,0.005768924,0.43936113,0.36077443,0.19409543
/media/storage2/Anuj/5th international anujj ones/medxpert/data/raw/Normal/norm_Normal-1855.png,0,Normal,1,1.0669203,0.0041862302,0.43800774,0.36931422,0.1884918
/media/storage2/Anuj/5th international anujj ones/medxpert/data/raw/Normal/norm_Normal-1865.png,0,Normal,1,1.0637395,0.003820822,0.43655846,0.373699,0.18592168
/media/storage2/Anuj/5th international anujj ones/medxpert/data/raw/Normal/norm_Normal-1885.png,0,Normal,1,1.2018352,0.052990064,0.445046,0.29576156,0.2062023
/media/storage2/Anuj/5th international anujj ones/medxpert/data/raw/Normal/norm_Normal-1897.png,0,Normal,1,1.074456,0.0063290647,0.44088975,0.36587542,0.18690573
/media/storage2/Anuj/5th international anujj ones/medxpert/data/raw/Normal/norm_Normal-1912.png,0,Normal,1,1.0770712,0.006634142,0.44765902,0.35443863,0.19126824
/media/storage2/Anuj/5th international anujj ones/medxpert/data/raw/Normal/norm_Normal-1940.png,0,Normal,1,1.0615643,0.0044809375,0.44489387,0.36997125,0.18065396
/media/storage2/Anuj/5th international anujj ones/medxpert/data/raw/Normal/norm_Normal-1955.png,0,Normal,1,1.0933559,0.009783534,0.44473144,0.34790033,0.19758472
/media/storage2/Anuj/5th international anujj ones/medxpert/data/raw/Normal/norm_Normal-1963.png,0,Normal,1,1.0680312,0.0050444626,0.4425234,0.3666589,0.1857732
/media/storage2/Anuj/5th international anujj ones/medxpert/data/raw/Normal/norm_Normal-1969.png,0,Normal,1,1.0570918,0.0034413913,0.4388249,0.37811062,0.17962313
/media/storage2/Anuj/5th international anujj ones/medxpert/data/raw/Normal/norm_Normal-1991.png,0,Normal,1,1.2388899,0.14851503,0.49884212,0.20025581,0.152387
/media/storage2/Anuj/5th international anujj ones/medxpert/data/raw/Normal/norm_Normal-2017.png,0,Normal,1,1.0692242,0.005543264,0.44541463,0.36379245,0.1852497
/media/storage2/Anuj/5th international anujj ones/medxpert/data/raw/Normal/norm_Normal-2037.png,0,Normal,1,1.2297478,0.36276177,0.40805855,0.12092943,0.1082502
/media/storage2/Anuj/5th international anujj ones/medxpert/data/raw/Normal/norm_Normal-2051.png,0,Normal,1,1.0820823,0.008053943,0.44800362,0.35334188,0.19060056
/media/storage2/Anuj/5th international anujj ones/medxpert/data/raw/Normal/norm_Normal-2058.png,0,Normal,1,1.0697007,0.005413736,0.44520184,0.3626761,0.18670832
/media/storage2/Anuj/5th international anujj ones/medxpert/data/raw/Normal/norm_Normal-2087.png,0,Normal,1,1.06725,0.004059193,0.43579203,0.37086403,0.18928471
/media/storage2/Anuj/5th international anujj ones/medxpert/data/raw/Normal/norm_Normal-2098.png,0,Normal,1,1.0640919,0.0036288719,0.4311345,0.37865406,0.18658255
/media/storage2/Anuj/5th international anujj ones/medxpert/data/raw/Normal/norm_Normal-210.png,0,Normal,1,1.0689251,0.0046608695,0.43611974,0.37133276,0.18788664
/media/storage2/Anuj/5th international anujj ones/medxpert/data/raw/Normal/norm_Normal-2108.png,0,Normal,1,1.0639849,0.004011672,0.4390717,0.37130824,0.18560837
/media/storage2/Anuj/5th international anujj ones/medxpert/data/raw/Normal/norm_Normal-2114.png,0,Normal,1,1.2451154,0.08990523,0.45610914,0.25176597,0.20221962
/media/storage2/Anuj/5th international anujj ones/medxpert/data/raw/Normal/norm_Normal-2115.png,0,Normal,1,1.2624516,0.25513637,0.4581501,0.15250696,0.13420661
/media/storage2/Anuj/5th international anujj ones/medxpert/data/raw/Normal/norm_Normal-2133.png,0,Normal,1,1.0580469,0.0024294965,0.43395486,0.37684423,0.18677144
/media/storage2/Anuj/5th international anujj ones/medxpert/data/raw/Normal/norm_Normal-2136.png,0,Normal,1,1.0615315,0.00267314,0.4337859,0.37351173,0.19002922
/media/storage2/Anuj/5th international anujj ones/medxpert/data/raw/Normal/norm_Normal-2149.png,0,Normal,1,1.065836,0.004307916,0.4393473,0.36991265,0.18643214
/media/storage2/Anuj/5th international anujj ones/medxpert/data/raw/Normal/norm_Normal-2165.png,0,Normal,1,1.062287,0.0032922977,0.432652,0.3775057,0.18655005
/media/storage2/Anuj/5th international anujj ones/medxpert/data/raw/Normal/norm_Normal-2174.png,0,Normal,1,1.0591555,0.003730066,0.44132492,0.37380475,0.18114026
/media/storage2/Anuj/5th international anujj ones/medxpert/data/raw/Normal/norm_Normal-2185.png,0,Normal,1,1.100573,0.011781684,0.44500276,0.3450079,0.1982077
/media/storage2/Anuj/5th international anujj ones/medxpert/data/raw/Normal/norm_Normal-22.png,0,Normal,1,1.1087298,0.015005685,0.4484279,0.34088317,0.19568329
/media/storage2/Anuj/5th international anujj ones/medxpert/data/raw/Normal/norm_Normal-2214.png,0,Normal,1,1.0554636,0.0026032156,0.43518645,0.3800095,0.18220077
/media/storage2/Anuj/5th international anujj ones/medxpert/data/raw/Normal/norm_Normal-2230.png,0,Normal,1,1.0654709,0.0030618773,0.43008736,0.37456736,0.19228342
/media/storage2/Anuj/5th international anujj ones/medxpert/data/raw/Normal/norm_Normal-2234.png,0,Normal,1,1.0688424,0.004867921,0.44164532,0.36562526,0.18786141
/media/storage2/Anuj/5th international anujj ones/medxpert/data/raw/Normal/norm_Normal-2240.png,0,Normal,1,1.0953629,0.010145952,0.45020568,0.33803493,0.20161349
/media/storage2/Anuj/5th international anujj ones/medxpert/data/raw/Normal/norm_Normal-2242.png,0,Normal,1,1.0606742,0.0039829765,0.44155654,0.3727643,0.18169615
/media/storage2/Anuj/5th international anujj ones/medxpert/data/raw/Normal/norm_Normal-2257.png,0,Normal,1,1.0755377,0.0067137918,0.44452038,0.36148608,0.18727966
/media/storage2/Anuj/5th international anujj ones/medxpert/data/raw/Normal/norm_Normal-2287.png,0,Normal,1,1.0621684,0.0033102215,0.43326533,0.37704343,0.18638095
/media/storage2/Anuj/5th international anujj ones/medxpert/data/raw/Normal/norm_Normal-232.png,0,Normal,1,1.0623211,0.0031541826,0.43367705,0.3754237,0.18774511
/media/storage2/Anuj/5th international anujj ones/medxpert/data/raw/Normal/norm_Normal-2352.png,0,Normal,1,1.0671544,0.005118484,0.44118497,0.37000635,0.18369026
/media/storage2/Anuj/5th international anujj ones/medxpert/data/raw/Normal/norm_Normal-2387.png,0,Normal,1,1.0695658,0.006481889,0.4451824,0.36821124,0.18012442
/media/storage2/Anuj/5th international anujj ones/medxpert/data/raw/Normal/norm_Normal-2389.png,0,Normal,1,1.061137,0.004250885,0.4403211,0.37504047,0.1803876
/media/storage2/Anuj/5th international anujj ones/medxpert/data/raw/Normal/norm_Normal-2397.png,0,Normal,1,1.0604328,0.002748988,0.4333698,0.37608996,0.18779124
/media/storage2/Anuj/5th international anujj ones/medxpert/data/raw/Normal/norm_Normal-2407.png,0,Normal,1,1.0631814,0.0030063766,0.43364632,0.37331378,0.19003347
/media/storage2/Anuj/5th international anujj ones/medxpert/data/raw/Normal/norm_Normal-2418.png,0,Normal,1,1.1033927,0.010629202,0.4391578,0.34192538,0.20828758
/media/storage2/Anuj/5th international anujj ones/medxpert/data/raw/Normal/norm_Normal-2427.png,0,Normal,1,1.0850931,0.00918417,0.4489211,0.3528518,0.18904291
/media/storage2/Anuj/5th international anujj ones/medxpert/data/raw/Normal/norm_Normal-2428.png,0,Normal,1,1.062825,0.004400735,0.44126406,0.37232327,0.18201195
/media/storage2/Anuj/5th international anujj ones/medxpert/data/raw/Normal/norm_Normal-2432.png,0,Normal,1,1.0689552,0.005705994,0.4461736,0.36404046,0.18407999
/media/storage2/Anuj/5th international anujj ones/medxpert/data/raw/Normal/norm_Normal-245.png,0,Normal,1,1.0592788,0.0029820455,0.43444762,0.37781423,0.18475614
/media/storage2/Anuj/5th international anujj ones/medxpert/data/raw/Normal/norm_Normal-2456.png,0,Normal,1,1.0628948,0.0027437434,0.43053693,0.3758751,0.19084425
/media/storage2/Anuj/5th international anujj ones/medxpert/data/raw/Normal/norm_Normal-2478.png,0,Normal,1,1.061218,0.0042334413,0.441971,0.372814,0.18098159
/media/storage2/Anuj/5th international anujj ones/medxpert/data/raw/Normal/norm_Normal-2486.png,0,Normal,1,1.057615,0.0032846127,0.43763962,0.377982,0.18109375
/media/storage2/Anuj/5th international anujj ones/medxpert/data/raw/Normal/norm_Normal-2524.png,0,Normal,1,1.1041927,0.010757565,0.43994287,0.33987847,0.20942107
/media/storage2/Anuj/5th international anujj ones/medxpert/data/raw/Normal/norm_Normal-2530.png,0,Normal,1,1.0638953,0.0040330025,0.43728137,0.37375954,0.1849261
/media/storage2/Anuj/5th international anujj ones/medxpert/data/raw/Normal/norm_Normal-256.png,0,Normal,1,1.0684919,0.0042833937,0.43372387,0.37283844,0.18915439
/media/storage2/Anuj/5th international anujj ones/medxpert/data/raw/Normal/norm_Normal-2579.png,0,Normal,1,1.0941035,0.0108106425,0.44536,0.35091925,0.1929101
/media/storage2/Anuj/5th international anujj ones/medxpert/data/raw/Normal/norm_Normal-2580.png,0,Normal,1,1.0995271,0.011180278,0.44692805,0.34090766,0.20098399
/media/storage2/Anuj/5th international anujj ones/medxpert/data/raw/Normal/norm_Normal-2584.png,0,Normal,1,1.0644729,0.0038431901,0.43674493,0.3725389,0.18687299
/media/storage2/Anuj/5th international anujj ones/medxpert/data/raw/Normal/norm_Normal-2594.png,0,Normal,1,1.1526457,0.031114567,0.4517369,0.31800032,0.1991482
/media/storage2/Anuj/5th international anujj ones/medxpert/data/raw/Normal/norm_Normal-2602.png,0,Normal,1,1.0610892,0.0039756084,0.44016886,0.37385675,0.1819988
/media/storage2/Anuj/5th international anujj ones/medxpert/data/raw/Normal/norm_Normal-2620.png,0,Normal,1,1.061625,0.0042923917,0.43653026,0.3791542,0.18002313
/media/storage2/Anuj/5th international anujj ones/medxpert/data/raw/Normal/norm_Normal-2628.png,0,Normal,1,1.0717716,0.0038780859,0.42761713,0.3729606,0.19554421
/media/storage2/Anuj/5th international anujj ones/medxpert/data/raw/Normal/norm_Normal-2636.png,0,Normal,1,1.0624197,0.00400608,0.43914384,0.373418,0.18343212
/media/storage2/Anuj/5th international anujj ones/medxpert/data/raw/Normal/norm_Normal-2638.png,0,Normal,1,1.076716,0.00575439,0.44085485,0.3593298,0.194061
/media/storage2/Anuj/5th international anujj ones/medxpert/data/raw/Normal/norm_Normal-2644.png,0,Normal,1,1.2423038,0.112080835,0.4802337,0.23095791,0.17672758
/media/storage2/Anuj/5th international anujj ones/medxpert/data/raw/Normal/norm_Normal-2662.png,0,Normal,1,1.0789587,0.0070352936,0.4454874,0.35652027,0.19095701
/media/storage2/Anuj/5th international anujj ones/medxpert/data/raw/Normal/norm_Normal-2669.png,0,Normal,1,1.1428143,0.026813101,0.46605408,0.292109,0.21502379
/media/storage2/Anuj/5th international anujj ones/medxpert/data/raw/Normal/norm_Normal-2684.png,0,Normal,1,1.0611649,0.0030067218,0.43442488,0.37531215,0.1872563
/media/storage2/Anuj/5th international anujj ones/medxpert/data/raw/Normal/norm_Normal-27.png,0,Normal,1,1.0794703,0.007066104,0.44617608,0.3549195,0.19183831
/media/storage2/Anuj/5th international anujj ones/medxpert/data/raw/Normal/norm_Normal-2707.png,0,Normal,1,1.0726404,0.0059633474,0.4457097,0.36045787,0.18786913
/media/storage2/Anuj/5th international anujj ones/medxpert/data/raw/Normal/norm_Normal-2716.png,0,Normal,1,1.0847137,0.00798827,0.44719467,0.34974673,0.19507036
/media/storage2/Anuj/5th international anujj ones/medxpert/data/raw/Normal/norm_Normal-2742.png,0,Normal,1,1.085609,0.008790929,0.44505605,0.35540867,0.19074439
/media/storage2/Anuj/5th international anujj ones/medxpert/data/raw/Normal/norm_Normal-2762.png,0,Normal,1,1.1032014,0.00860745,0.43359375,0.33728877,0.22051
/media/storage2/Anuj/5th international anujj ones/medxpert/data/raw/Normal/norm_Normal-2795.png,0,Normal,1,1.0635493,0.0030029526,0.43098378,0.3759751,0.19003822
/media/storage2/Anuj/5th international anujj ones/medxpert/data/raw/Normal/norm_Normal-2827.png,0,Normal,1,1.0745001,0.0064942082,0.44757953,0.35788018,0.18804605
/media/storage2/Anuj/5th international anujj ones/medxpert/data/raw/Normal/norm_Normal-2863.png,0,Normal,1,1.0719076,0.0052536293,0.4388211,0.36671767,0.1892076
/media/storage2/Anuj/5th international anujj ones/medxpert/data/raw/Normal/norm_Normal-2890.png,0,Normal,1,1.062681,0.0028512275,0.43357012,0.37318885,0.19038978
/media/storage2/Anuj/5th international anujj ones/medxpert/data/raw/Normal/norm_Normal-2896.png,0,Normal,1,1.0619063,0.003003936,0.43287364,0.37609905,0.1880233
/media/storage2/Anuj/5th international anujj ones/medxpert/data/raw/Normal/norm_Normal-2897.png,0,Normal,1,1.268242,0.08664207,0.41567647,0.2344839,0.2631976
/media/storage2/Anuj/5th international anujj ones/medxpert/data/raw/Normal/norm_Normal-290.png,0,Normal,1,1.0849152,0.0072144167,0.44323558,0.35062888,0.19892114
/media/storage2/Anuj/5th international anujj ones/medxpert/data/raw/Normal/norm_Normal-2921.png,0,Normal,1,1.0619,0.0036577245,0.43678814,0.3751278,0.18442635
/media/storage2/Anuj/5th international anujj ones/medxpert/data/raw/Normal/norm_Normal-295.png,0,Normal,1,1.1462526,0.026173137,0.45176786,0.31003323,0.21202578
/media/storage2/Anuj/5th international anujj ones/medxpert/data/raw/Normal/norm_Normal-2966.png,0,Normal,1,1.0710588,0.005170983,0.4410765,0.36466736,0.18908523
/media/storage2/Anuj/5th international anujj ones/medxpert/data/raw/Normal/norm_Normal-298.png,0,Normal,1,1.0582123,0.0036835824,0.44138712,0.3747751,0.18015413
/media/storage2/Anuj/5th international anujj ones/medxpert/data/raw/Normal/norm_Normal-2994.png,0,Normal,1,1.0707215,0.0036470038,0.43292028,0.36660492,0.19682772
/media/storage2/Anuj/5th international anujj ones/medxpert/data/raw/Normal/norm_Normal-3002.png,0,Normal,1,1.0556543,0.003444635,0.44218394,0.37599695,0.17837451
/media/storage2/Anuj/5th international anujj ones/medxpert/data/raw/Normal/norm_Normal-3018.png,0,Normal,1,1.0641885,0.0044382187,0.44086936,0.37108853,0.1836039
/media/storage2/Anuj/5th international anujj ones/medxpert/data/raw/Normal/norm_Normal-3111.png,0,Normal,1,1.0635103,0.004828272,0.44554996,0.36819553,0.18142618
/media/storage2/Anuj/5th international anujj ones/medxpert/data/raw/Normal/norm_Normal-3118.png,0,Normal,1,1.0956606,0.0098157,0.44007993,0.35058957,0.19951479
/media/storage2/Anuj/5th international anujj ones/medxpert/data/raw/Normal/norm_Normal-3152.png,0,Normal,1,1.0817982,0.008325323,0.44800726,0.35515475,0.1885127
/media/storage2/Anuj/5th international anujj ones/medxpert/data/raw/Normal/norm_Normal-3165.png,0,Normal,1,1.2605681,0.1734967,0.480959,0.19169869,0.15384558
/media/storage2/Anuj/5th international anujj ones/medxpert/data/raw/Normal/norm_Normal-3175.png,0,Normal,1,1.2323349,0.12535208,0.49878126,0.21259351,0.16327313
/media/storage2/Anuj/5th international anujj ones/medxpert/data/raw/Normal/norm_Normal-3179.png,0,Normal,1,1.0607904,0.0031566143,0.43506372,0.37595347,0.18582621
/media/storage2/Anuj/5th international anujj ones/medxpert/data/raw/Normal/norm_Normal-3234.png,0,Normal,1,1.0616595,0.003923824,0.44167343,0.37091509,0.18348765
/media/storage2/Anuj/5th international anujj ones/medxpert/data/raw/Normal/norm_Normal-3235.png,0,Normal,1,1.1022252,0.013540109,0.45139182,0.34122634,0.19384173
/media/storage2/Anuj/5th international anujj ones/medxpert/data/raw/Normal/norm_Normal-3240.png,0,Normal,1,1.0659897,0.00392615,0.43595713,0.3717646,0.18835206
/media/storage2/Anuj/5th international anujj ones/medxpert/data/raw/Normal/norm_Normal-3241.png,0,Normal,1,1.0643059,0.003142031,0.4312211,0.37542138,0.19021547
/media/storage2/Anuj/5th international anujj ones/medxpert/data/raw/Normal/norm_Normal-3259.png,0,Normal,1,1.1338578,0.022756306,0.45118454,0.32314497,0.20291421
/media/storage2/Anuj/5th international anujj ones/medxpert/data/raw/Normal/norm_Normal-3274.png,0,Normal,1,1.0607927,0.004043204,0.44046035,0.37426665,0.18122984
/media/storage2/Anuj/5th international anujj ones/medxpert/data/raw/Normal/norm_Normal-3285.png,0,Normal,1,1.0615739,0.003075727,0.43386248,0.37581238,0.18724935
/media/storage2/Anuj/5th international anujj ones/medxpert/data/raw/Normal/norm_Normal-3301.png,0,Normal,1,1.140507,0.028955776,0.47281474,0.29547128,0.2027582
/media/storage2/Anuj/5th international anujj ones/medxpert/data/raw/Normal/norm_Normal-3303.png,0,Normal,1,1.0802623,0.0071592913,0.44570726,0.35477272,0.19236071
/media/storage2/Anuj/5th international anujj ones/medxpert/data/raw/Normal/norm_Normal-331.png,0,Normal,1,1.0664533,0.0035676055,0.43488598,0.37030026,0.19124612
/media/storage2/Anuj/5th international anujj ones/medxpert/data/raw/Normal/norm_Normal-3319.png,0,Normal,1,1.0582529,0.0034781776,0.43571755,0.3804484,0.18035588
/media/storage2/Anuj/5th international anujj ones/medxpert/data/raw/Normal/norm_Normal-3370.png,0,Normal,1,1.0623189,0.0033251136,0.43037352,0.38034245,0.18595886
/media/storage2/Anuj/5th international anujj ones/medxpert/data/raw/Normal/norm_Normal-3391.png,0,Normal,1,1.0652092,0.0044048964,0.44102097,0.36925474,0.18531935
/media/storage2/Anuj/5th international anujj ones/medxpert/data/raw/Normal/norm_Normal-3392.png,0,Normal,1,1.145035,0.017184826,0.4228261,0.3013054,0.25868368
/media/storage2/Anuj/5th international anujj ones/medxpert/data/raw/Normal/norm_Normal-3393.png,0,Normal,1,1.1001735,0.011911115,0.45033926,0.33842206,0.19932763
/media/storage2/Anuj/5th international anujj ones/medxpert/data/raw/Normal/norm_Normal-3413.png,0,Normal,1,1.0579966,0.0029334116,0.43379155,0.38009003,0.18318504
/media/storage2/Anuj/5th international anujj ones/medxpert/data/raw/Normal/norm_Normal-342.png,0,Normal,1,1.080616,0.005468588,0.42619452,0.37014884,0.19818802
/media/storage2/Anuj/5th international anujj ones/medxpert/data/raw/Normal/norm_Normal-343.png,0,Normal,1,1.0569853,0.0027255823,0.43417102,0.37983972,0.18326366
/media/storage2/Anuj/5th international anujj ones/medxpert/data/raw/Normal/norm_Normal-3450.png,0,Normal,1,1.0606325,0.003721052,0.437471,0.37641308,0.18239489
/media/storage2/Anuj/5th international anujj ones/medxpert/data/raw/Normal/norm_Normal-3499.png,0,Normal,1,1.0877523,0.00824615,0.4432074,0.3515575,0.19698896
/media/storage2/Anuj/5th international anujj ones/medxpert/data/raw/Normal/norm_Normal-35.png,0,Normal,1,1.2407047,0.099696316,0.47224018,0.2408937,0.18716986
/media/storage2/Anuj/5th international anujj ones/medxpert/data/raw/Normal/norm_Normal-3521.png,0,Normal,1,1.2031407,0.037883017,0.39983183,0.26550576,0.2967794
/media/storage2/Anuj/5th international anujj ones/medxpert/data/raw/Normal/norm_Normal-3531.png,0,Normal,1,1.0606467,0.0038795762,0.4392553,0.37507614,0.18178894
/media/storage2/Anuj/5th international anujj ones/medxpert/data/raw/Normal/norm_Normal-3580.png,0,Normal,1,1.0603888,0.0038888825,0.43974268,0.37488726,0.18148114
/media/storage2/Anuj/5th international anujj ones/medxpert/data/raw/Normal/norm_Normal-36.png,0,Normal,1,1.0615848,0.0031956488,0.43381792,0.3765508,0.18643561
/media/storage2/Anuj/5th international anujj ones/medxpert/data/raw/Normal/norm_Normal-3604.png,0,Normal,1,1.0612078,0.0044397153,0.44597965,0.36888656,0.18069409
/media/storage2/Anuj/5th international anujj ones/medxpert/data/raw/Normal/norm_Normal-3630.png,0,Normal,1,1.1966163,0.055387884,0.4578255,0.2905474,0.19623919
/media/storage2/Anuj/5th international anujj ones/medxpert/data/raw/Normal/norm_Normal-3634.png,0,Normal,1,1.0619202,0.0031566815,0.43378806,0.375881,0.18717423
/media/storage2/Anuj/5th international anujj ones/medxpert/data/raw/Normal/norm_Normal-3646.png,0,Normal,1,1.0945135,0.011239788,0.44339797,0.3549571,0.19040512
/media/storage2/Anuj/5th international anujj ones/medxpert/data/raw/Normal/norm_Normal-3747.png,0,Normal,1,1.1484294,0.019842323,0.41900474,0.32482213,0.23633084
/media/storage2/Anuj/5th international anujj ones/medxpert/data/raw/Normal/norm_Normal-3755.png,0,Normal,1,1.0618306,0.0034279316,0.43700913,0.37366566,0.18589729
/media/storage2/Anuj/5th international anujj ones/medxpert/data/raw/Normal/norm_Normal-377.png,0,Normal,1,1.0705178,0.0046311105,0.4323447,0.37345544,0.1895687
/media/storage2/Anuj/5th international anujj ones/medxpert/data/raw/Normal/norm_Normal-3797.png,0,Normal,1,1.2910914,0.11152822,0.41301292,0.2584914,0.21696745
/media/storage2/Anuj/5th international anujj ones/medxpert/data/raw/Normal/norm_Normal-3820.png,0,Normal,1,1.06031,0.0040390315,0.43956226,0.37600076,0.18039799
/media/storage2/Anuj/5th international anujj ones/medxpert/data/raw/Normal/norm_Normal-3857.png,0,Normal,1,1.0791919,0.0075541213,0.44964656,0.35315302,0.18964626
/media/storage2/Anuj/5th international anujj ones/medxpert/data/raw/Normal/norm_Normal-394.png,0,Normal,1,1.0786393,0.0043920954,0.41895342,0.37562364,0.2010308
/media/storage2/Anuj/5th international anujj ones/medxpert/data/raw/Normal/norm_Normal-3945.png,0,Normal,1,1.1146681,0.01664633,0.45064175,0.33414304,0.19856896
/media/storage2/Anuj/5th international anujj ones/medxpert/data/raw/Normal/norm_Normal-3946.png,0,Normal,1,1.2391323,0.060671724,0.4099418,0.26984227,0.25954425
/media/storage2/Anuj/5th international anujj ones/medxpert/data/raw/Normal/norm_Normal-4003.png,0,Normal,1,1.0625889,0.0042566913,0.44034934,0.3730296,0.18236434
/media/storage2/Anuj/5th international anujj ones/medxpert/data/raw/Normal/norm_Normal-4017.png,0,Normal,1,1.0563217,0.003825107,0.43920407,0.38064852,0.17632227
/media/storage2/Anuj/5th international anujj ones/medxpert/data/raw/Normal/norm_Normal-4076.png,0,Normal,1,1.0596507,0.004712357,0.44942564,0.36805785,0.17780414
/media/storage2/Anuj/5th international anujj ones/medxpert/data/raw/Normal/norm_Normal-4083.png,0,Normal,1,1.0611944,0.0030411312,0.43272603,0.37751484,0.18671803
/media/storage2/Anuj/5th international anujj ones/medxpert/data/raw/Normal/norm_Normal-409.png,0,Normal,1,1.0574946,0.0034074602,0.43728256,0.37923303,0.18007697
/media/storage2/Anuj/5th international anujj ones/medxpert/data/raw/Normal/norm_Normal-410.png,0,Normal,1,1.068797,0.004490702,0.44133398,0.3639736,0.1902018
/media/storage2/Anuj/5th international anujj ones/medxpert/data/raw/Normal/norm_Normal-4104.png,0,Normal,1,1.0633196,0.003981493,0.43904108,0.37213507,0.18484236
/media/storage2/Anuj/5th international anujj ones/medxpert/data/raw/Normal/norm_Normal-4205.png,0,Normal,1,1.1550474,0.030496946,0.44028404,0.3296824,0.19953656
/media/storage2/Anuj/5th international anujj ones/medxpert/data/raw/Normal/norm_Normal-4222.png,0,Normal,1,1.0936984,0.010098953,0.44668826,0.3461388,0.197074
/media/storage2/Anuj/5th international anujj ones/medxpert/data/raw/Normal/norm_Normal-4242.png,0,Normal,1,1.0653461,0.0046468307,0.4427618,0.3681593,0.18443207
/media/storage2/Anuj/5th international anujj ones/medxpert/data/raw/Normal/norm_Normal-4247.png,0,Normal,1,1.0675893,0.005274547,0.44535112,0.36488554,0.18448876
/media/storage2/Anuj/5th international anujj ones/medxpert/data/raw/Normal/norm_Normal-4282.png,0,Normal,1,1.074348,0.006879315,0.44990855,0.3569504,0.18626167
/media/storage2/Anuj/5th international anujj ones/medxpert/data/raw/Normal/norm_Normal-4305.png,0,Normal,1,1.0712452,0.006282763,0.4456793,0.36422002,0.18381788
/media/storage2/Anuj/5th international anujj ones/medxpert/data/raw/Normal/norm_Normal-4322.png,0,Normal,1,1.0735865,0.0057301032,0.44398773,0.36001822,0.19026393
/media/storage2/Anuj/5th international anujj ones/medxpert/data/raw/Normal/norm_Normal-4359.png,0,Normal,1,1.0607337,0.003609675,0.4391351,0.37363926,0.18361597
/media/storage2/Anuj/5th international anujj ones/medxpert/data/raw/Normal/norm_Normal-4363.png,0,Normal,1,1.0612421,0.0036801673,0.4392706,0.37314528,0.18390395
/media/storage2/Anuj/5th international anujj ones/medxpert/data/raw/Normal/norm_Normal-4364.png,0,Normal,1,1.1215888,0.011576776,0.42889535,0.32011062,0.23941731
/media/storage2/Anuj/5th international anujj ones/medxpert/data/raw/Normal/norm_Normal-439.png,0,Normal,1,1.0770533,0.0039346884,0.4286665,0.3633773,0.20402157
/media/storage2/Anuj/5th international anujj ones/medxpert/data/raw/Normal/norm_Normal-4410.png,0,Normal,1,1.0615231,0.0029693996,0.4314174,0.37818402,0.18742922
/media/storage2/Anuj/5th international anujj ones/medxpert/data/raw/Normal/norm_Normal-442.png,0,Normal,1,1.0739976,0.005119198,0.44076347,0.3601756,0.19394177
/media/storage2/Anuj/5th international anujj ones/medxpert/data/raw/Normal/norm_Normal-4436.png,0,Normal,1,1.0611746,0.0031761592,0.43410677,0.3766737,0.18604343
/media/storage2/Anuj/5th international anujj ones/medxpert/data/raw/Normal/norm_Normal-444.png,0,Normal,1,1.0626357,0.0033335204,0.43456247,0.37494707,0.18715686
/media/storage2/Anuj/5th international anujj ones/medxpert/data/raw/Normal/norm_Normal-4447.png,0,Normal,1,1.1152364,0.016531408,0.4459153,0.33980295,0.19775032
/media/storage2/Anuj/5th international anujj ones/medxpert/data/raw/Normal/norm_Normal-4465.png,0,Normal,1,1.0657258,0.0028449846,0.43087766,0.37183845,0.1944389
/media/storage2/Anuj/5th international anujj ones/medxpert/data/raw/Normal/norm_Normal-4515.png,0,Normal,1,1.0616744,0.0034473217,0.43592656,0.37531728,0.1853088
/media/storage2/Anuj/5th international anujj ones/medxpert/data/raw/Normal/norm_Normal-4529.png,0,Normal,1,1.2232537,0.08946855,0.4840099,0.23857248,0.1879491
/media/storage2/Anuj/5th international anujj ones/medxpert/data/raw/Normal/norm_Normal-4531.png,0,Normal,1,1.0586777,0.0038086597,0.43928558,0.37735176,0.1795539
/media/storage2/Anuj/5th international anujj ones/medxpert/data/raw/Normal/norm_Normal-4560.png,0,Normal,1,1.1241865,0.017458342,0.45017347,0.31863263,0.21373555
/media/storage2/Anuj/5th international anujj ones/medxpert/data/raw/Normal/norm_Normal-4593.png,0,Normal,1,1.0615333,0.003792627,0.44081217,0.37144667,0.18394853
/media/storage2/Anuj/5th international anujj ones/medxpert/data/raw/Normal/norm_Normal-4617.png,0,Normal,1,1.2826651,0.16708569,0.45917228,0.19720133,0.17654075
/media/storage2/Anuj/5th international anujj ones/medxpert/data/raw/Normal/norm_Normal-462.png,0,Normal,1,1.0723411,0.0037218744,0.42202568,0.37779245,0.19645996
/media/storage2/Anuj/5th international anujj ones/medxpert/data/raw/Normal/norm_Normal-4705.png,0,Normal,1,1.0903816,0.008924456,0.44339427,0.3504223,0.19725896
/media/storage2/Anuj/5th international anujj ones/medxpert/data/raw/Normal/norm_Normal-4750.png,0,Normal,1,1.0696734,0.0062072775,0.44475234,0.367308,0.1817324
/media/storage2/Anuj/5th international anujj ones/medxpert/data/raw/Normal/norm_Normal-4755.png,0,Normal,1,1.2181746,0.07604218,0.47228995,0.25622168,0.19544625
/media/storage2/Anuj/5th international anujj ones/medxpert/data/raw/Normal/norm_Normal-4772.png,0,Normal,1,1.0976415,0.008892178,0.4364375,0.34680423,0.20786615
/media/storage2/Anuj/5th international anujj ones/medxpert/data/raw/Normal/norm_Normal-4783.png,0,Normal,1,1.1619148,0.039437342,0.4798809,0.2681768,0.21250495
/media/storage2/Anuj/5th international anujj ones/medxpert/data/raw/Normal/norm_Normal-4795.png,0,Normal,1,1.0667951,0.004336627,0.43937302,0.36862916,0.18766119
/media/storage2/Anuj/5th international anujj ones/medxpert/data/raw/Normal/norm_Normal-4831.png,0,Normal,1,1.0795177,0.006748014,0.44181925,0.35902652,0.19240624
/media/storage2/Anuj/5th international anujj ones/medxpert/data/raw/Normal/norm_Normal-4836.png,0,Normal,1,1.1445525,0.017506158,0.4233082,0.30755016,0.2516355
/media/storage2/Anuj/5th international anujj ones/medxpert/data/raw/Normal/norm_Normal-494.png,0,Normal,1,1.0731274,0.004543332,0.42902315,0.3730896,0.19334392
/media/storage2/Anuj/5th international anujj ones/medxpert/data/raw/Normal/norm_Normal-4961.png,0,Normal,1,1.0892975,0.008805809,0.44557008,0.34858373,0.19704038
/media/storage2/Anuj/5th international anujj ones/medxpert/data/raw/Normal/norm_Normal-5069.png,0,Normal,1,1.1592427,0.02710127,0.42969993,0.32229206,0.22090676
/media/storage2/Anuj/5th international anujj ones/medxpert/data/raw/Normal/norm_Normal-5090.png,0,Normal,1,1.0827509,0.007527855,0.44571283,0.35264242,0.19411695
/media/storage2/Anuj/5th international anujj ones/medxpert/data/raw/Normal/norm_Normal-510.png,0,Normal,1,1.069457,0.0039476682,0.4276207,0.3768677,0.19156393
/media/storage2/Anuj/5th international anujj ones/medxpert/data/raw/Normal/norm_Normal-5122.png,0,Normal,1,1.0597847,0.0034030462,0.43802395,0.3751808,0.18339214
/media/storage2/Anuj/5th international anujj ones/medxpert/data/raw/Normal/norm_Normal-5137.png,0,Normal,1,1.0589042,0.003348345,0.43664536,0.37776205,0.18224426
/media/storage2/Anuj/5th international anujj ones/medxpert/data/raw/Normal/norm_Normal-5150.png,0,Normal,1,1.0636766,0.004011687,0.43887782,0.37199172,0.18511873
/media/storage2/Anuj/5th international anujj ones/medxpert/data/raw/Normal/norm_Normal-5152.png,0,Normal,1,1.1105847,0.0161681,0.4542947,0.33387563,0.19566151
/media/storage2/Anuj/5th international anujj ones/medxpert/data/raw/Normal/norm_Normal-5153.png,0,Normal,1,1.0624256,0.0046001524,0.4462845,0.36761767,0.18149763
/media/storage2/Anuj/5th international anujj ones/medxpert/data/raw/Normal/norm_Normal-5159.png,0,Normal,1,1.0642056,0.0033459694,0.43220338,0.3755986,0.18885204
/media/storage2/Anuj/5th international anujj ones/medxpert/data/raw/Normal/norm_Normal-5194.png,0,Normal,1,1.0623404,0.0036013213,0.43603846,0.37510237,0.18525787
/media/storage2/Anuj/5th international anujj ones/medxpert/data/raw/Normal/norm_Normal-5237.png,0,Normal,1,1.0640609,0.0036068086,0.43536264,0.3734884,0.18754216
/media/storage2/Anuj/5th international anujj ones/medxpert/data/raw/Normal/norm_Normal-5244.png,0,Normal,1,1.0830424,0.007763655,0.44793478,0.35031566,0.19398594
/media/storage2/Anuj/5th international anujj ones/medxpert/data/raw/Normal/norm_Normal-5247.png,0,Normal,1,1.2240138,0.38699803,0.38968042,0.106833644,0.116487995
/media/storage2/Anuj/5th international anujj ones/medxpert/data/raw/Normal/norm_Normal-5255.png,0,Normal,1,1.0643427,0.0033017779,0.4336489,0.37338346,0.18966582
/media/storage2/Anuj/5th international anujj ones/medxpert/data/raw/Normal/norm_Normal-5286.png,0,Normal,3,1.3278826,0.23920205,0.31054217,0.12224044,0.3280153
/media/storage2/Anuj/5th international anujj ones/medxpert/data/raw/Normal/norm_Normal-5380.png,0,Normal,1,1.1100456,0.015389086,0.4617952,0.31819814,0.20461753
/media/storage2/Anuj/5th international anujj ones/medxpert/data/raw/Normal/norm_Normal-5406.png,0,Normal,1,1.0927463,0.010631443,0.44702703,0.34998244,0.19235907
/media/storage2/Anuj/5th international anujj ones/medxpert/data/raw/Normal/norm_Normal-5415.png,0,Normal,1,1.0628818,0.0035616874,0.43442097,0.37606794,0.18594941
/media/storage2/Anuj/5th international anujj ones/medxpert/data/raw/Normal/norm_Normal-5461.png,0,Normal,1,1.0698452,0.005078341,0.43892288,0.3687279,0.18727091
/media/storage2/Anuj/5th international anujj ones/medxpert/data/raw/Normal/norm_Normal-547.png,0,Normal,1,1.0636063,0.0034658362,0.43357116,0.37551263,0.18745038
/media/storage2/Anuj/5th international anujj ones/medxpert/data/raw/Normal/norm_Normal-5478.png,0,Normal,1,1.0682932,0.004957234,0.43966097,0.36943468,0.18594706
/media/storage2/Anuj/5th international anujj ones/medxpert/data/raw/Normal/norm_Normal-5548.png,0,Normal,1,1.0691595,0.005030163,0.44374868,0.3633165,0.18790467
/media/storage2/Anuj/5th international anujj ones/medxpert/data/raw/Normal/norm_Normal-5558.png,0,Normal,1,1.3099691,0.13954376,0.35810062,0.17010085,0.33225477
/media/storage2/Anuj/5th international anujj ones/medxpert/data/raw/Normal/norm_Normal-5567.png,0,Normal,1,1.0732182,0.0039343396,0.42814413,0.37039274,0.19752882
/media/storage2/Anuj/5th international anujj ones/medxpert/data/raw/Normal/norm_Normal-5573.png,0,Normal,1,1.0614072,0.003630679,0.43730074,0.37504885,0.18401974
/media/storage2/Anuj/5th international anujj ones/medxpert/data/raw/Normal/norm_Normal-5583.png,0,Normal,1,1.0627046,0.0035678041,0.43456942,0.37617487,0.18568791
/media/storage2/Anuj/5th international anujj ones/medxpert/data/raw/Normal/norm_Normal-5587.png,0,Normal,1,1.0742095,0.005263885,0.43665287,0.36600944,0.19207379
/media/storage2/Anuj/5th international anujj ones/medxpert/data/raw/Normal/norm_Normal-5588.png,0,Normal,1,1.0588028,0.0033467757,0.437505,0.37685922,0.18228902
/media/storage2/Anuj/5th international anujj ones/medxpert/data/raw/Normal/norm_Normal-5602.png,0,Normal,1,1.0687206,0.0052566654,0.44105473,0.36862555,0.18506306
/media/storage2/Anuj/5th international anujj ones/medxpert/data/raw/Normal/norm_Normal-5614.png,0,Normal,1,1.0581871,0.0039317375,0.4444989,0.37228024,0.17928912
/media/storage2/Anuj/5th international anujj ones/medxpert/data/raw/Normal/norm_Normal-5627.png,0,Normal,1,1.0628268,0.002883274,0.43279153,0.37412113,0.19020401
/media/storage2/Anuj/5th international anujj ones/medxpert/data/raw/Normal/norm_Normal-5684.png,0,Normal,1,1.0594063,0.0035827048,0.43755686,0.37725145,0.18160897
/media/storage2/Anuj/5th international anujj ones/medxpert/data/raw/Normal/norm_Normal-5687.png,0,Normal,1,1.0637486,0.0049157604,0.4456973,0.36811897,0.18126798
/media/storage2/Anuj/5th international anujj ones/medxpert/data/raw/Normal/norm_Normal-570.png,0,Normal,1,1.071597,0.004516413,0.43470183,0.36827144,0.19251035
/media/storage2/Anuj/5th international anujj ones/medxpert/data/raw/Normal/norm_Normal-571.png,0,Normal,1,1.0698192,0.00407361,0.42996556,0.37424615,0.1917147
/media/storage2/Anuj/5th international anujj ones/medxpert/data/raw/Normal/norm_Normal-5713.png,0,Normal,1,1.0664,0.0045556366,0.4412387,0.36806205,0.18614358
/media/storage2/Anuj/5th international anujj ones/medxpert/data/raw/Normal/norm_Normal-5750.png,0,Normal,1,1.072362,0.0050241123,0.44022417,0.36293697,0.19181478
/media/storage2/Anuj/5th international anujj ones/medxpert/data/raw/Normal/norm_Normal-5752.png,0,Normal,1,1.0625665,0.0041569937,0.44109446,0.37161127,0.18313733
/media/storage2/Anuj/5th international anujj ones/medxpert/data/raw/Normal/norm_Normal-5755.png,0,Normal,1,1.0565326,0.0034195664,0.43862796,0.37897927,0.17897321
/media/storage2/Anuj/5th international anujj ones/medxpert/data/raw/Normal/norm_Normal-5858.png,0,Normal,1,1.2581537,0.08640171,0.4321667,0.26039708,0.22103447
/media/storage2/Anuj/5th international anujj ones/medxpert/data/raw/Normal/norm_Normal-5889.png,0,Normal,1,1.0674808,0.003913768,0.4347215,0.37100685,0.19035783
/media/storage2/Anuj/5th international anujj ones/medxpert/data/raw/Normal/norm_Normal-591.png,0,Normal,1,1.0694131,0.0035372493,0.42386478,0.3789529,0.19364509
/media/storage2/Anuj/5th international anujj ones/medxpert/data/raw/Normal/norm_Normal-5980.png,0,Normal,1,1.075122,0.0067002727,0.44424212,0.3624119,0.18664573
/media/storage2/Anuj/5th international anujj ones/medxpert/data/raw/Normal/norm_Normal-5983.png,0,Normal,1,1.0570023,0.0029846397,0.43657273,0.3784349,0.18200777
/media/storage2/Anuj/5th international anujj ones/medxpert/data/raw/Normal/norm_Normal-6002.png,0,Normal,1,1.064877,0.0041157394,0.43772686,0.3722599,0.1858975
/media/storage2/Anuj/5th international anujj ones/medxpert/data/raw/Normal/norm_Normal-602.png,0,Normal,1,1.0634217,0.0042747874,0.43932682,0.37321627,0.18318214
/media/storage2/Anuj/5th international anujj ones/medxpert/data/raw/Normal/norm_Normal-604.png,0,Normal,1,1.0614207,0.0033214246,0.43093374,0.380914,0.18483084
/media/storage2/Anuj/5th international anujj ones/medxpert/data/raw/Normal/norm_Normal-6044.png,0,Normal,1,1.0574486,0.003486828,0.4416246,0.37447456,0.18041404
/media/storage2/Anuj/5th international anujj ones/medxpert/data/raw/Normal/norm_Normal-6052.png,0,Normal,1,1.0690184,0.0048524276,0.4394754,0.368041,0.18763112
/media/storage2/Anuj/5th international anujj ones/medxpert/data/raw/Normal/norm_Normal-6089.png,0,Normal,1,1.072115,0.005221215,0.43793815,0.36734873,0.18949187
/media/storage2/Anuj/5th international anujj ones/medxpert/data/raw/Normal/norm_Normal-6096.png,0,Normal,1,1.0634751,0.003151403,0.4317717,0.37603053,0.18904634
/media/storage2/Anuj/5th international anujj ones/medxpert/data/raw/Normal/norm_Normal-6183.png,0,Normal,1,1.0608311,0.0033450616,0.43663585,0.3750714,0.18494767
/media/storage2/Anuj/5th international anujj ones/medxpert/data/raw/Normal/norm_Normal-620.png,0,Normal,1,1.0643723,0.00366095,0.4344929,0.37440675,0.1874394
/media/storage2/Anuj/5th international anujj ones/medxpert/data/raw/Normal/norm_Normal-6219.png,0,Normal,1,1.0643893,0.0044650636,0.4420017,0.36952803,0.18400526
/media/storage2/Anuj/5th international anujj ones/medxpert/data/raw/Normal/norm_Normal-6243.png,0,Normal,1,1.1095939,0.015167917,0.45510015,0.32958615,0.20014586
/media/storage2/Anuj/5th international anujj ones/medxpert/data/raw/Normal/norm_Normal-6269.png,0,Normal,1,1.1124356,0.015923023,0.459776,0.31959885,0.20470214
/media/storage2/Anuj/5th international anujj ones/medxpert/data/raw/Normal/norm_Normal-6276.png,0,Normal,1,1.0746983,0.006478258,0.445086,0.3608186,0.18761714
/media/storage2/Anuj/5th international anujj ones/medxpert/data/raw/Normal/norm_Normal-6308.png,0,Normal,1,1.0684009,0.0052774847,0.44223505,0.3677051,0.18478233
/media/storage2/Anuj/5th international anujj ones/medxpert/data/raw/Normal/norm_Normal-6313.png,0,Normal,1,1.1600811,0.037021514,0.4711491,0.28566274,0.20616673
/media/storage2/Anuj/5th international anujj ones/medxpert/data/raw/Normal/norm_Normal-6335.png,0,Normal,1,1.0689526,0.005546547,0.44717726,0.36190817,0.18536805
/media/storage2/Anuj/5th international anujj ones/medxpert/data/raw/Normal/norm_Normal-635.png,0,Normal,1,1.0676385,0.0032804713,0.42931232,0.37358576,0.19382147
/media/storage2/Anuj/5th international anujj ones/medxpert/data/raw/Normal/norm_Normal-6355.png,0,Normal,1,1.0609667,0.003981101,0.44113865,0.37286282,0.1820174
/media/storage2/Anuj/5th international anujj ones/medxpert/data/raw/Normal/norm_Normal-6455.png,0,Normal,1,1.0591639,0.0031495395,0.4367985,0.3761079,0.18394403
/media/storage2/Anuj/5th international anujj ones/medxpert/data/raw/Normal/norm_Normal-6465.png,0,Normal,1,1.0644424,0.0036050598,0.4333682,0.3753496,0.18767706
/media/storage2/Anuj/5th international anujj ones/medxpert/data/raw/Normal/norm_Normal-6476.png,0,Normal,1,1.0615102,0.0032961434,0.43555593,0.3751386,0.18600929
/media/storage2/Anuj/5th international anujj ones/medxpert/data/raw/Normal/norm_Normal-6525.png,0,Normal,1,1.1025658,0.012525233,0.44374204,0.34697455,0.1967582
/media/storage2/Anuj/5th international anujj ones/medxpert/data/raw/Normal/norm_Normal-6538.png,0,Normal,1,1.0629194,0.003927594,0.43821535,0.3734268,0.18443027
/media/storage2/Anuj/5th international anujj ones/medxpert/data/raw/Normal/norm_Normal-6545.png,0,Normal,1,1.060797,0.0037711174,0.43941605,0.3740896,0.18272322
/media/storage2/Anuj/5th international anujj ones/medxpert/data/raw/Normal/norm_Normal-6576.png,0,Normal,1,1.0639074,0.0036596262,0.43683732,0.37220407,0.18729901
/media/storage2/Anuj/5th international anujj ones/medxpert/data/raw/Normal/norm_Normal-6622.png,0,Normal,1,1.0656189,0.004247737,0.44066674,0.36823815,0.18684743
/media/storage2/Anuj/5th international anujj ones/medxpert/data/raw/Normal/norm_Normal-6669.png,0,Normal,1,1.3234465,0.2570438,0.39463583,0.19012965,0.15819077
/media/storage2/Anuj/5th international anujj ones/medxpert/data/raw/Normal/norm_Normal-6689.png,0,Normal,1,1.084061,0.008458006,0.44734403,0.3531023,0.19109559
/media/storage2/Anuj/5th international anujj ones/medxpert/data/raw/Normal/norm_Normal-670.png,0,Normal,1,1.1349381,0.023994328,0.46116784,0.30839315,0.20644459
/media/storage2/Anuj/5th international anujj ones/medxpert/data/raw/Normal/norm_Normal-6706.png,0,Normal,1,1.067955,0.003936593,0.43628833,0.36846936,0.19130574
/media/storage2/Anuj/5th international anujj ones/medxpert/data/raw/Normal/norm_Normal-6723.png,0,Normal,1,1.1079888,0.013217897,0.4504722,0.32983056,0.20647933
/media/storage2/Anuj/5th international anujj ones/medxpert/data/raw/Normal/norm_Normal-680.png,0,Normal,1,1.068785,0.004465557,0.43182224,0.37571558,0.18799661
/media/storage2/Anuj/5th international anujj ones/medxpert/data/raw/Normal/norm_Normal-681.png,0,Normal,1,1.0693833,0.0037690462,0.42450526,0.37961033,0.19211535
/media/storage2/Anuj/5th international anujj ones/medxpert/data/raw/Normal/norm_Normal-686.png,0,Normal,1,1.0698375,0.004920018,0.4412947,0.3648604,0.18892495
/media/storage2/Anuj/5th international anujj ones/medxpert/data/raw/Normal/norm_Normal-688.png,0,Normal,1,1.110827,0.013135256,0.4489893,0.32551247,0.21236303
/media/storage2/Anuj/5th international anujj ones/medxpert/data/raw/Normal/norm_Normal-6910.png,0,Normal,1,1.0691013,0.00573594,0.44831166,0.36117664,0.18477581
/media/storage2/Anuj/5th international anujj ones/medxpert/data/raw/Normal/norm_Normal-6948.png,0,Normal,1,1.0664275,0.004253719,0.43843067,0.3698924,0.18742323
/media/storage2/Anuj/5th international anujj ones/medxpert/data/raw/Normal/norm_Normal-697.png,0,Normal,1,1.0660523,0.0038087992,0.43674847,0.3700135,0.1894292
/media/storage2/Anuj/5th international anujj ones/medxpert/data/raw/Normal/norm_Normal-6993.png,0,Normal,1,1.0775244,0.007296567,0.44870567,0.35577342,0.18822432
/media/storage2/Anuj/5th international anujj ones/medxpert/data/raw/Normal/norm_Normal-6998.png,0,Normal,1,1.0593349,0.0032167283,0.4362248,0.37694156,0.18361694
/media/storage2/Anuj/5th international anujj ones/medxpert/data/raw/Normal/norm_Normal-7018.png,0,Normal,1,1.2309622,0.36340132,0.4066407,0.11023199,0.11972602
/media/storage2/Anuj/5th international anujj ones/medxpert/data/raw/Normal/norm_Normal-7033.png,0,Normal,1,1.062627,0.00415593,0.4403071,0.37249562,0.18304138
/media/storage2/Anuj/5th international anujj ones/medxpert/data/raw/Normal/norm_Normal-7060.png,0,Normal,1,1.0601307,0.0038637992,0.43985432,0.37497374,0.18130818
/media/storage2/Anuj/5th international anujj ones/medxpert/data/raw/Normal/norm_Normal-7084.png,0,Normal,1,1.074945,0.005852712,0.43726587,0.3672944,0.18958706
/media/storage2/Anuj/5th international anujj ones/medxpert/data/raw/Normal/norm_Normal-7089.png,0,Normal,1,1.0747097,0.006251135,0.44291943,0.36247188,0.18835752
/media/storage2/Anuj/5th international anujj ones/medxpert/data/raw/Normal/norm_Normal-7096.png,0,Normal,1,1.1529572,0.021441778,0.42649105,0.30712798,0.24493922
/media/storage2/Anuj/5th international anujj ones/medxpert/data/raw/Normal/norm_Normal-71.png,0,Normal,1,1.0650257,0.004012913,0.4372437,0.37207296,0.18667044
/media/storage2/Anuj/5th international anujj ones/medxpert/data/raw/Normal/norm_Normal-7121.png,0,Normal,1,1.0823609,0.008216206,0.4422686,0.36142483,0.18809038
/media/storage2/Anuj/5th international anujj ones/medxpert/data/raw/Normal/norm_Normal-7127.png,0,Normal,1,1.0675085,0.004678979,0.44276837,0.36514112,0.18741149
/media/storage2/Anuj/5th international anujj ones/medxpert/data/raw/Normal/norm_Normal-7130.png,0,Normal,1,1.0678318,0.0042678774,0.4371984,0.36943206,0.18910173
/media/storage2/Anuj/5th international anujj ones/medxpert/data/raw/Normal/norm_Normal-7133.png,0,Normal,1,1.0679305,0.00553307,0.44794497,0.36234742,0.18417461
/media/storage2/Anuj/5th international anujj ones/medxpert/data/raw/Normal/norm_Normal-7141.png,0,Normal,1,1.1025646,0.009583517,0.43541962,0.3427271,0.21226981
/media/storage2/Anuj/5th international anujj ones/medxpert/data/raw/Normal/norm_Normal-7142.png,0,Normal,1,1.0676279,0.0049075256,0.44177884,0.36747116,0.18584244
/media/storage2/Anuj/5th international anujj ones/medxpert/data/raw/Normal/norm_Normal-716.png,0,Normal,1,1.074218,0.0065845298,0.44888166,0.3570295,0.18750429
/media/storage2/Anuj/5th international anujj ones/medxpert/data/raw/Normal/norm_Normal-717.png,0,Normal,1,1.0686878,0.005607224,0.44716138,0.36263907,0.18459234
/media/storage2/Anuj/5th international anujj ones/medxpert/data/raw/Normal/norm_Normal-7195.png,0,Normal,1,1.256188,0.26047865,0.46064228,0.1493326,0.1295465
/media/storage2/Anuj/5th international anujj ones/medxpert/data/raw/Normal/norm_Normal-7211.png,0,Normal,1,1.0847881,0.00815615,0.44489565,0.35373735,0.19321083
/media/storage2/Anuj/5th international anujj ones/medxpert/data/raw/Normal/norm_Normal-7226.png,0,Normal,1,1.0613436,0.003444089,0.4354584,0.37633175,0.1847658
/media/storage2/Anuj/5th international anujj ones/medxpert/data/raw/Normal/norm_Normal-7229.png,0,Normal,1,1.076833,0.0062115532,0.44171467,0.3605448,0.19152899
/media/storage2/Anuj/5th international anujj ones/medxpert/data/raw/Normal/norm_Normal-7232.png,0,Normal,1,1.0668299,0.005313753,0.4475935,0.36329043,0.18380235
/media/storage2/Anuj/5th international anujj ones/medxpert/data/raw/Normal/norm_Normal-740.png,0,Normal,1,1.0749421,0.004169231,0.42066038,0.37807998,0.19709037
/media/storage2/Anuj/5th international anujj ones/medxpert/data/raw/Normal/norm_Normal-7419.png,0,Normal,1,1.075793,0.006569211,0.44674444,0.35737953,0.18930681
/media/storage2/Anuj/5th international anujj ones/medxpert/data/raw/Normal/norm_Normal-7439.png,0,Normal,1,1.0728492,0.005125992,0.44118914,0.36148924,0.19219562
/media/storage2/Anuj/5th international anujj ones/medxpert/data/raw/Normal/norm_Normal-7482.png,0,Normal,1,1.0836176,0.008714927,0.44504365,0.35820046,0.18804096
/media/storage2/Anuj/5th international anujj ones/medxpert/data/raw/Normal/norm_Normal-7507.png,0,Normal,1,1.0588018,0.0031802764,0.43526807,0.37862003,0.1829317
/media/storage2/Anuj/5th international anujj ones/medxpert/data/raw/Normal/norm_Normal-754.png,0,Normal,1,1.0927732,0.008192029,0.44039077,0.34615192,0.20526531
/media/storage2/Anuj/5th international anujj ones/medxpert/data/raw/Normal/norm_Normal-7562.png,0,Normal,1,1.0605541,0.0030563197,0.43318722,0.3779585,0.18579802
/media/storage2/Anuj/5th international anujj ones/medxpert/data/raw/Normal/norm_Normal-7566.png,0,Normal,1,1.0593442,0.0035654653,0.43757313,0.3772242,0.18163721
/media/storage2/Anuj/5th international anujj ones/medxpert/data/raw/Normal/norm_Normal-7619.png,0,Normal,1,1.0884447,0.007248041,0.43755388,0.3524932,0.20270485
/media/storage2/Anuj/5th international anujj ones/medxpert/data/raw/Normal/norm_Normal-7625.png,0,Normal,1,1.0587935,0.003447533,0.4388227,0.37583107,0.18189868
/media/storage2/Anuj/5th international anujj ones/medxpert/data/raw/Normal/norm_Normal-764.png,0,Normal,1,1.0622665,0.005094813,0.44699767,0.36943042,0.17847706
/media/storage2/Anuj/5th international anujj ones/medxpert/data/raw/Normal/norm_Normal-7716.png,0,Normal,1,1.0810196,0.0059433486,0.4374152,0.35788128,0.19876018
/media/storage2/Anuj/5th international anujj ones/medxpert/data/raw/Normal/norm_Normal-7731.png,0,Normal,1,1.0635567,0.0031298236,0.43138936,0.37624195,0.18923885
/media/storage2/Anuj/5th international anujj ones/medxpert/data/raw/Normal/norm_Normal-7740.png,0,Normal,1,1.0644429,0.004157229,0.43985912,0.37046874,0.18551491
/media/storage2/Anuj/5th international anujj ones/medxpert/data/raw/Normal/norm_Normal-7791.png,0,Normal,1,1.0592519,0.0031992707,0.4350323,0.37838694,0.18338151
/media/storage2/Anuj/5th international anujj ones/medxpert/data/raw/Normal/norm_Normal-7807.png,0,Normal,1,1.1075478,0.014023862,0.4552706,0.32733387,0.20337172
/media/storage2/Anuj/5th international anujj ones/medxpert/data/raw/Normal/norm_Normal-7811.png,0,Normal,1,1.123589,0.019136213,0.4609016,0.30974138,0.21022086
/media/storage2/Anuj/5th international anujj ones/medxpert/data/raw/Normal/norm_Normal-7842.png,0,Normal,1,1.0758351,0.006489192,0.44431958,0.36013862,0.1890526
/media/storage2/Anuj/5th international anujj ones/medxpert/data/raw/Normal/norm_Normal-7882.png,0,Normal,1,1.065511,0.0048782914,0.44801474,0.36237898,0.18472809
/media/storage2/Anuj/5th international anujj ones/medxpert/data/raw/Normal/norm_Normal-7930.png,0,Normal,1,1.246978,0.20985259,0.48868823,0.16319777,0.13826141
/media/storage2/Anuj/5th international anujj ones/medxpert/data/raw/Normal/norm_Normal-7977.png,0,Normal,1,1.2642807,0.2987815,0.43123826,0.13325557,0.13672467
/media/storage2/Anuj/5th international anujj ones/medxpert/data/raw/Normal/norm_Normal-798.png,0,Normal,1,1.143681,0.027645927,0.46681404,0.29292822,0.21261184
/media/storage2/Anuj/5th international anujj ones/medxpert/data/raw/Normal/norm_Normal-7997.png,0,Normal,1,1.061764,0.004038332,0.4389833,0.37470257,0.18227585
/media/storage2/Anuj/5th international anujj ones/medxpert/data/raw/Normal/norm_Normal-8011.png,0,Normal,1,1.0726904,0.0065353345,0.4456713,0.3633537,0.18443966
/media/storage2/Anuj/5th international anujj ones/medxpert/data/raw/Normal/norm_Normal-8017.png,0,Normal,1,1.0613276,0.0037113014,0.43676308,0.37625235,0.18327332
/media/storage2/Anuj/5th international anujj ones/medxpert/data/raw/Normal/norm_Normal-8039.png,0,Normal,1,1.1088233,0.013127295,0.44958138,0.32897875,0.20831263
/media/storage2/Anuj/5th international anujj ones/medxpert/data/raw/Normal/norm_Normal-8058.png,0,Normal,1,1.0573782,0.0030060632,0.43526003,0.37960532,0.18212853
/media/storage2/Anuj/5th international anujj ones/medxpert/data/raw/Normal/norm_Normal-8141.png,0,Normal,1,1.0993788,0.010109117,0.43851927,0.3476382,0.20373338
/media/storage2/Anuj/5th international anujj ones/medxpert/data/raw/Normal/norm_Normal-8217.png,0,Normal,1,1.0729779,0.0055066515,0.4410845,0.36355323,0.18985562
/media/storage2/Anuj/5th international anujj ones/medxpert/data/raw/Normal/norm_Normal-8229.png,0,Normal,1,1.2154517,0.0907208,0.49429107,0.23322947,0.18175867
/media/storage2/Anuj/5th international anujj ones/medxpert/data/raw/Normal/norm_Normal-8235.png,0,Normal,1,1.0983931,0.010099146,0.4366206,0.35206142,0.20121883
/media/storage2/Anuj/5th international anujj ones/medxpert/data/raw/Normal/norm_Normal-8242.png,0,Normal,1,1.1075716,0.013776938,0.4498654,0.33478254,0.20157515
/media/storage2/Anuj/5th international anujj ones/medxpert/data/raw/Normal/norm_Normal-8286.png,0,Normal,1,1.0596805,0.003919722,0.4378249,0.37832972,0.17992565
/media/storage2/Anuj/5th international anujj ones/medxpert/data/raw/Normal/norm_Normal-83.png,0,Normal,1,1.0660124,0.004154736,0.43733695,0.3713111,0.18719725
/media/storage2/Anuj/5th international anujj ones/medxpert/data/raw/Normal/norm_Normal-8321.png,0,Normal,1,1.0659591,0.00407247,0.43662027,0.37181652,0.18749078
/media/storage2/Anuj/5th international anujj ones/medxpert/data/raw/Normal/norm_Normal-8340.png,0,Normal,1,1.0689878,0.005273985,0.4424915,0.36650246,0.18573207
/media/storage2/Anuj/5th international anujj ones/medxpert/data/raw/Normal/norm_Normal-8355.png,0,Normal,1,1.0600493,0.004705272,0.4444881,0.37366986,0.17713678
/media/storage2/Anuj/5th international anujj ones/medxpert/data/raw/Normal/norm_Normal-8360.png,0,Normal,1,1.0823139,0.0068275556,0.44147056,0.3553395,0.19636233
/media/storage2/Anuj/5th international anujj ones/medxpert/data/raw/Normal/norm_Normal-8378.png,0,Normal,1,1.0665386,0.0054064863,0.44571942,0.36660987,0.18226424
/media/storage2/Anuj/5th international anujj ones/medxpert/data/raw/Normal/norm_Normal-84.png,0,Normal,1,1.1021415,0.010806195,0.44161046,0.34177446,0.20580897
/media/storage2/Anuj/5th international anujj ones/medxpert/data/raw/Normal/norm_Normal-8402.png,0,Normal,1,1.1068163,0.012667636,0.44962612,0.33048326,0.20722303
/media/storage2/Anuj/5th international anujj ones/medxpert/data/raw/Normal/norm_Normal-8465.png,0,Normal,1,1.185035,0.043558445,0.44832513,0.2971423,0.21097411
/media/storage2/Anuj/5th international anujj ones/medxpert/data/raw/Normal/norm_Normal-8471.png,0,Normal,1,1.0647209,0.00396441,0.43725196,0.37223417,0.18654947
/media/storage2/Anuj/5th international anujj ones/medxpert/data/raw/Normal/norm_Normal-8477.png,0,Normal,1,1.0638857,0.004318948,0.44271514,0.3685676,0.18439828
/media/storage2/Anuj/5th international anujj ones/medxpert/data/raw/Normal/norm_Normal-849.png,0,Normal,1,1.0839536,0.006886566,0.4394161,0.35569525,0.19800214
/media/storage2/Anuj/5th international anujj ones/medxpert/data/raw/Normal/norm_Normal-8552.png,0,Normal,1,1.0710967,0.004930944,0.43997818,0.36469287,0.19039805
/media/storage2/Anuj/5th international anujj ones/medxpert/data/raw/Normal/norm_Normal-8569.png,0,Normal,1,1.0697068,0.004722378,0.44008473,0.36551118,0.18968163
/media/storage2/Anuj/5th international anujj ones/medxpert/data/raw/Normal/norm_Normal-8572.png,0,Normal,1,1.0563189,0.0030606587,0.43600872,0.38045165,0.18047899
/media/storage2/Anuj/5th international anujj ones/medxpert/data/raw/Normal/norm_Normal-8619.png,0,Normal,1,1.058537,0.0034610846,0.43921944,0.37577632,0.18154313
/media/storage2/Anuj/5th international anujj ones/medxpert/data/raw/Normal/norm_Normal-866.png,0,Normal,1,1.2550871,0.16144304,0.48654172,0.19153737,0.16047785
/media/storage2/Anuj/5th international anujj ones/medxpert/data/raw/Normal/norm_Normal-8689.png,0,Normal,1,1.0623481,0.0048466674,0.44578627,0.36961684,0.17975017
/media/storage2/Anuj/5th international anujj ones/medxpert/data/raw/Normal/norm_Normal-8724.png,0,Normal,1,1.0627593,0.0029128315,0.43064076,0.3769913,0.18945515
/media/storage2/Anuj/5th international anujj ones/medxpert/data/raw/Normal/norm_Normal-8733.png,0,Normal,1,1.0682083,0.0056581907,0.44872552,0.36155546,0.18406086
/media/storage2/Anuj/5th international anujj ones/medxpert/data/raw/Normal/norm_Normal-8779.png,0,Normal,1,1.0700825,0.005720851,0.4459591,0.3627287,0.18559133
/media/storage2/Anuj/5th international anujj ones/medxpert/data/raw/Normal/norm_Normal-8868.png,0,Normal,1,1.1207064,0.015905643,0.43814176,0.3378561,0.20809653
/media/storage2/Anuj/5th international anujj ones/medxpert/data/raw/Normal/norm_Normal-8883.png,0,Normal,1,1.1050822,0.01270752,0.4466553,0.3389556,0.20168161
/media/storage2/Anuj/5th international anujj ones/medxpert/data/raw/Normal/norm_Normal-8885.png,0,Normal,1,1.0603875,0.0033435603,0.4368507,0.3754277,0.18437801
/media/storage2/Anuj/5th international anujj ones/medxpert/data/raw/Normal/norm_Normal-8903.png,0,Normal,1,1.0759329,0.006550269,0.4465207,0.35736147,0.18956764
/media/storage2/Anuj/5th international anujj ones/medxpert/data/raw/Normal/norm_Normal-8935.png,0,Normal,1,1.2938771,0.3153502,0.39159432,0.145027,0.1480285
/media/storage2/Anuj/5th international anujj ones/medxpert/data/raw/Normal/norm_Normal-896.png,0,Normal,1,1.058666,0.0036343203,0.43791616,0.37810093,0.18034856
/media/storage2/Anuj/5th international anujj ones/medxpert/data/raw/Normal/norm_Normal-9114.png,0,Normal,1,1.066638,0.0052654236,0.44384286,0.3681447,0.18274702
/media/storage2/Anuj/5th international anujj ones/medxpert/data/raw/Normal/norm_Normal-9122.png,0,Normal,1,1.0681154,0.004563128,0.43897492,0.36842975,0.18803215
/media/storage2/Anuj/5th international anujj ones/medxpert/data/raw/Normal/norm_Normal-9128.png,0,Normal,1,1.0691473,0.005642747,0.44055533,0.37058938,0.1832125
/media/storage2/Anuj/5th international anujj ones/medxpert/data/raw/Normal/norm_Normal-913.png,0,Normal,1,1.0623235,0.0033603213,0.43365484,0.37664258,0.1863423
/media/storage2/Anuj/5th international anujj ones/medxpert/data/raw/Normal/norm_Normal-9140.png,0,Normal,1,1.0995386,0.0125591885,0.4494722,0.34413677,0.19383186
/media/storage2/Anuj/5th international anujj ones/medxpert/data/raw/Normal/norm_Normal-9179.png,0,Normal,1,1.0748413,0.0063641197,0.44749385,0.35677323,0.1893688
/media/storage2/Anuj/5th international anujj ones/medxpert/data/raw/Normal/norm_Normal-9210.png,0,Normal,1,1.1623054,0.037409566,0.472725,0.27591687,0.21394855
/media/storage2/Anuj/5th international anujj ones/medxpert/data/raw/Normal/norm_Normal-922.png,0,Normal,1,1.0759145,0.005847344,0.44339782,0.35775107,0.19300379
/media/storage2/Anuj/5th international anujj ones/medxpert/data/raw/Normal/norm_Normal-9223.png,0,Normal,1,1.0620595,0.0037168157,0.4379807,0.37377477,0.18452775
/media/storage2/Anuj/5th international anujj ones/medxpert/data/raw/Normal/norm_Normal-9228.png,0,Normal,1,1.0603392,0.0031072167,0.43528685,0.37603778,0.18556812
/media/storage2/Anuj/5th international anujj ones/medxpert/data/raw/Normal/norm_Normal-9233.png,0,Normal,1,1.083004,0.00798354,0.44565573,0.35471907,0.19164163
/media/storage2/Anuj/5th international anujj ones/medxpert/data/raw/Normal/norm_Normal-924.png,0,Normal,1,1.0829307,0.0061726193,0.43717256,0.35630098,0.20035382
/media/storage2/Anuj/5th international anujj ones/medxpert/data/raw/Normal/norm_Normal-926.png,0,Normal,1,1.1222024,0.01909789,0.45523703,0.3233222,0.20234282
/media/storage2/Anuj/5th international anujj ones/medxpert/data/raw/Normal/norm_Normal-929.png,0,Normal,1,1.0592358,0.0032981597,0.43504065,0.37894756,0.18271363
/media/storage2/Anuj/5th international anujj ones/medxpert/data/raw/Normal/norm_Normal-9299.png,0,Normal,1,1.0621578,0.004200136,0.44147626,0.37194237,0.18238121
/media/storage2/Anuj/5th international anujj ones/medxpert/data/raw/Normal/norm_Normal-9350.png,0,Normal,1,1.08624,0.0076026064,0.44152424,0.35294035,0.19793278
/media/storage2/Anuj/5th international anujj ones/medxpert/data/raw/Normal/norm_Normal-9361.png,0,Normal,1,1.057612,0.0041297004,0.44631317,0.37182644,0.17773065
/media/storage2/Anuj/5th international anujj ones/medxpert/data/raw/Normal/norm_Normal-9370.png,0,Normal,1,1.060861,0.0044449917,0.44313484,0.37295133,0.17946887
/media/storage2/Anuj/5th international anujj ones/medxpert/data/raw/Normal/norm_Normal-9384.png,0,Normal,1,1.0704124,0.0057263216,0.44766465,0.36000937,0.18659966
/media/storage2/Anuj/5th international anujj ones/medxpert/data/raw/Normal/norm_Normal-9409.png,0,Normal,1,1.2144452,0.08967959,0.49336267,0.23780738,0.17915031
/media/storage2/Anuj/5th international anujj ones/medxpert/data/raw/Normal/norm_Normal-9422.png,0,Normal,1,1.0834088,0.008738669,0.44804406,0.3545807,0.1886366
/media/storage2/Anuj/5th international anujj ones/medxpert/data/raw/Normal/norm_Normal-9493.png,0,Normal,1,1.1544683,0.034352757,0.47509181,0.2778271,0.2127283
/media/storage2/Anuj/5th international anujj ones/medxpert/data/raw/Normal/norm_Normal-9522.png,0,Normal,1,1.1320446,0.019360032,0.43983105,0.32916898,0.21163996
/media/storage2/Anuj/5th international anujj ones/medxpert/data/raw/Normal/norm_Normal-9655.png,0,Normal,1,1.0824653,0.007845264,0.4452311,0.35545856,0.19146506
/media/storage2/Anuj/5th international anujj ones/medxpert/data/raw/Normal/norm_Normal-9656.png,0,Normal,1,1.0621095,0.0043603834,0.44402996,0.3696651,0.18194458
/media/storage2/Anuj/5th international anujj ones/medxpert/data/raw/Normal/norm_Normal-9664.png,0,Normal,1,1.0799444,0.007077663,0.44340354,0.35797876,0.19154002
/media/storage2/Anuj/5th international anujj ones/medxpert/data/raw/Normal/norm_Normal-974.png,0,Normal,1,1.1017249,0.011368112,0.4485475,0.33515212,0.20493229
/media/storage2/Anuj/5th international anujj ones/medxpert/data/raw/Normal/norm_Normal-9798.png,0,Normal,1,1.1153013,0.01537136,0.44852716,0.3297304,0.20637107
/media/storage2/Anuj/5th international anujj ones/medxpert/data/raw/Normal/norm_Normal-9806.png,0,Normal,1,1.1086321,0.012178532,0.44072926,0.33801877,0.20907336
/media/storage2/Anuj/5th international anujj ones/medxpert/data/raw/Normal/norm_Normal-983.png,0,Normal,1,1.0587108,0.0041803485,0.44476482,0.37251988,0.17853491
/media/storage2/Anuj/5th international anujj ones/medxpert/data/raw/Normal/norm_Normal-9860.png,0,Normal,1,1.0619018,0.0032852096,0.43552977,0.37454703,0.186638
/media/storage2/Anuj/5th international anujj ones/medxpert/data/raw/Normal/norm_Normal-9865.png,0,Normal,1,1.0616592,0.0032150974,0.43340927,0.3770476,0.18632796
/media/storage2/Anuj/5th international anujj ones/medxpert/data/raw/Normal/norm_Normal-9880.png,0,Normal,1,1.2212962,0.11156818,0.50338614,0.21764529,0.16740042
/media/storage2/Anuj/5th international anujj ones/medxpert/data/raw/Normal/norm_Normal-9887.png,0,Normal,1,1.0715756,0.0047256323,0.437795,0.36558986,0.19188952
/media/storage2/Anuj/5th international anujj ones/medxpert/data/raw/Normal/norm_Normal-990.png,0,Normal,1,1.0650203,0.0041935183,0.43307942,0.37810338,0.18462363
/media/storage2/Anuj/5th international anujj ones/medxpert/data/raw/Normal/norm_Normal-9922.png,0,Normal,1,1.0596104,0.0040958147,0.44137904,0.37503314,0.17949194
/media/storage2/Anuj/5th international anujj ones/medxpert/data/raw/Normal/norm_Normal-9928.png,0,Normal,1,1.0610924,0.0039078766,0.43755335,0.37667486,0.1818639
/media/storage2/Anuj/5th international anujj ones/medxpert/data/raw/Normal/norm_Normal-9929.png,0,Normal,1,1.165819,0.04076783,0.46895674,0.29207477,0.19820067
/media/storage2/Anuj/5th international anujj ones/medxpert/data/raw/Normal/norm_Normal-9958.png,0,Normal,1,1.0671175,0.0047231778,0.44320923,0.36540076,0.18666682
/media/storage2/Anuj/5th international anujj ones/medxpert/data/raw/Normal/norm_Normal-996.png,0,Normal,1,1.0641937,0.0047631213,0.44212154,0.37121084,0.18190455
/media/storage2/Anuj/5th international anujj ones/medxpert/data/raw/Tuberculosis/tb_aug1003_Tuberculosis-19.png,1,Tuberculosis,2,1.0919952,0.3233403,0.0036208245,0.43020797,0.24283093
/media/storage2/Anuj/5th international anujj ones/medxpert/data/raw/Tuberculosis/tb_aug1010_Tuberculosis-371.png,1,Tuberculosis,2,1.0805748,0.3374445,0.002768094,0.43489113,0.22489624
/media/storage2/Anuj/5th international anujj ones/medxpert/data/raw/Tuberculosis/tb_aug1022_Tuberculosis-597.png,1,Tuberculosis,2,1.1011024,0.30892998,0.004251418,0.42399535,0.26282322
/media/storage2/Anuj/5th international anujj ones/medxpert/data/raw/Tuberculosis/tb_aug1024_Tuberculosis-184.png,1,Tuberculosis,2,1.0796096,0.34217647,0.0028546692,0.43391654,0.22105226
/media/storage2/Anuj/5th international anujj ones/medxpert/data/raw/Tuberculosis/tb_aug1036_Tuberculosis-551.png,1,Tuberculosis,2,1.0985823,0.30437636,0.003996304,0.42846698,0.26316032
/media/storage2/Anuj/5th international anujj ones/medxpert/data/raw/Tuberculosis/tb_aug1040_Tuberculosis-458.png,1,Tuberculosis,2,1.0853068,0.32988724,0.003099325,0.4342068,0.2328066
/media/storage2/Anuj/5th international anujj ones/medxpert/data/raw/Tuberculosis/tb_aug1041_Tuberculosis-118.png,1,Tuberculosis,2,1.0968381,0.30174774,0.0032701176,0.42629433,0.2686878
/media/storage2/Anuj/5th international anujj ones/medxpert/data/raw/Tuberculosis/tb_aug1044_Tuberculosis-433.png,1,Tuberculosis,2,1.0867794,0.33409813,0.003636841,0.43305323,0.22921182
/media/storage2/Anuj/5th international anujj ones/medxpert/data/raw/Tuberculosis/tb_aug1045_Tuberculosis-372.png,1,Tuberculosis,2,1.0789243,0.3376667,0.0027009891,0.4367879,0.22284436
/media/storage2/Anuj/5th international anujj ones/medxpert/data/raw/Tuberculosis/tb_aug1048_Tuberculosis-7.png,1,Tuberculosis,2,1.0885136,0.31416503,0.002618737,0.4328035,0.2504127
/media/storage2/Anuj/5th international anujj ones/medxpert/data/raw/Tuberculosis/tb_aug104_Tuberculosis-217.png,1,Tuberculosis,2,1.0825616,0.33237872,0.0028514469,0.4354245,0.2293453
/media/storage2/Anuj/5th international anujj ones/medxpert/data/raw/Tuberculosis/tb_aug1055_Tuberculosis-288.png,1,Tuberculosis,2,1.0993694,0.2977339,0.0041550426,0.4299401,0.2681709
/media/storage2/Anuj/5th international anujj ones/medxpert/data/raw/Tuberculosis/tb_aug1058_Tuberculosis-8.png,1,Tuberculosis,2,1.0887991,0.30555984,0.0023160414,0.432788,0.2593361
/media/storage2/Anuj/5th international anujj ones/medxpert/data/raw/Tuberculosis/tb_aug105_Tuberculosis-387.png,1,Tuberculosis,2,1.0816787,0.33983788,0.0029763295,0.4331007,0.22408505
/media/storage2/Anuj/5th international anujj ones/medxpert/data/raw/Tuberculosis/tb_aug1061_Tuberculosis-287.png,1,Tuberculosis,2,1.1096575,0.2934179,0.006764645,0.4306114,0.26920608
/media/storage2/Anuj/5th international anujj ones/medxpert/data/raw/Tuberculosis/tb_aug106_Tuberculosis-233.png,1,Tuberculosis,2,1.0760227,0.34165794,0.0025674833,0.4376436,0.218131
/media/storage2/Anuj/5th international anujj ones/medxpert/data/raw/Tuberculosis/tb_aug1070_Tuberculosis-630.png,1,Tuberculosis,2,1.0842646,0.3287296,0.0028048751,0.4344541,0.23401143
/media/storage2/Anuj/5th international anujj ones/medxpert/data/raw/Tuberculosis/tb_aug1071_Tuberculosis-697.png,1,Tuberculosis,2,1.0901911,0.3237593,0.0033543454,0.43116885,0.24171753
/media/storage2/Anuj/5th international anujj ones/medxpert/data/raw/Tuberculosis/tb_aug1079_Tuberculosis-28.png,1,Tuberculosis,2,1.0891327,0.3216029,0.0029617946,0.43110716,0.24432816
/media/storage2/Anuj/5th international anujj ones/medxpert/data/raw/Tuberculosis/tb_aug1083_Tuberculosis-589.png,1,Tuberculosis,2,1.0802144,0.3445647,0.0030478989,0.43268824,0.21969919
/media/storage2/Anuj/5th international anujj ones/medxpert/data/raw/Tuberculosis/tb_aug1094_Tuberculosis-300.png,1,Tuberculosis,2,1.0803441,0.33835846,0.002820472,0.43502113,0.22379994
/media/storage2/Anuj/5th international anujj ones/medxpert/data/raw/Tuberculosis/tb_aug10_Tuberculosis-56.png,1,Tuberculosis,2,1.0935723,0.3080461,0.0031617694,0.43015587,0.25863633
/media/storage2/Anuj/5th international anujj ones/medxpert/data/raw/Tuberculosis/tb_aug1102_Tuberculosis-215.png,1,Tuberculosis,2,1.0965908,0.30613208,0.0033203017,0.42606613,0.26448148
/media/storage2/Anuj/5th international anujj ones/medxpert/data/raw/Tuberculosis/tb_aug1104_Tuberculosis-678.png,1,Tuberculosis,2,1.139303,0.38391086,0.019526912,0.38695174,0.20961043
/media/storage2/Anuj/5th international anujj ones/medxpert/data/raw/Tuberculosis/tb_aug1107_Tuberculosis-549.png,1,Tuberculosis,2,1.0809851,0.33792275,0.0028479954,0.43450484,0.22472438
/media/storage2/Anuj/5th international anujj ones/medxpert/data/raw/Tuberculosis/tb_aug1110_Tuberculosis-549.png,1,Tuberculosis,2,1.0813712,0.33583072,0.0028283696,0.43506506,0.22627585
/media/storage2/Anuj/5th international anujj ones/medxpert/data/raw/Tuberculosis/tb_aug1113_Tuberculosis-216.png,1,Tuberculosis,2,1.1045287,0.3126265,0.0058060572,0.42802304,0.25354433
/media/storage2/Anuj/5th international anujj ones/medxpert/data/raw/Tuberculosis/tb_aug1119_Tuberculosis-279.png,1,Tuberculosis,2,1.0903485,0.3317957,0.003851177,0.43007708,0.23427606
/media/storage2/Anuj/5th international anujj ones/medxpert/data/raw/Tuberculosis/tb_aug1123_Tuberculosis-511.png,1,Tuberculosis,2,1.0840366,0.34033662,0.0032841424,0.4311915,0.22518767
/media/storage2/Anuj/5th international anujj ones/medxpert/data/raw/Tuberculosis/tb_aug1124_Tuberculosis-657.png,1,Tuberculosis,2,1.0981852,0.31656423,0.004175046,0.42625773,0.25300297
/media/storage2/Anuj/5th international anujj ones/medxpert/data/raw/Tuberculosis/tb_aug1126_Tuberculosis-473.png,1,Tuberculosis,2,1.0890595,0.30764234,0.0023917204,0.4322829,0.25768307
/media/storage2/Anuj/5th international anujj ones/medxpert/data/raw/Tuberculosis/tb_aug1127_Tuberculosis-185.png,1,Tuberculosis,2,1.0782061,0.3400821,0.0027090579,0.43638977,0.22081907
/media/storage2/Anuj/5th international anujj ones/medxpert/data/raw/Tuberculosis/tb_aug1139_Tuberculosis-291.png,1,Tuberculosis,2,1.0872992,0.33745944,0.0035085354,0.42935383,0.22967818
/media/storage2/Anuj/5th international anujj ones/medxpert/data/raw/Tuberculosis/tb_aug1141_Tuberculosis-14.png,1,Tuberculosis,2,1.0969542,0.3025116,0.0034896734,0.4278966,0.2661021
/media/storage2/Anuj/5th international anujj ones/medxpert/data/raw/Tuberculosis/tb_aug1154_Tuberculosis-124.png,1,Tuberculosis,2,1.097684,0.3034465,0.0037093386,0.42808753,0.26475662
/media/storage2/Anuj/5th international anujj ones/medxpert/data/raw/Tuberculosis/tb_aug1158_Tuberculosis-43.png,1,Tuberculosis,2,1.0965486,0.3048208,0.0033437195,0.42676297,0.26507244
/media/storage2/Anuj/5th international anujj ones/medxpert/data/raw/Tuberculosis/tb_aug115_Tuberculosis-76.png,1,Tuberculosis,2,1.0904553,0.3275151,0.003499094,0.42981595,0.2391699
/media/storage2/Anuj/5th international anujj ones/medxpert/data/raw/Tuberculosis/tb_aug1183_Tuberculosis-290.png,1,Tuberculosis,2,1.0842928,0.337875,0.0032459544,0.43208933,0.22678971
/media/storage2/Anuj/5th international anujj ones/medxpert/data/raw/Tuberculosis/tb_aug1185_Tuberculosis-100.png,1,Tuberculosis,2,1.0897062,0.30625618,0.002374007,0.4313183,0.26005158
/media/storage2/Anuj/5th international anujj ones/medxpert/data/raw/Tuberculosis/tb_aug1194_Tuberculosis-332.png,1,Tuberculosis,2,1.0790341,0.3396074,0.0027200475,0.43553853,0.22213407
/media/storage2/Anuj/5th international anujj ones/medxpert/data/raw/Tuberculosis/tb_aug1196_Tuberculosis-462.png,1,Tuberculosis,2,1.077539,0.34135288,0.0026538188,0.4361988,0.21979454
/media/storage2/Anuj/5th international anujj ones/medxpert/data/raw/Tuberculosis/tb_aug1197_Tuberculosis-206.png,1,Tuberculosis,2,1.0879068,0.34434536,0.003803104,0.4259147,0.22593686
/media/storage2/Anuj/5th international anujj ones/medxpert/data/raw/Tuberculosis/tb_aug1199_Tuberculosis-268.png,1,Tuberculosis,2,1.0891614,0.3311235,0.0036631082,0.4311334,0.23408
/media/storage2/Anuj/5th international anujj ones/medxpert/data/raw/Tuberculosis/tb_aug119_Tuberculosis-449.png,1,Tuberculosis,2,1.0846756,0.33805758,0.0032131164,0.43116236,0.22756697
/media/storage2/Anuj/5th international anujj ones/medxpert/data/raw/Tuberculosis/tb_aug1206_Tuberculosis-89.png,1,Tuberculosis,2,1.0971881,0.29317927,0.0032923352,0.42741242,0.276116
/media/storage2/Anuj/5th international anujj ones/medxpert/data/raw/Tuberculosis/tb_aug1208_Tuberculosis-484.png,1,Tuberculosis,2,1.0806329,0.33709377,0.002770241,0.43503276,0.22510326
/media/storage2/Anuj/5th international anujj ones/medxpert/data/raw/Tuberculosis/tb_aug1222_Tuberculosis-222.png,1,Tuberculosis,2,1.0979283,0.32295698,0.004732284,0.42790747,0.2444033
/media/storage2/Anuj/5th international anujj ones/medxpert/data/raw/Tuberculosis/tb_aug1225_Tuberculosis-306.png,1,Tuberculosis,2,1.0908202,0.3017949,0.0031479741,0.43734792,0.25770918
/media/storage2/Anuj/5th international anujj ones/medxpert/data/raw/Tuberculosis/tb_aug1226_Tuberculosis-626.png,1,Tuberculosis,2,1.0768948,0.3386267,0.002531058,0.4380692,0.22077298
/media/storage2/Anuj/5th international anujj ones/medxpert/data/raw/Tuberculosis/tb_aug1228_Tuberculosis-573.png,1,Tuberculosis,2,1.0918362,0.3160417,0.0031644024,0.4303811,0.25041276
/media/storage2/Anuj/5th international anujj ones/medxpert/data/raw/Tuberculosis/tb_aug1232_Tuberculosis-107.png,1,Tuberculosis,2,1.1075811,0.33734566,0.007534653,0.42094213,0.23417753
/media/storage2/Anuj/5th international anujj ones/medxpert/data/raw/Tuberculosis/tb_aug1238_Tuberculosis-82.png,1,Tuberculosis,2,1.0894816,0.3073728,0.002424191,0.4318502,0.2583528
/media/storage2/Anuj/5th international anujj ones/medxpert/data/raw/Tuberculosis/tb_aug1246_Tuberculosis-342.png,1,Tuberculosis,2,1.0947255,0.3359995,0.004729328,0.42617062,0.23310049
/media/storage2/Anuj/5th international anujj ones/medxpert/data/raw/Tuberculosis/tb_aug1253_Tuberculosis-668.png,1,Tuberculosis,2,1.0949429,0.31809184,0.0037161354,0.42810902,0.25008303
/media/storage2/Anuj/5th international anujj ones/medxpert/data/raw/Tuberculosis/tb_aug1265_Tuberculosis-583.png,1,Tuberculosis,2,1.0847065,0.35563064,0.003907058,0.4235425,0.21691975
/media/storage2/Anuj/5th international anujj ones/medxpert/data/raw/Tuberculosis/tb_aug1267_Tuberculosis-455.png,1,Tuberculosis,2,1.083754,0.337961,0.0031609072,0.43230987,0.2265683
/media/storage2/Anuj/5th international anujj ones/medxpert/data/raw/Tuberculosis/tb_aug1269_Tuberculosis-91.png,1,Tuberculosis,2,1.0941575,0.29650548,0.00280282,0.4287231,0.27196854
/media/storage2/Anuj/5th international anujj ones/medxpert/data/raw/Tuberculosis/tb_aug1279_Tuberculosis-522.png,1,Tuberculosis,2,1.1012602,0.31599954,0.005017517,0.42707443,0.2519085
/media/storage2/Anuj/5th international anujj ones/medxpert/data/raw/Tuberculosis/tb_aug127_Tuberculosis-317.png,1,Tuberculosis,2,1.108221,0.30527616,0.006341304,0.42734995,0.26103264
/media/storage2/Anuj/5th international anujj ones/medxpert/data/raw/Tuberculosis/tb_aug1280_Tuberculosis-512.png,1,Tuberculosis,2,1.0767157,0.3392036,0.0025386421,0.43801832,0.22023952
/media/storage2/Anuj/5th international anujj ones/medxpert/data/raw/Tuberculosis/tb_aug1281_Tuberculosis-165.png,1,Tuberculosis,2,1.0860937,0.32915637,0.0028877542,0.4318254,0.23613046
/media/storage2/Anuj/5th international anujj ones/medxpert/data/raw/Tuberculosis/tb_aug128_Tuberculosis-546.png,1,Tuberculosis,2,1.0971293,0.3082982,0.0037358094,0.4279309,0.2600351
/media/storage2/Anuj/5th international anujj ones/medxpert/data/raw/Tuberculosis/tb_aug1291_Tuberculosis-43.png,1,Tuberculosis,2,1.0985125,0.2941265,0.0035508333,0.42684305,0.2754796
/media/storage2/Anuj/5th international anujj ones/medxpert/data/raw/Tuberculosis/tb_aug1295_Tuberculosis-97.png,1,Tuberculosis,2,1.0905304,0.30275196,0.0024911782,0.4318321,0.26292476
/media/storage2/Anuj/5th international anujj ones/medxpert/data/raw/Tuberculosis/tb_aug1305_Tuberculosis-280.png,1,Tuberculosis,2,1.0794187,0.33953226,0.0027349642,0.4351112,0.22262162
/media/storage2/Anuj/5th international anujj ones/medxpert/data/raw/Tuberculosis/tb_aug1309_Tuberculosis-293.png,1,Tuberculosis,2,1.0808271,0.33813128,0.0028109986,0.43436986,0.22468786
/media/storage2/Anuj/5th international anujj ones/medxpert/data/raw/Tuberculosis/tb_aug1333_Tuberculosis-120.png,1,Tuberculosis,2,1.1036998,0.27059132,0.0053833066,0.43244803,0.2915773
/media/storage2/Anuj/5th international anujj ones/medxpert/data/raw/Tuberculosis/tb_aug1335_Tuberculosis-416.png,1,Tuberculosis,2,1.0786289,0.33950576,0.0026515126,0.43575493,0.22208782
/media/storage2/Anuj/5th international anujj ones/medxpert/data/raw/Tuberculosis/tb_aug1336_Tuberculosis-354.png,1,Tuberculosis,2,1.0776178,0.3373066,0.002484842,0.43751973,0.2226888
/media/storage2/Anuj/5th international anujj ones/medxpert/data/raw/Tuberculosis/tb_aug1341_Tuberculosis-553.png,1,Tuberculosis,2,1.0778313,0.33769208,0.00253183,0.43727836,0.22249767
/media/storage2/Anuj/5th international anujj ones/medxpert/data/raw/Tuberculosis/tb_aug1354_Tuberculosis-649.png,1,Tuberculosis,2,1.0996531,0.28933093,0.003905067,0.42830443,0.27845958
/media/storage2/Anuj/5th international anujj ones/medxpert/data/raw/Tuberculosis/tb_aug1361_Tuberculosis-597.png,1,Tuberculosis,2,1.0902021,0.33481377,0.0037991584,0.42820317,0.23318386
/media/storage2/Anuj/5th international anujj ones/medxpert/data/raw/Tuberculosis/tb_aug1363_Tuberculosis-569.png,1,Tuberculosis,2,1.0769091,0.34132192,0.0026032378,0.4368093,0.21926552
/media/storage2/Anuj/5th international anujj ones/medxpert/data/raw/Tuberculosis/tb_aug1367_Tuberculosis-31.png,1,Tuberculosis,2,1.1092473,0.2807017,0.005914785,0.42492515,0.2884584
/media/storage2/Anuj/5th international anujj ones/medxpert/data/raw/Tuberculosis/tb_aug137_Tuberculosis-638.png,1,Tuberculosis,0,1.1117872,0.3906967,0.011345758,0.39003783,0.20791972
/media/storage2/Anuj/5th international anujj ones/medxpert/data/raw/Tuberculosis/tb_aug1382_Tuberculosis-621.png,1,Tuberculosis,2,1.080492,0.33407822,0.0027124612,0.436676,0.22653334
/media/storage2/Anuj/5th international anujj ones/medxpert/data/raw/Tuberculosis/tb_aug1386_Tuberculosis-85.png,1,Tuberculosis,2,1.0992687,0.29386577,0.003602335,0.42565385,0.276878
/media/storage2/Anuj/5th international anujj ones/medxpert/data/raw/Tuberculosis/tb_aug1391_Tuberculosis-62.png,1,Tuberculosis,2,1.0975153,0.29430568,0.0032884246,0.42646182,0.27594405
/media/storage2/Anuj/5th international anujj ones/medxpert/data/raw/Tuberculosis/tb_aug1396_Tuberculosis-449.png,1,Tuberculosis,2,1.0838498,0.3373123,0.00309665,0.43213344,0.2274576
/media/storage2/Anuj/5th international anujj ones/medxpert/data/raw/Tuberculosis/tb_aug1397_Tuberculosis-53.png,1,Tuberculosis,2,1.0879437,0.31483412,0.0025934577,0.43334976,0.24922264
/media/storage2/Anuj/5th international anujj ones/medxpert/data/raw/Tuberculosis/tb_aug13_Tuberculosis-145.png,1,Tuberculosis,2,1.0838332,0.19443308,0.008578137,0.45720664,0.3397821
/media/storage2/Anuj/5th international anujj ones/medxpert/data/raw/Tuberculosis/tb_aug1402_Tuberculosis-664.png,1,Tuberculosis,2,1.086281,0.32498914,0.0028904707,0.43375966,0.23836082
/media/storage2/Anuj/5th international anujj ones/medxpert/data/raw/Tuberculosis/tb_aug1404_Tuberculosis-375.png,1,Tuberculosis,2,1.0780716,0.34133884,0.0027485008,0.43603817,0.21987443
/media/storage2/Anuj/5th international anujj ones/medxpert/data/raw/Tuberculosis/tb_aug1409_Tuberculosis-118.png,1,Tuberculosis,2,1.0933888,0.3035456,0.0028154256,0.42881244,0.26482654
/media/storage2/Anuj/5th international anujj ones/medxpert/data/raw/Tuberculosis/tb_aug1417_Tuberculosis-118.png,1,Tuberculosis,2,1.0927498,0.30607805,0.0027647896,0.42889482,0.26226237
/media/storage2/Anuj/5th international anujj ones/medxpert/data/raw/Tuberculosis/tb_aug1419_Tuberculosis-447.png,1,Tuberculosis,2,1.0811732,0.33729896,0.0028720333,0.43476334,0.22506568
/media/storage2/Anuj/5th international anujj ones/medxpert/data/raw/Tuberculosis/tb_aug1432_Tuberculosis-292.png,1,Tuberculosis,2,1.0832269,0.33294618,0.0029508655,0.43473434,0.22936861
/media/storage2/Anuj/5th international anujj ones/medxpert/data/raw/Tuberculosis/tb_aug1433_Tuberculosis-404.png,1,Tuberculosis,2,1.0813218,0.33857423,0.0029069418,0.43397906,0.22453973
/media/storage2/Anuj/5th international anujj ones/medxpert/data/raw/Tuberculosis/tb_aug1435_Tuberculosis-32.png,1,Tuberculosis,2,1.106267,0.31710383,0.005761774,0.4224572,0.2546772
/media/storage2/Anuj/5th international anujj ones/medxpert/data/raw/Tuberculosis/tb_aug1450_Tuberculosis-526.png,1,Tuberculosis,2,1.0823753,0.33739737,0.002944945,0.43335,0.2263077
/media/storage2/Anuj/5th international anujj ones/medxpert/data/raw/Tuberculosis/tb_aug1453_Tuberculosis-293.png,1,Tuberculosis,2,1.0837786,0.33691204,0.0030987477,0.43250334,0.22748584
/media/storage2/Anuj/5th international anujj ones/medxpert/data/raw/Tuberculosis/tb_aug1456_Tuberculosis-27.png,1,Tuberculosis,2,1.0902944,0.30564368,0.0025548136,0.43201616,0.2597854
/media/storage2/Anuj/5th international anujj ones/medxpert/data/raw/Tuberculosis/tb_aug145_Tuberculosis-301.png,1,Tuberculosis,2,1.0796243,0.33143827,0.0024293663,0.437598,0.22853442
/media/storage2/Anuj/5th international anujj ones/medxpert/data/raw/Tuberculosis/tb_aug1460_Tuberculosis-503.png,1,Tuberculosis,2,1.0955665,0.3136805,0.0034992194,0.42703277,0.2557875
/media/storage2/Anuj/5th international anujj ones/medxpert/data/raw/Tuberculosis/tb_aug1465_Tuberculosis-103.png,1,Tuberculosis,2,1.1021454,0.24589269,0.0058666295,0.4307561,0.31748465
/media/storage2/Anuj/5th international anujj ones/medxpert/data/raw/Tuberculosis/tb_aug1467_Tuberculosis-93.png,1,Tuberculosis,2,1.0995502,0.27151537,0.004212944,0.4309239,0.2933477
/media/storage2/Anuj/5th international anujj ones/medxpert/data/raw/Tuberculosis/tb_aug1474_Tuberculosis-28.png,1,Tuberculosis,2,1.1049006,0.28836834,0.0047434983,0.42419192,0.28269628
/media/storage2/Anuj/5th international anujj ones/medxpert/data/raw/Tuberculosis/tb_aug1477_Tuberculosis-8.png,1,Tuberculosis,2,1.0917859,0.30142245,0.002591311,0.43058276,0.26540354
/media/storage2/Anuj/5th international anujj ones/medxpert/data/raw/Tuberculosis/tb_aug1483_Tuberculosis-384.png,1,Tuberculosis,2,1.0790426,0.33886063,0.002681915,0.43574476,0.22271271
/media/storage2/Anuj/5th international anujj ones/medxpert/data/raw/Tuberculosis/tb_aug1494_Tuberculosis-116.png,1,Tuberculosis,2,1.0903826,0.30541635,0.0024332653,0.43079215,0.2613582
/media/storage2/Anuj/5th international anujj ones/medxpert/data/raw/Tuberculosis/tb_aug1508_Tuberculosis-253.png,1,Tuberculosis,2,1.1004789,0.29963586,0.004135169,0.42695293,0.26927608
/media/storage2/Anuj/5th international anujj ones/medxpert/data/raw/Tuberculosis/tb_aug1509_Tuberculosis-519.png,1,Tuberculosis,2,1.1086358,0.24922282,0.008299213,0.4408522,0.30162582
/media/storage2/Anuj/5th international anujj ones/medxpert/data/raw/Tuberculosis/tb_aug1518_Tuberculosis-154.png,1,Tuberculosis,2,1.0985066,0.2976085,0.0036283159,0.42699957,0.27176356
/media/storage2/Anuj/5th international anujj ones/medxpert/data/raw/Tuberculosis/tb_aug1528_Tuberculosis-651.png,1,Tuberculosis,2,1.1027212,0.27186027,0.005126633,0.43254304,0.29047
/media/storage2/Anuj/5th international anujj ones/medxpert/data/raw/Tuberculosis/tb_aug1530_Tuberculosis-687.png,1,Tuberculosis,2,1.0963976,0.31317198,0.0037544814,0.42773056,0.255343
/media/storage2/Anuj/5th international anujj ones/medxpert/data/raw/Tuberculosis/tb_aug1535_Tuberculosis-27.png,1,Tuberculosis,2,1.0871869,0.31290376,0.0023734118,0.433677,0.25104585
/media/storage2/Anuj/5th international anujj ones/medxpert/data/raw/Tuberculosis/tb_aug1541_Tuberculosis-581.png,1,Tuberculosis,2,1.0932057,0.3443805,0.0047250907,0.4232871,0.22760728
/media/storage2/Anuj/5th international anujj ones/medxpert/data/raw/Tuberculosis/tb_aug1550_Tuberculosis-502.png,1,Tuberculosis,2,1.097889,0.30062902,0.0035914,0.4273272,0.2684524
/media/storage2/Anuj/5th international anujj ones/medxpert/data/raw/Tuberculosis/tb_aug1554_Tuberculosis-420.png,1,Tuberculosis,2,1.0849433,0.33806118,0.0032419194,0.43093285,0.22776403
/media/storage2/Anuj/5th international anujj ones/medxpert/data/raw/Tuberculosis/tb_aug1559_Tuberculosis-85.png,1,Tuberculosis,2,1.0992687,0.29386577,0.003602335,0.42565385,0.276878
/media/storage2/Anuj/5th international anujj ones/medxpert/data/raw/Tuberculosis/tb_aug156_Tuberculosis-75.png,1,Tuberculosis,2,1.0945187,0.3178041,0.0035456805,0.42768136,0.2509689
/media/storage2/Anuj/5th international anujj ones/medxpert/data/raw/Tuberculosis/tb_aug1574_Tuberculosis-203.png,1,Tuberculosis,2,1.099496,0.30786762,0.0040450147,0.42590803,0.26217937
/media/storage2/Anuj/5th international anujj ones/medxpert/data/raw/Tuberculosis/tb_aug1578_Tuberculosis-59.png,1,Tuberculosis,2,1.086358,0.32408416,0.002774579,0.43323043,0.23991077
/media/storage2/Anuj/5th international anujj ones/medxpert/data/raw/Tuberculosis/tb_aug1586_Tuberculosis-143.png,1,Tuberculosis,2,1.1068864,0.27768022,0.0055566253,0.4271218,0.28964132
/media/storage2/Anuj/5th international anujj ones/medxpert/data/raw/Tuberculosis/tb_aug1597_Tuberculosis-662.png,1,Tuberculosis,2,1.085283,0.32896286,0.0029742706,0.43388242,0.23418045
/media/storage2/Anuj/5th international anujj ones/medxpert/data/raw/Tuberculosis/tb_aug15_Tuberculosis-282.png,1,Tuberculosis,2,1.090591,0.33472696,0.003829892,0.42782214,0.233621
/media/storage2/Anuj/5th international anujj ones/medxpert/data/raw/Tuberculosis/tb_aug1601_Tuberculosis-690.png,1,Tuberculosis,2,1.097234,0.31166846,0.003856877,0.42752245,0.2569522
/media/storage2/Anuj/5th international anujj ones/medxpert/data/raw/Tuberculosis/tb_aug1602_Tuberculosis-320.png,1,Tuberculosis,2,1.1027894,0.2564972,0.0055920193,0.4324125,0.3054983
/media/storage2/Anuj/5th international anujj ones/medxpert/data/raw/Tuberculosis/tb_aug1625_Tuberculosis-534.png,1,Tuberculosis,2,1.1012619,0.3093068,0.00473176,0.42751434,0.2584471
/media/storage2/Anuj/5th international anujj ones/medxpert/data/raw/Tuberculosis/tb_aug1630_Tuberculosis-425.png,1,Tuberculosis,2,1.0816612,0.33840823,0.002976006,0.43402192,0.22459386
/media/storage2/Anuj/5th international anujj ones/medxpert/data/raw/Tuberculosis/tb_aug1635_Tuberculosis-357.png,1,Tuberculosis,2,1.0779147,0.3385719,0.0025756394,0.4368983,0.22195418
/media/storage2/Anuj/5th international anujj ones/medxpert/data/raw/Tuberculosis/tb_aug1636_Tuberculosis-48.png,1,Tuberculosis,2,1.098714,0.2842565,0.0034963395,0.4265027,0.28574446
/media/storage2/Anuj/5th international anujj ones/medxpert/data/raw/Tuberculosis/tb_aug1638_Tuberculosis-32.png,1,Tuberculosis,2,1.1319191,0.3373614,0.013689482,0.41185564,0.23709342
/media/storage2/Anuj/5th international anujj ones/medxpert/data/raw/Tuberculosis/tb_aug1643_Tuberculosis-211.png,1,Tuberculosis,2,1.0787874,0.33817697,0.002693398,0.43662542,0.22250427
/media/storage2/Anuj/5th international anujj ones/medxpert/data/raw/Tuberculosis/tb_aug1651_Tuberculosis-315.png,1,Tuberculosis,2,1.0803661,0.3478417,0.0034557441,0.43275377,0.2159487
/media/storage2/Anuj/5th international anujj ones/medxpert/data/raw/Tuberculosis/tb_aug165_Tuberculosis-123.png,1,Tuberculosis,2,1.0895836,0.3097899,0.0025504811,0.43193096,0.25572866
/media/storage2/Anuj/5th international anujj ones/medxpert/data/raw/Tuberculosis/tb_aug1660_Tuberculosis-146.png,1,Tuberculosis,2,1.0920503,0.31185403,0.002864628,0.42916554,0.2561158
/media/storage2/Anuj/5th international anujj ones/medxpert/data/raw/Tuberculosis/tb_aug1674_Tuberculosis-608.png,1,Tuberculosis,2,1.0799251,0.34040424,0.0028085897,0.4342854,0.22250183
/media/storage2/Anuj/5th international anujj ones/medxpert/data/raw/Tuberculosis/tb_aug1676_Tuberculosis-562.png,1,Tuberculosis,2,1.0976845,0.30405903,0.0036927261,0.42776304,0.26448512
/media/storage2/Anuj/5th international anujj ones/medxpert/data/raw/Tuberculosis/tb_aug1678_Tuberculosis-268.png,1,Tuberculosis,2,1.0892401,0.3338186,0.0038612538,0.43077353,0.23154664
/media/storage2/Anuj/5th international anujj ones/medxpert/data/raw/Tuberculosis/tb_aug1685_Tuberculosis-597.png,1,Tuberculosis,2,1.1003873,0.31295615,0.0043268166,0.42463267,0.25808436
/media/storage2/Anuj/5th international anujj ones/medxpert/data/raw/Tuberculosis/tb_aug1686_Tuberculosis-225.png,1,Tuberculosis,2,1.0780652,0.3394718,0.0026506537,0.43660364,0.22127394
/media/storage2/Anuj/5th international anujj ones/medxpert/data/raw/Tuberculosis/tb_aug1696_Tuberculosis-138.png,1,Tuberculosis,2,1.0904993,0.29954815,0.0024712807,0.4325593,0.26542127
/media/storage2/Anuj/5th international anujj ones/medxpert/data/raw/Tuberculosis/tb_aug1708_Tuberculosis-3.png,1,Tuberculosis,2,1.0778227,0.33926755,0.0026165317,0.4368664,0.22124952
/media/storage2/Anuj/5th international anujj ones/medxpert/data/raw/Tuberculosis/tb_aug1709_Tuberculosis-363.png,1,Tuberculosis,2,1.0791247,0.3366053,0.002674444,0.43696615,0.22375408
/media/storage2/Anuj/5th international anujj ones/medxpert/data/raw/Tuberculosis/tb_aug170_Tuberculosis-576.png,1,Tuberculosis,2,1.1015961,0.31950748,0.005033328,0.4249946,0.2504646
/media/storage2/Anuj/5th international anujj ones/medxpert/data/raw/Tuberculosis/tb_aug171_Tuberculosis-443.png,1,Tuberculosis,2,1.0845783,0.3376089,0.0032094356,0.4315672,0.22761454
/media/storage2/Anuj/5th international anujj ones/medxpert/data/raw/Tuberculosis/tb_aug1724_Tuberculosis-580.png,1,Tuberculosis,2,1.0830308,0.33176947,0.0027417778,0.4342763,0.23121244
/media/storage2/Anuj/5th international anujj ones/medxpert/data/raw/Tuberculosis/tb_aug1732_Tuberculosis-553.png,1,Tuberculosis,2,1.0782936,0.3401578,0.0026558978,0.43586767,0.2213186
/media/storage2/Anuj/5th international anujj ones/medxpert/data/raw/Tuberculosis/tb_aug173_Tuberculosis-440.png,1,Tuberculosis,2,1.0813973,0.33983135,0.00299632,0.43366143,0.2235109
/media/storage2/Anuj/5th international anujj ones/medxpert/data/raw/Tuberculosis/tb_aug1742_Tuberculosis-46.png,1,Tuberculosis,2,1.0985304,0.30178547,0.0036165724,0.42588878,0.26870915
/media/storage2/Anuj/5th international anujj ones/medxpert/data/raw/Tuberculosis/tb_aug1747_Tuberculosis-185.png,1,Tuberculosis,2,1.078519,0.33959436,0.00271938,0.43630457,0.22138168
/media/storage2/Anuj/5th international anujj ones/medxpert/data/raw/Tuberculosis/tb_aug1752_Tuberculosis-218.png,1,Tuberculosis,2,1.0840751,0.33590594,0.0030168162,0.43209717,0.22898006
/media/storage2/Anuj/5th international anujj ones/medxpert/data/raw/Tuberculosis/tb_aug1757_Tuberculosis-256.png,1,Tuberculosis,2,1.1036981,0.3072329,0.006294248,0.43503416,0.25143868
/media/storage2/Anuj/5th international anujj ones/medxpert/data/raw/Tuberculosis/tb_aug1759_Tuberculosis-433.png,1,Tuberculosis,2,1.1039753,0.27877697,0.006071861,0.43872437,0.27642682
/media/storage2/Anuj/5th international anujj ones/medxpert/data/raw/Tuberculosis/tb_aug1773_Tuberculosis-99.png,1,Tuberculosis,2,1.0903167,0.30578843,0.0024548317,0.43100774,0.26074904
/media/storage2/Anuj/5th international anujj ones/medxpert/data/raw/Tuberculosis/tb_aug1774_Tuberculosis-404.png,1,Tuberculosis,2,1.0811422,0.33854085,0.0028949445,0.43419328,0.22437091
/media/storage2/Anuj/5th international anujj ones/medxpert/data/raw/Tuberculosis/tb_aug1782_Tuberculosis-206.png,1,Tuberculosis,2,1.0878041,0.34686145,0.003906915,0.4250444,0.22418724
/media/storage2/Anuj/5th international anujj ones/medxpert/data/raw/Tuberculosis/tb_aug1798_Tuberculosis-559.png,1,Tuberculosis,2,1.0889496,0.33496284,0.0037788525,0.43001786,0.23124039
/media/storage2/Anuj/5th international anujj ones/medxpert/data/raw/Tuberculosis/tb_aug1803_Tuberculosis-262.png,1,Tuberculosis,2,1.0823536,0.3393611,0.0030505976,0.43286157,0.22472675
/media/storage2/Anuj/5th international anujj ones/medxpert/data/raw/Tuberculosis/tb_aug1804_Tuberculosis-506.png,1,Tuberculosis,2,1.079004,0.34040502,0.0027456088,0.4352447,0.22160463
/media/storage2/Anuj/5th international anujj ones/medxpert/data/raw/Tuberculosis/tb_aug1822_Tuberculosis-272.png,1,Tuberculosis,2,1.0841225,0.33691993,0.003210398,0.43270645,0.22716326
/media/storage2/Anuj/5th international anujj ones/medxpert/data/raw/Tuberculosis/tb_aug1824_Tuberculosis-49.png,1,Tuberculosis,2,1.0954952,0.30042353,0.0031793816,0.4286433,0.2677538
/media/storage2/Anuj/5th international anujj ones/medxpert/data/raw/Tuberculosis/tb_aug1828_Tuberculosis-420.png,1,Tuberculosis,2,1.0852163,0.33575848,0.003164451,0.4313873,0.22968976
/media/storage2/Anuj/5th international anujj ones/medxpert/data/raw/Tuberculosis/tb_aug182_Tuberculosis-81.png,1,Tuberculosis,2,1.0915289,0.31085992,0.002903007,0.43087628,0.25536072
/media/storage2/Anuj/5th international anujj ones/medxpert/data/raw/Tuberculosis/tb_aug1841_Tuberculosis-343.png,1,Tuberculosis,2,1.0791658,0.33968237,0.0027580922,0.43554395,0.22201557
/media/storage2/Anuj/5th international anujj ones/medxpert/data/raw/Tuberculosis/tb_aug1843_Tuberculosis-514.png,1,Tuberculosis,2,1.0836619,0.33753717,0.003074752,0.43214098,0.22724712
/media/storage2/Anuj/5th international anujj ones/medxpert/data/raw/Tuberculosis/tb_aug1844_Tuberculosis-319.png,1,Tuberculosis,2,1.0845965,0.3391502,0.0032770222,0.4310279,0.22654486
/media/storage2/Anuj/5th international anujj ones/medxpert/data/raw/Tuberculosis/tb_aug184_Tuberculosis-136.png,1,Tuberculosis,2,1.0893414,0.32284433,0.003059458,0.43088594,0.24321029
/media/storage2/Anuj/5th international anujj ones/medxpert/data/raw/Tuberculosis/tb_aug1853_Tuberculosis-79.png,1,Tuberculosis,2,1.0956666,0.30903488,0.00352621,0.42880735,0.2586316
/media/storage2/Anuj/5th international anujj ones/medxpert/data/raw/Tuberculosis/tb_aug1862_Tuberculosis-382.png,1,Tuberculosis,2,1.0854586,0.33161455,0.0030851886,0.4328882,0.23241207
/media/storage2/Anuj/5th international anujj ones/medxpert/data/raw/Tuberculosis/tb_aug1879_Tuberculosis-182.png,1,Tuberculosis,2,1.0958799,0.24301648,0.00474913,0.43379608,0.31843838
/media/storage2/Anuj/5th international anujj ones/medxpert/data/raw/Tuberculosis/tb_aug1884_Tuberculosis-522.png,1,Tuberculosis,2,1.0933155,0.3287752,0.0040222416,0.4279564,0.23924613
/media/storage2/Anuj/5th international anujj ones/medxpert/data/raw/Tuberculosis/tb_aug188_Tuberculosis-290.png,1,Tuberculosis,2,1.0841317,0.33820838,0.003235032,0.43206057,0.226496
/media/storage2/Anuj/5th international anujj ones/medxpert/data/raw/Tuberculosis/tb_aug1893_Tuberculosis-10.png,1,Tuberculosis,2,1.0935373,0.30048397,0.0028263608,0.42941758,0.26727203
/media/storage2/Anuj/5th international anujj ones/medxpert/data/raw/Tuberculosis/tb_aug1914_Tuberculosis-619.png,1,Tuberculosis,0,1.1075387,0.39733356,0.010423456,0.38567623,0.20656672
/media/storage2/Anuj/5th international anujj ones/medxpert/data/raw/Tuberculosis/tb_aug1924_Tuberculosis-106.png,1,Tuberculosis,2,1.0918636,0.32354867,0.0038814028,0.4322039,0.24036603
/media/storage2/Anuj/5th international anujj ones/medxpert/data/raw/Tuberculosis/tb_aug1925_Tuberculosis-289.png,1,Tuberculosis,2,1.096234,0.33463013,0.0046411525,0.42386445,0.23686427
/media/storage2/Anuj/5th international anujj ones/medxpert/data/raw/Tuberculosis/tb_aug1928_Tuberculosis-433.png,1,Tuberculosis,2,1.0982704,0.2897142,0.005016337,0.44089094,0.26437852
/media/storage2/Anuj/5th international anujj ones/medxpert/data/raw/Tuberculosis/tb_aug1938_Tuberculosis-59.png,1,Tuberculosis,2,1.0951743,0.30675042,0.0033165743,0.4287503,0.2611827
/media/storage2/Anuj/5th international anujj ones/medxpert/data/raw/Tuberculosis/tb_aug193_Tuberculosis-329.png,1,Tuberculosis,2,1.1017902,0.27707964,0.004394835,0.42800662,0.29051888
/media/storage2/Anuj/5th international anujj ones/medxpert/data/raw/Tuberculosis/tb_aug1954_Tuberculosis-410.png,1,Tuberculosis,2,1.0766941,0.34090033,0.0025326249,0.43693534,0.21963166
/media/storage2/Anuj/5th international anujj ones/medxpert/data/raw/Tuberculosis/tb_aug195_Tuberculosis-16.png,1,Tuberculosis,2,1.0859745,0.32061046,0.0024570832,0.43313453,0.24379797
/media/storage2/Anuj/5th international anujj ones/medxpert/data/raw/Tuberculosis/tb_aug1961_Tuberculosis-467.png,1,Tuberculosis,2,1.0778356,0.34208915,0.0027235074,0.43573898,0.2194484
/media/storage2/Anuj/5th international anujj ones/medxpert/data/raw/Tuberculosis/tb_aug196_Tuberculosis-631.png,1,Tuberculosis,2,1.0986099,0.3015442,0.0036223761,0.42583084,0.26900262
/media/storage2/Anuj/5th international anujj ones/medxpert/data/raw/Tuberculosis/tb_aug1980_Tuberculosis-454.png,1,Tuberculosis,2,1.0809917,0.33940074,0.0029127102,0.43399918,0.22368737
/media/storage2/Anuj/5th international anujj ones/medxpert/data/raw/Tuberculosis/tb_aug1991_Tuberculosis-583.png,1,Tuberculosis,2,1.0842458,0.35422593,0.0038439806,0.42488205,0.21704805
/media/storage2/Anuj/5th international anujj ones/medxpert/data/raw/Tuberculosis/tb_aug1998_Tuberculosis-378.png,1,Tuberculosis,2,1.0796227,0.3354232,0.0025719055,0.43624452,0.22576039
/media/storage2/Anuj/5th international anujj ones/medxpert/data/raw/Tuberculosis/tb_aug2001_Tuberculosis-36.png,1,Tuberculosis,2,1.1006429,0.2535914,0.005151512,0.43188632,0.3093708
/media/storage2/Anuj/5th international anujj ones/medxpert/data/raw/Tuberculosis/tb_aug2010_Tuberculosis-139.png,1,Tuberculosis,2,1.08988,0.29971105,0.0023892247,0.4329968,0.2649029
/media/storage2/Anuj/5th international anujj ones/medxpert/data/raw/Tuberculosis/tb_aug2012_Tuberculosis-156.png,1,Tuberculosis,2,1.0848086,0.33268476,0.0028929114,0.43197158,0.23245083
/media/storage2/Anuj/5th international anujj ones/medxpert/data/raw/Tuberculosis/tb_aug2014_Tuberculosis-273.png,1,Tuberculosis,2,1.0799351,0.34059635,0.0028307133,0.4342924,0.2222806
/media/storage2/Anuj/5th international anujj ones/medxpert/data/raw/Tuberculosis/tb_aug2026_Tuberculosis-592.png,1,Tuberculosis,2,1.0881768,0.3338264,0.0035936134,0.430701,0.23187904
/media/storage2/Anuj/5th international anujj ones/medxpert/data/raw/Tuberculosis/tb_aug2029_Tuberculosis-191.png,1,Tuberculosis,2,1.0945344,0.28657526,0.0033337807,0.43450525,0.2755857
/media/storage2/Anuj/5th international anujj ones/medxpert/data/raw/Tuberculosis/tb_aug2035_Tuberculosis-648.png,1,Tuberculosis,2,1.1011648,0.28986907,0.0041432786,0.42708373,0.278904
/media/storage2/Anuj/5th international anujj ones/medxpert/data/raw/Tuberculosis/tb_aug2040_Tuberculosis-194.png,1,Tuberculosis,2,1.0833625,0.33699548,0.0030128825,0.43252403,0.22746757
/media/storage2/Anuj/5th international anujj ones/medxpert/data/raw/Tuberculosis/tb_aug2043_Tuberculosis-379.png,1,Tuberculosis,2,1.0791277,0.3385933,0.0026585257,0.43563017,0.22311804
/media/storage2/Anuj/5th international anujj ones/medxpert/data/raw/Tuberculosis/tb_aug2046_Tuberculosis-447.png,1,Tuberculosis,2,1.0814636,0.3371048,0.002888123,0.43454733,0.22545967
/media/storage2/Anuj/5th international anujj ones/medxpert/data/raw/Tuberculosis/tb_aug2066_Tuberculosis-671.png,1,Tuberculosis,2,1.0941889,0.32286227,0.003750989,0.4275161,0.24587065
/media/storage2/Anuj/5th international anujj ones/medxpert/data/raw/Tuberculosis/tb_aug2071_Tuberculosis-101.png,1,Tuberculosis,2,1.0885613,0.30538484,0.0022366336,0.43257335,0.2598052
/media/storage2/Anuj/5th international anujj ones/medxpert/data/raw/Tuberculosis/tb_aug2078_Tuberculosis-500.png,1,Tuberculosis,2,1.1019586,0.314942,0.004447369,0.42165837,0.2589523
/media/storage2/Anuj/5th international anujj ones/medxpert/data/raw/Tuberculosis/tb_aug2085_Tuberculosis-641.png,1,Tuberculosis,2,1.0848231,0.34418693,0.0036233154,0.42965242,0.22253728
/media/storage2/Anuj/5th international anujj ones/medxpert/data/raw/Tuberculosis/tb_aug2087_Tuberculosis-98.png,1,Tuberculosis,2,1.0945768,0.2943391,0.0028452973,0.42860135,0.27421427
/media/storage2/Anuj/5th international anujj ones/medxpert/data/raw/Tuberculosis/tb_aug2091_Tuberculosis-389.png,1,Tuberculosis,2,1.079245,0.3374248,0.0026602997,0.43619013,0.22372475
/media/storage2/Anuj/5th international anujj ones/medxpert/data/raw/Tuberculosis/tb_aug2093_Tuberculosis-527.png,1,Tuberculosis,2,1.0785534,0.33950686,0.0026805042,0.43605587,0.22175677
/media/storage2/Anuj/5th international anujj ones/medxpert/data/raw/Tuberculosis/tb_aug2095_Tuberculosis-672.png,1,Tuberculosis,2,1.0976347,0.30198985,0.0033802055,0.425553,0.26907688
/media/storage2/Anuj/5th international anujj ones/medxpert/data/raw/Tuberculosis/tb_aug2108_Tuberculosis-401.png,1,Tuberculosis,2,1.08096,0.33691058,0.0028998172,0.43550768,0.22468196
/media/storage2/Anuj/5th international anujj ones/medxpert/data/raw/Tuberculosis/tb_aug2117_Tuberculosis-680.png,1,Tuberculosis,2,1.0822543,0.33297205,0.0028670237,0.43566358,0.2284973
/media/storage2/Anuj/5th international anujj ones/medxpert/data/raw/Tuberculosis/tb_aug2122_Tuberculosis-452.png,1,Tuberculosis,2,1.0825126,0.33545503,0.002921464,0.4341613,0.22746217
/media/storage2/Anuj/5th international anujj ones/medxpert/data/raw/Tuberculosis/tb_aug2125_Tuberculosis-583.png,1,Tuberculosis,2,1.0869167,0.34767318,0.0039026237,0.425839,0.22258523
/media/storage2/Anuj/5th international anujj ones/medxpert/data/raw/Tuberculosis/tb_aug2129_Tuberculosis-51.png,1,Tuberculosis,2,1.1051977,0.28618762,0.004955555,0.4256632,0.28319362
/media/storage2/Anuj/5th international anujj ones/medxpert/data/raw/Tuberculosis/tb_aug212_Tuberculosis-679.png,1,Tuberculosis,2,1.0811431,0.3306833,0.0025963879,0.43684316,0.2298772
/media/storage2/Anuj/5th international anujj ones/medxpert/data/raw/Tuberculosis/tb_aug2134_Tuberculosis-596.png,1,Tuberculosis,2,1.0989833,0.3141941,0.004232852,0.42616144,0.25541157
/media/storage2/Anuj/5th international anujj ones/medxpert/data/raw/Tuberculosis/tb_aug2138_Tuberculosis-393.png,1,Tuberculosis,2,1.0789831,0.3417794,0.0028249319,0.43490773,0.22048791
/media/storage2/Anuj/5th international anujj ones/medxpert/data/raw/Tuberculosis/tb_aug2139_Tuberculosis-300.png,1,Tuberculosis,2,1.0796564,0.3398707,0.0028046197,0.43499866,0.22232607
/media/storage2/Anuj/5th international anujj ones/medxpert/data/raw/Tuberculosis/tb_aug2153_Tuberculosis-522.png,1,Tuberculosis,2,1.0997969,0.30874562,0.0043846145,0.4278375,0.25903225
/media/storage2/Anuj/5th international anujj ones/medxpert/data/raw/Tuberculosis/tb_aug2158_Tuberculosis-499.png,1,Tuberculosis,2,1.0770743,0.33968288,0.0025591,0.437327,0.22043106
/media/storage2/Anuj/5th international anujj ones/medxpert/data/raw/Tuberculosis/tb_aug2167_Tuberculosis-664.png,1,Tuberculosis,2,1.0877914,0.32367787,0.0030030115,0.4327173,0.24060185
/media/storage2/Anuj/5th international anujj ones/medxpert/data/raw/Tuberculosis/tb_aug2168_Tuberculosis-574.png,1,Tuberculosis,2,1.0927861,0.32795683,0.0038686963,0.42822647,0.23994802
/media/storage2/Anuj/5th international anujj ones/medxpert/data/raw/Tuberculosis/tb_aug2169_Tuberculosis-125.png,1,Tuberculosis,2,1.0866544,0.3308962,0.0029927762,0.4306903,0.23542076
/media/storage2/Anuj/5th international anujj ones/medxpert/data/raw/Tuberculosis/tb_aug2177_Tuberculosis-426.png,1,Tuberculosis,2,1.0782121,0.33785236,0.0026121577,0.43714595,0.22238958
/media/storage2/Anuj/5th international anujj ones/medxpert/data/raw/Tuberculosis/tb_aug2180_Tuberculosis-560.png,1,Tuberculosis,2,1.0968921,0.30515298,0.0038111424,0.43007588,0.26095995
/media/storage2/Anuj/5th international anujj ones/medxpert/data/raw/Tuberculosis/tb_aug2184_Tuberculosis-180.png,1,Tuberculosis,2,1.1216758,0.27343142,0.0102771865,0.43221608,0.28407532
/media/storage2/Anuj/5th international anujj ones/medxpert/data/raw/Tuberculosis/tb_aug2185_Tuberculosis-653.png,1,Tuberculosis,2,1.098203,0.29460776,0.0036225268,0.4281687,0.273601
/media/storage2/Anuj/5th international anujj ones/medxpert/data/raw/Tuberculosis/tb_aug2195_Tuberculosis-215.png,1,Tuberculosis,2,1.1007931,0.29635328,0.003954957,0.42523667,0.27445516
/media/storage2/Anuj/5th international anujj ones/medxpert/data/raw/Tuberculosis/tb_aug2201_Tuberculosis-495.png,1,Tuberculosis,2,1.0835867,0.33373317,0.0029031371,0.4333817,0.22998203
/media/storage2/Anuj/5th international anujj ones/medxpert/data/raw/Tuberculosis/tb_aug2211_Tuberculosis-664.png,1,Tuberculosis,2,1.0887388,0.32189193,0.0030871774,0.4326124,0.24240851
/media/storage2/Anuj/5th international anujj ones/medxpert/data/raw/Tuberculosis/tb_aug2218_Tuberculosis-6.png,1,Tuberculosis,2,1.0966429,0.24305329,0.005792985,0.44414583,0.30700788
/media/storage2/Anuj/5th international anujj ones/medxpert/data/raw/Tuberculosis/tb_aug2221_Tuberculosis-633.png,1,Tuberculosis,2,1.0874195,0.3272139,0.0031795655,0.43279016,0.2368163
/media/storage2/Anuj/5th international anujj ones/medxpert/data/raw/Tuberculosis/tb_aug2226_Tuberculosis-256.png,1,Tuberculosis,2,1.1036981,0.3072329,0.006294248,0.43503416,0.25143868
/media/storage2/Anuj/5th international anujj ones/medxpert/data/raw/Tuberculosis/tb_aug2227_Tuberculosis-666.png,1,Tuberculosis,2,1.0989429,0.32699272,0.004525718,0.4225101,0.24597141
/media/storage2/Anuj/5th international anujj ones/medxpert/data/raw/Tuberculosis/tb_aug222_Tuberculosis-104.png,1,Tuberculosis,2,1.0886333,0.30824977,0.0023085382,0.43214148,0.2573002
/media/storage2/Anuj/5th international anujj ones/medxpert/data/raw/Tuberculosis/tb_aug2231_Tuberculosis-394.png,1,Tuberculosis,2,1.0788037,0.34191197,0.0027970225,0.43490708,0.22038396
/media/storage2/Anuj/5th international anujj ones/medxpert/data/raw/Tuberculosis/tb_aug2232_Tuberculosis-101.png,1,Tuberculosis,2,1.0934688,0.30311567,0.002827531,0.42888105,0.26517576
/media/storage2/Anuj/5th international anujj ones/medxpert/data/raw/Tuberculosis/tb_aug2237_Tuberculosis-195.png,1,Tuberculosis,2,1.100842,0.3163598,0.0056058527,0.43183917,0.2461952
/media/storage2/Anuj/5th international anujj ones/medxpert/data/raw/Tuberculosis/tb_aug2239_Tuberculosis-74.png,1,Tuberculosis,2,1.0942609,0.30936483,0.0031304287,0.42805913,0.25944564
/media/storage2/Anuj/5th international anujj ones/medxpert/data/raw/Tuberculosis/tb_aug2241_Tuberculosis-336.png,1,Tuberculosis,2,1.0817057,0.34455827,0.0031043787,0.43083122,0.22150621
/media/storage2/Anuj/5th international anujj ones/medxpert/data/raw/Tuberculosis/tb_aug2253_Tuberculosis-391.png,1,Tuberculosis,2,1.0792328,0.3328817,0.0025145167,0.43795085,0.22665295
/media/storage2/Anuj/5th international anujj ones/medxpert/data/raw/Tuberculosis/tb_aug225_Tuberculosis-348.png,1,Tuberculosis,2,1.0857496,0.3290613,0.0029927639,0.43320027,0.23474573
/media/storage2/Anuj/5th international anujj ones/medxpert/data/raw/Tuberculosis/tb_aug2266_Tuberculosis-387.png,1,Tuberculosis,2,1.0826476,0.33888596,0.0030573946,0.43275478,0.22530183
/media/storage2/Anuj/5th international anujj ones/medxpert/data/raw/Tuberculosis/tb_aug2274_Tuberculosis-312.png,1,Tuberculosis,2,1.101769,0.31716463,0.004631622,0.4226197,0.255584
/media/storage2/Anuj/5th international anujj ones/medxpert/data/raw/Tuberculosis/tb_aug2278_Tuberculosis-236.png,1,Tuberculosis,2,1.1023196,0.31404984,0.005002007,0.42573318,0.255215
/media/storage2/Anuj/5th international anujj ones/medxpert/data/raw/Tuberculosis/tb_aug2286_Tuberculosis-527.png,1,Tuberculosis,2,1.0810366,0.34232476,0.0030779003,0.43313017,0.22146717
/media/storage2/Anuj/5th international anujj ones/medxpert/data/raw/Tuberculosis/tb_aug2294_Tuberculosis-236.png,1,Tuberculosis,2,1.1023196,0.31404984,0.005002007,0.42573318,0.255215
/media/storage2/Anuj/5th international anujj ones/medxpert/data/raw/Tuberculosis/tb_aug2299_Tuberculosis-123.png,1,Tuberculosis,2,1.0897429,0.30979195,0.0026311653,0.43233222,0.2552447
/media/storage2/Anuj/5th international anujj ones/medxpert/data/raw/Tuberculosis/tb_aug230_Tuberculosis-150.png,1,Tuberculosis,2,1.1003481,0.3048092,0.00392842,0.4240182,0.2672442
/media/storage2/Anuj/5th international anujj ones/medxpert/data/raw/Tuberculosis/tb_aug234_Tuberculosis-334.png,1,Tuberculosis,2,1.0951127,0.30059102,0.0036539605,0.43362695,0.26212806
/media/storage2/Anuj/5th international anujj ones/medxpert/data/raw/Tuberculosis/tb_aug23_Tuberculosis-276.png,1,Tuberculosis,2,1.0778546,0.34104848,0.0026307907,0.4357828,0.22053796
/media/storage2/Anuj/5th international anujj ones/medxpert/data/raw/Tuberculosis/tb_aug244_Tuberculosis-656.png,1,Tuberculosis,2,1.1014411,0.3248313,0.0049847546,0.4223516,0.24783233
/media/storage2/Anuj/5th international anujj ones/medxpert/data/raw/Tuberculosis/tb_aug245_Tuberculosis-669.png,1,Tuberculosis,2,1.0795763,0.33862767,0.002729939,0.4354095,0.2232329
/media/storage2/Anuj/5th international anujj ones/medxpert/data/raw/Tuberculosis/tb_aug251_Tuberculosis-268.png,1,Tuberculosis,2,1.0885079,0.33134988,0.003453582,0.43063712,0.23455937
/media/storage2/Anuj/5th international anujj ones/medxpert/data/raw/Tuberculosis/tb_aug252_Tuberculosis-309.png,1,Tuberculosis,2,1.0999079,0.31158346,0.005139708,0.43231308,0.25096372
/media/storage2/Anuj/5th international anujj ones/medxpert/data/raw/Tuberculosis/tb_aug254_Tuberculosis-598.png,1,Tuberculosis,2,1.0990826,0.31338364,0.004087563,0.42510685,0.257422
/media/storage2/Anuj/5th international anujj ones/medxpert/data/raw/Tuberculosis/tb_aug25_Tuberculosis-28.png,1,Tuberculosis,2,1.1010044,0.29952842,0.0040354766,0.42490053,0.27153558
/media/storage2/Anuj/5th international anujj ones/medxpert/data/raw/Tuberculosis/tb_aug268_Tuberculosis-519.png,1,Tuberculosis,2,1.1106526,0.29486942,0.006429847,0.425445,0.27325568
/media/storage2/Anuj/5th international anujj ones/medxpert/data/raw/Tuberculosis/tb_aug286_Tuberculosis-468.png,1,Tuberculosis,2,1.0785737,0.3411192,0.0027436204,0.4354115,0.22072569
/media/storage2/Anuj/5th international anujj ones/medxpert/data/raw/Tuberculosis/tb_aug287_Tuberculosis-436.png,1,Tuberculosis,2,1.0854747,0.33244866,0.0035856038,0.43572387,0.22824185
/media/storage2/Anuj/5th international anujj ones/medxpert/data/raw/Tuberculosis/tb_aug28_Tuberculosis-539.png,1,Tuberculosis,2,1.0980475,0.3200909,0.004238834,0.4254394,0.25023085
/media/storage2/Anuj/5th international anujj ones/medxpert/data/raw/Tuberculosis/tb_aug294_Tuberculosis-551.png,1,Tuberculosis,2,1.0984181,0.3044074,0.003990767,0.42874646,0.2628554
/media/storage2/Anuj/5th international anujj ones/medxpert/data/raw/Tuberculosis/tb_aug301_Tuberculosis-337.png,1,Tuberculosis,2,1.0961382,0.30576053,0.0035237125,0.42893416,0.26178157
/media/storage2/Anuj/5th international anujj ones/medxpert/data/raw/Tuberculosis/tb_aug307_Tuberculosis-514.png,1,Tuberculosis,2,1.0844057,0.33791858,0.0031801325,0.4314504,0.22745086
/media/storage2/Anuj/5th international anujj ones/medxpert/data/raw/Tuberculosis/tb_aug309_Tuberculosis-313.png,1,Tuberculosis,2,1.0877655,0.33318242,0.0036354985,0.4320198,0.23116232
/media/storage2/Anuj/5th international anujj ones/medxpert/data/raw/Tuberculosis/tb_aug321_Tuberculosis-494.png,1,Tuberculosis,2,1.0831654,0.33708155,0.0030237068,0.43285018,0.22704458
/media/storage2/Anuj/5th international anujj ones/medxpert/data/raw/Tuberculosis/tb_aug32_Tuberculosis-667.png,1,Tuberculosis,2,1.0954076,0.31680533,0.0035804755,0.42671493,0.25289923
/media/storage2/Anuj/5th international anujj ones/medxpert/data/raw/Tuberculosis/tb_aug333_Tuberculosis-85.png,1,Tuberculosis,2,1.0928485,0.30640283,0.0028770189,0.4296198,0.26110035
/media/storage2/Anuj/5th international anujj ones/medxpert/data/raw/Tuberculosis/tb_aug339_Tuberculosis-378.png,1,Tuberculosis,2,1.0798385,0.33647287,0.0026617346,0.43588904,0.22497632
/media/storage2/Anuj/5th international anujj ones/medxpert/data/raw/Tuberculosis/tb_aug347_Tuberculosis-372.png,1,Tuberculosis,2,1.0782382,0.3388388,0.002675437,0.43690744,0.22157831
/media/storage2/Anuj/5th international anujj ones/medxpert/data/raw/Tuberculosis/tb_aug355_Tuberculosis-266.png,1,Tuberculosis,2,1.0893854,0.3271111,0.0034536782,0.43151823,0.23791705
/media/storage2/Anuj/5th international anujj ones/medxpert/data/raw/Tuberculosis/tb_aug35_Tuberculosis-486.png,1,Tuberculosis,2,1.096988,0.31938046,0.0047286097,0.4312806,0.24461028
/media/storage2/Anuj/5th international anujj ones/medxpert/data/raw/Tuberculosis/tb_aug360_Tuberculosis-256.png,1,Tuberculosis,2,1.1038818,0.31539145,0.005972698,0.42925695,0.2493789
/media/storage2/Anuj/5th international anujj ones/medxpert/data/raw/Tuberculosis/tb_aug372_Tuberculosis-253.png,1,Tuberculosis,2,1.0842443,0.34506214,0.0035545274,0.42951745,0.22186586
/media/storage2/Anuj/5th international anujj ones/medxpert/data/raw/Tuberculosis/tb_aug374_Tuberculosis-393.png,1,Tuberculosis,2,1.0796807,0.34095454,0.0028322644,0.43445292,0.22176035
/media/storage2/Anuj/5th international anujj ones/medxpert/data/raw/Tuberculosis/tb_aug380_Tuberculosis-384.png,1,Tuberculosis,2,1.0790426,0.33886063,0.002681915,0.43574476,0.22271271
/media/storage2/Anuj/5th international anujj ones/medxpert/data/raw/Tuberculosis/tb_aug382_Tuberculosis-456.png,1,Tuberculosis,2,1.0824924,0.33496097,0.0029120618,0.43442515,0.2277018
/media/storage2/Anuj/5th international anujj ones/medxpert/data/raw/Tuberculosis/tb_aug383_Tuberculosis-561.png,1,Tuberculosis,2,1.0986378,0.31658787,0.0043017752,0.4263734,0.252737
/media/storage2/Anuj/5th international anujj ones/medxpert/data/raw/Tuberculosis/tb_aug387_Tuberculosis-129.png,1,Tuberculosis,2,1.0932064,0.29614463,0.0026895714,0.4297333,0.27143246
/media/storage2/Anuj/5th international anujj ones/medxpert/data/raw/Tuberculosis/tb_aug391_Tuberculosis-8.png,1,Tuberculosis,2,1.0928211,0.30112833,0.0027573367,0.43009618,0.26601818
/media/storage2/Anuj/5th international anujj ones/medxpert/data/raw/Tuberculosis/tb_aug411_Tuberculosis-274.png,1,Tuberculosis,2,1.0856718,0.34169468,0.0035439697,0.42947707,0.22528423
/media/storage2/Anuj/5th international anujj ones/medxpert/data/raw/Tuberculosis/tb_aug412_Tuberculosis-577.png,1,Tuberculosis,2,1.1009072,0.30034164,0.004228657,0.42670166,0.26872814
/media/storage2/Anuj/5th international anujj ones/medxpert/data/raw/Tuberculosis/tb_aug416_Tuberculosis-295.png,1,Tuberculosis,2,1.0806549,0.3410715,0.0029461975,0.43366268,0.22231972
/media/storage2/Anuj/5th international anujj ones/medxpert/data/raw/Tuberculosis/tb_aug420_Tuberculosis-523.png,1,Tuberculosis,2,1.0995758,0.3842695,0.00817292,0.40015113,0.20740642
/media/storage2/Anuj/5th international anujj ones/medxpert/data/raw/Tuberculosis/tb_aug423_Tuberculosis-175.png,1,Tuberculosis,2,1.104657,0.2938531,0.005056398,0.4271588,0.2739317
/media/storage2/Anuj/5th international anujj ones/medxpert/data/raw/Tuberculosis/tb_aug428_Tuberculosis-307.png,1,Tuberculosis,2,1.097711,0.30362993,0.0036427898,0.42738438,0.2653429
/media/storage2/Anuj/5th international anujj ones/medxpert/data/raw/Tuberculosis/tb_aug42_Tuberculosis-505.png,1,Tuberculosis,2,1.0759121,0.33944863,0.0024578911,0.4385051,0.21958837
/media/storage2/Anuj/5th international anujj ones/medxpert/data/raw/Tuberculosis/tb_aug431_Tuberculosis-615.png,1,Tuberculosis,2,1.0915225,0.29286727,0.0027247923,0.4342748,0.27013308
/media/storage2/Anuj/5th international anujj ones/medxpert/data/raw/Tuberculosis/tb_aug432_Tuberculosis-195.png,1,Tuberculosis,2,1.0939819,0.33009484,0.0043194727,0.42814282,0.23744285
/media/storage2/Anuj/5th international anujj ones/medxpert/data/raw/Tuberculosis/tb_aug438_Tuberculosis-465.png,1,Tuberculosis,2,1.0764381,0.3417784,0.0025676321,0.43696854,0.21868546
/media/storage2/Anuj/5th international anujj ones/medxpert/data/raw/Tuberculosis/tb_aug458_Tuberculosis-571.png,1,Tuberculosis,2,1.0889968,0.3458778,0.004009419,0.42448792,0.22562489
/media/storage2/Anuj/5th international anujj ones/medxpert/data/raw/Tuberculosis/tb_aug460_Tuberculosis-602.png,1,Tuberculosis,2,1.0771469,0.33993396,0.0025743006,0.437161,0.22033073
/media/storage2/Anuj/5th international anujj ones/medxpert/data/raw/Tuberculosis/tb_aug461_Tuberculosis-638.png,1,Tuberculosis,0,1.1243398,0.42630482,0.019111736,0.361718,0.19286543
/media/storage2/Anuj/5th international anujj ones/medxpert/data/raw/Tuberculosis/tb_aug462_Tuberculosis-347.png,1,Tuberculosis,2,1.0812368,0.3334055,0.0027226128,0.43599978,0.22787209
/media/storage2/Anuj/5th international anujj ones/medxpert/data/raw/Tuberculosis/tb_aug479_Tuberculosis-569.png,1,Tuberculosis,2,1.0765271,0.3414597,0.0025725905,0.43707687,0.21889088
/media/storage2/Anuj/5th international anujj ones/medxpert/data/raw/Tuberculosis/tb_aug482_Tuberculosis-215.png,1,Tuberculosis,2,1.1024245,0.22915047,0.009216005,0.45283806,0.30879542
/media/storage2/Anuj/5th international anujj ones/medxpert/data/raw/Tuberculosis/tb_aug483_Tuberculosis-454.png,1,Tuberculosis,2,1.081193,0.33809444,0.0028534469,0.4341189,0.22493316
/media/storage2/Anuj/5th international anujj ones/medxpert/data/raw/Tuberculosis/tb_aug487_Tuberculosis-244.png,1,Tuberculosis,2,1.0978045,0.3364124,0.0057323803,0.4271102,0.23074514
/media/storage2/Anuj/5th international anujj ones/medxpert/data/raw/Tuberculosis/tb_aug489_Tuberculosis-577.png,1,Tuberculosis,2,1.0990366,0.30535355,0.004014448,0.4273932,0.2632388
/media/storage2/Anuj/5th international anujj ones/medxpert/data/raw/Tuberculosis/tb_aug490_Tuberculosis-511.png,1,Tuberculosis,2,1.0844383,0.33960402,0.0033070354,0.4311849,0.22590405
/media/storage2/Anuj/5th international anujj ones/medxpert/data/raw/Tuberculosis/tb_aug492_Tuberculosis-110.png,1,Tuberculosis,2,1.0880386,0.31749982,0.0027078383,0.43295035,0.24684195
/media/storage2/Anuj/5th international anujj ones/medxpert/data/raw/Tuberculosis/tb_aug496_Tuberculosis-621.png,1,Tuberculosis,2,1.0812303,0.333425,0.0027495006,0.4361816,0.2276439
/media/storage2/Anuj/5th international anujj ones/medxpert/data/raw/Tuberculosis/tb_aug499_Tuberculosis-617.png,1,Tuberculosis,2,1.0927151,0.32468644,0.0036847559,0.428735,0.24289383
/media/storage2/Anuj/5th international anujj ones/medxpert/data/raw/Tuberculosis/tb_aug49_Tuberculosis-258.png,1,Tuberculosis,2,1.082731,0.33971766,0.0030740113,0.43221363,0.22499463
/media/storage2/Anuj/5th international anujj ones/medxpert/data/raw/Tuberculosis/tb_aug501_Tuberculosis-467.png,1,Tuberculosis,2,1.0770535,0.34247828,0.0026585697,0.43620756,0.21865553
/media/storage2/Anuj/5th international anujj ones/medxpert/data/raw/Tuberculosis/tb_aug507_Tuberculosis-115.png,1,Tuberculosis,2,1.0880015,0.31219968,0.0023479215,0.43223003,0.25322238
/media/storage2/Anuj/5th international anujj ones/medxpert/data/raw/Tuberculosis/tb_aug522_Tuberculosis-613.png,1,Tuberculosis,2,1.076992,0.33855373,0.0025140413,0.43786135,0.22107086
/media/storage2/Anuj/5th international anujj ones/medxpert/data/raw/Tuberculosis/tb_aug52_Tuberculosis-581.png,1,Tuberculosis,2,1.0831621,0.3533706,0.0039516934,0.42773294,0.21494466
/media/storage2/Anuj/5th international anujj ones/medxpert/data/raw/Tuberculosis/tb_aug537_Tuberculosis-185.png,1,Tuberculosis,2,1.0780594,0.34042686,0.002709661,0.43638954,0.22047395
/media/storage2/Anuj/5th international anujj ones/medxpert/data/raw/Tuberculosis/tb_aug53_Tuberculosis-332.png,1,Tuberculosis,2,1.0790341,0.3396074,0.0027200475,0.43553853,0.22213407
/media/storage2/Anuj/5th international anujj ones/medxpert/data/raw/Tuberculosis/tb_aug540_Tuberculosis-626.png,1,Tuberculosis,2,1.0769253,0.3391074,0.0025385735,0.43777287,0.22058122
/media/storage2/Anuj/5th international anujj ones/medxpert/data/raw/Tuberculosis/tb_aug54_Tuberculosis-187.png,1,Tuberculosis,2,1.1019688,0.31913644,0.004967276,0.42396092,0.25193536
/media/storage2/Anuj/5th international anujj ones/medxpert/data/raw/Tuberculosis/tb_aug550_Tuberculosis-671.png,1,Tuberculosis,2,1.1081386,0.279071,0.005773908,0.42623612,0.28891888
/media/storage2/Anuj/5th international anujj ones/medxpert/data/raw/Tuberculosis/tb_aug552_Tuberculosis-297.png,1,Tuberculosis,2,1.0796735,0.33942848,0.0027460346,0.4348684,0.22295715
/media/storage2/Anuj/5th international anujj ones/medxpert/data/raw/Tuberculosis/tb_aug555_Tuberculosis-134.png,1,Tuberculosis,2,1.0909951,0.3107832,0.0026337726,0.42958334,0.2569997
/media/storage2/Anuj/5th international anujj ones/medxpert/data/raw/Tuberculosis/tb_aug563_Tuberculosis-202.png,1,Tuberculosis,2,1.0805186,0.3353239,0.00275066,0.4361494,0.22577608
/media/storage2/Anuj/5th international anujj ones/medxpert/data/raw/Tuberculosis/tb_aug564_Tuberculosis-298.png,1,Tuberculosis,2,1.0808277,0.33664402,0.0027620448,0.43495646,0.22563744
/media/storage2/Anuj/5th international anujj ones/medxpert/data/raw/Tuberculosis/tb_aug583_Tuberculosis-593.png,1,Tuberculosis,2,1.0904285,0.32918498,0.0035667615,0.42943874,0.23780963
/media/storage2/Anuj/5th international anujj ones/medxpert/data/raw/Tuberculosis/tb_aug586_Tuberculosis-74.png,1,Tuberculosis,2,1.0917257,0.31616467,0.0030492593,0.4295956,0.25119057
/media/storage2/Anuj/5th international anujj ones/medxpert/data/raw/Tuberculosis/tb_aug587_Tuberculosis-79.png,1,Tuberculosis,2,1.0967395,0.31260467,0.0037927723,0.42760265,0.25599998
/media/storage2/Anuj/5th international anujj ones/medxpert/data/raw/Tuberculosis/tb_aug589_Tuberculosis-645.png,1,Tuberculosis,2,1.09149,0.3332229,0.0038056138,0.42703938,0.23593211
/media/storage2/Anuj/5th international anujj ones/medxpert/data/raw/Tuberculosis/tb_aug594_Tuberculosis-254.png,1,Tuberculosis,2,1.0972344,0.30375832,0.0038563272,0.43019703,0.2621883
/media/storage2/Anuj/5th international anujj ones/medxpert/data/raw/Tuberculosis/tb_aug597_Tuberculosis-46.png,1,Tuberculosis,2,1.0913329,0.30855706,0.0026688648,0.430034,0.25874
/media/storage2/Anuj/5th international anujj ones/medxpert/data/raw/Tuberculosis/tb_aug606_Tuberculosis-473.png,1,Tuberculosis,2,1.0900519,0.3067369,0.0024819053,0.43147334,0.25930783
/media/storage2/Anuj/5th international anujj ones/medxpert/data/raw/Tuberculosis/tb_aug60_Tuberculosis-43.png,1,Tuberculosis,2,1.1012819,0.28492573,0.004112406,0.4267329,0.28422895
/media/storage2/Anuj/5th international anujj ones/medxpert/data/raw/Tuberculosis/tb_aug611_Tuberculosis-549.png,1,Tuberculosis,2,1.0809668,0.33672452,0.002817869,0.43506896,0.22538872
/media/storage2/Anuj/5th international anujj ones/medxpert/data/raw/Tuberculosis/tb_aug61_Tuberculosis-32.png,1,Tuberculosis,2,1.1013346,0.31775162,0.0046898574,0.42368042,0.25387812
/media/storage2/Anuj/5th international anujj ones/medxpert/data/raw/Tuberculosis/tb_aug622_Tuberculosis-411.png,1,Tuberculosis,2,1.0813466,0.33154973,0.0026288305,0.43625906,0.22956245
/media/storage2/Anuj/5th international anujj ones/medxpert/data/raw/Tuberculosis/tb_aug623_Tuberculosis-503.png,1,Tuberculosis,2,1.0948577,0.31204772,0.003305925,0.4274201,0.25722626
/media/storage2/Anuj/5th international anujj ones/medxpert/data/raw/Tuberculosis/tb_aug629_Tuberculosis-203.png,1,Tuberculosis,2,1.0898623,0.3343105,0.0037341788,0.42861965,0.23333567
/media/storage2/Anuj/5th international anujj ones/medxpert/data/raw/Tuberculosis/tb_aug638_Tuberculosis-48.png,1,Tuberculosis,2,1.0987997,0.28949395,0.003453925,0.42568403,0.28136814
/media/storage2/Anuj/5th international anujj ones/medxpert/data/raw/Tuberculosis/tb_aug645_Tuberculosis-402.png,1,Tuberculosis,2,1.0798568,0.33889177,0.0027487457,0.43494815,0.22341126
/media/storage2/Anuj/5th international anujj ones/medxpert/data/raw/Tuberculosis/tb_aug646_Tuberculosis-681.png,1,Tuberculosis,2,1.094588,0.31600168,0.0036209112,0.42893532,0.25144207
/media/storage2/Anuj/5th international anujj ones/medxpert/data/raw/Tuberculosis/tb_aug648_Tuberculosis-262.png,1,Tuberculosis,2,1.0815009,0.3402667,0.0030382874,0.43350175,0.22319329
/media/storage2/Anuj/5th international anujj ones/medxpert/data/raw/Tuberculosis/tb_aug649_Tuberculosis-453.png,1,Tuberculosis,2,1.087601,0.33571497,0.0035849293,0.43044335,0.23025677
/media/storage2/Anuj/5th international anujj ones/medxpert/data/raw/Tuberculosis/tb_aug64_Tuberculosis-63.png,1,Tuberculosis,2,1.1018779,0.28202665,0.004305188,0.42722368,0.2864445
/media/storage2/Anuj/5th international anujj ones/medxpert/data/raw/Tuberculosis/tb_aug660_Tuberculosis-145.png,1,Tuberculosis,2,1.0838332,0.19443308,0.008578137,0.45720664,0.3397821
/media/storage2/Anuj/5th international anujj ones/medxpert/data/raw/Tuberculosis/tb_aug669_Tuberculosis-218.png,1,Tuberculosis,2,1.0837555,0.33860463,0.0031163222,0.43161196,0.22666706
/media/storage2/Anuj/5th international anujj ones/medxpert/data/raw/Tuberculosis/tb_aug672_Tuberculosis-156.png,1,Tuberculosis,2,1.0937555,0.30025223,0.002836277,0.42910847,0.267803
/media/storage2/Anuj/5th international anujj ones/medxpert/data/raw/Tuberculosis/tb_aug673_Tuberculosis-645.png,1,Tuberculosis,2,1.1033721,0.21300876,0.013086312,0.4690719,0.30483308
/media/storage2/Anuj/5th international anujj ones/medxpert/data/raw/Tuberculosis/tb_aug679_Tuberculosis-344.png,1,Tuberculosis,2,1.0924435,0.33193684,0.004030963,0.42773163,0.23630056
/media/storage2/Anuj/5th international anujj ones/medxpert/data/raw/Tuberculosis/tb_aug685_Tuberculosis-108.png,1,Tuberculosis,2,1.0857549,0.33945706,0.003255525,0.42887247,0.22841488
/media/storage2/Anuj/5th international anujj ones/medxpert/data/raw/Tuberculosis/tb_aug688_Tuberculosis-107.png,1,Tuberculosis,2,1.0925673,0.30198434,0.0028405439,0.43117094,0.2640041
/media/storage2/Anuj/5th international anujj ones/medxpert/data/raw/Tuberculosis/tb_aug692_Tuberculosis-203.png,1,Tuberculosis,2,1.0990729,0.3072923,0.0039817034,0.4264231,0.2623029
/media/storage2/Anuj/5th international anujj ones/medxpert/data/raw/Tuberculosis/tb_aug702_Tuberculosis-302.png,1,Tuberculosis,2,1.0900764,0.30655542,0.0027126293,0.43354413,0.25718787
/media/storage2/Anuj/5th international anujj ones/medxpert/data/raw/Tuberculosis/tb_aug705_Tuberculosis-633.png,1,Tuberculosis,2,1.0853219,0.3292282,0.0030083146,0.43391308,0.2338504
/media/storage2/Anuj/5th international anujj ones/medxpert/data/raw/Tuberculosis/tb_aug717_Tuberculosis-550.png,1,Tuberculosis,2,1.0824249,0.33466342,0.0028584173,0.43434376,0.22813447
/media/storage2/Anuj/5th international anujj ones/medxpert/data/raw/Tuberculosis/tb_aug719_Tuberculosis-687.png,1,Tuberculosis,2,1.0898633,0.33491045,0.00380566,0.428745,0.23253888
/media/storage2/Anuj/5th international anujj ones/medxpert/data/raw/Tuberculosis/tb_aug723_Tuberculosis-213.png,1,Tuberculosis,2,1.0954379,0.2964604,0.0034757685,0.432408,0.26765588
/media/storage2/Anuj/5th international anujj ones/medxpert/data/raw/Tuberculosis/tb_aug724_Tuberculosis-140.png,1,Tuberculosis,2,1.0927365,0.29898167,0.0026955598,0.43020427,0.26811853
/media/storage2/Anuj/5th international anujj ones/medxpert/data/raw/Tuberculosis/tb_aug735_Tuberculosis-509.png,1,Tuberculosis,2,1.0773106,0.33572936,0.0024342756,0.43859857,0.22323781
/media/storage2/Anuj/5th international anujj ones/medxpert/data/raw/Tuberculosis/tb_aug737_Tuberculosis-326.png,1,Tuberculosis,2,1.1027479,0.2885245,0.0045440826,0.4273962,0.27953517
/media/storage2/Anuj/5th international anujj ones/medxpert/data/raw/Tuberculosis/tb_aug739_Tuberculosis-97.png,1,Tuberculosis,2,1.0895504,0.30359083,0.0024012418,0.4327067,0.26130128
/media/storage2/Anuj/5th international anujj ones/medxpert/data/raw/Tuberculosis/tb_aug743_Tuberculosis-299.png,1,Tuberculosis,2,1.0809505,0.33719411,0.002820661,0.43482485,0.22516033
/media/storage2/Anuj/5th international anujj ones/medxpert/data/raw/Tuberculosis/tb_aug751_Tuberculosis-508.png,1,Tuberculosis,2,1.0769485,0.33858937,0.0024958674,0.43778366,0.22113116
/media/storage2/Anuj/5th international anujj ones/medxpert/data/raw/Tuberculosis/tb_aug756_Tuberculosis-113.png,1,Tuberculosis,2,1.0901366,0.30304667,0.002586331,0.43341076,0.26095626
/media/storage2/Anuj/5th international anujj ones/medxpert/data/raw/Tuberculosis/tb_aug757_Tuberculosis-363.png,1,Tuberculosis,2,1.0791247,0.3366053,0.002674444,0.43696615,0.22375408
/media/storage2/Anuj/5th international anujj ones/medxpert/data/raw/Tuberculosis/tb_aug769_Tuberculosis-609.png,1,Tuberculosis,2,1.0785668,0.3407804,0.0027219346,0.43549815,0.22099952
/media/storage2/Anuj/5th international anujj ones/medxpert/data/raw/Tuberculosis/tb_aug781_Tuberculosis-380.png,1,Tuberculosis,2,1.077049,0.33697385,0.002447366,0.43831494,0.22226389
/media/storage2/Anuj/5th international anujj ones/medxpert/data/raw/Tuberculosis/tb_aug788_Tuberculosis-181.png,1,Tuberculosis,2,1.1011646,0.292873,0.004087235,0.42620134,0.27683842
/media/storage2/Anuj/5th international anujj ones/medxpert/data/raw/Tuberculosis/tb_aug798_Tuberculosis-382.png,1,Tuberculosis,2,1.0832093,0.3360785,0.0030086099,0.4332915,0.22762133
/media/storage2/Anuj/5th international anujj ones/medxpert/data/raw/Tuberculosis/tb_aug804_Tuberculosis-97.png,1,Tuberculosis,2,1.0912423,0.30245703,0.0025776948,0.43128744,0.2636779
/media/storage2/Anuj/5th international anujj ones/medxpert/data/raw/Tuberculosis/tb_aug811_Tuberculosis-181.png,1,Tuberculosis,2,1.0981914,0.29778686,0.0035237845,0.42665863,0.27203074
/media/storage2/Anuj/5th international anujj ones/medxpert/data/raw/Tuberculosis/tb_aug817_Tuberculosis-142.png,1,Tuberculosis,2,1.0962636,0.30261162,0.0032507356,0.4271209,0.26701674
/media/storage2/Anuj/5th international anujj ones/medxpert/data/raw/Tuberculosis/tb_aug820_Tuberculosis-505.png,1,Tuberculosis,2,1.0763544,0.33947596,0.002506204,0.43816113,0.2198567
/media/storage2/Anuj/5th international anujj ones/medxpert/data/raw/Tuberculosis/tb_aug821_Tuberculosis-250.png,1,Tuberculosis,2,1.0950618,0.30066538,0.0032215207,0.42988834,0.26622474
/media/storage2/Anuj/5th international anujj ones/medxpert/data/raw/Tuberculosis/tb_aug824_Tuberculosis-205.png,1,Tuberculosis,2,1.0906072,0.33703548,0.0040393947,0.42780206,0.23112307
/media/storage2/Anuj/5th international anujj ones/medxpert/data/raw/Tuberculosis/tb_aug833_Tuberculosis-278.png,1,Tuberculosis,2,1.1721607,0.3230671,0.027877564,0.41060728,0.23844802
/media/storage2/Anuj/5th international anujj ones/medxpert/data/raw/Tuberculosis/tb_aug834_Tuberculosis-424.png,1,Tuberculosis,2,1.0784502,0.3396182,0.002679463,0.4361314,0.22157092
/media/storage2/Anuj/5th international anujj ones/medxpert/data/raw/Tuberculosis/tb_aug836_Tuberculosis-391.png,1,Tuberculosis,2,1.0799261,0.3360917,0.0027370793,0.43649128,0.22467996
/media/storage2/Anuj/5th international anujj ones/medxpert/data/raw/Tuberculosis/tb_aug842_Tuberculosis-26.png,1,Tuberculosis,2,1.1276512,0.18571548,0.023575136,0.448307,0.3424024
/media/storage2/Anuj/5th international anujj ones/medxpert/data/raw/Tuberculosis/tb_aug861_Tuberculosis-127.png,1,Tuberculosis,2,1.0967103,0.29121763,0.0030821038,0.42657402,0.27912623
/media/storage2/Anuj/5th international anujj ones/medxpert/data/raw/Tuberculosis/tb_aug866_Tuberculosis-395.png,1,Tuberculosis,2,1.0842794,0.33904257,0.0032261051,0.4312527,0.22647871
/media/storage2/Anuj/5th international anujj ones/medxpert/data/raw/Tuberculosis/tb_aug870_Tuberculosis-632.png,1,Tuberculosis,2,1.095359,0.3223693,0.004159074,0.42868292,0.24478872
/media/storage2/Anuj/5th international anujj ones/medxpert/data/raw/Tuberculosis/tb_aug881_Tuberculosis-41.png,1,Tuberculosis,2,1.0958245,0.30524647,0.0033686308,0.4283634,0.2630215
/media/storage2/Anuj/5th international anujj ones/medxpert/data/raw/Tuberculosis/tb_aug887_Tuberculosis-210.png,1,Tuberculosis,2,1.0771573,0.34043646,0.0026115638,0.4370682,0.21988381
/media/storage2/Anuj/5th international anujj ones/medxpert/data/raw/Tuberculosis/tb_aug894_Tuberculosis-381.png,1,Tuberculosis,2,1.0781686,0.3378417,0.0025537752,0.43683112,0.22277336
/media/storage2/Anuj/5th international anujj ones/medxpert/data/raw/Tuberculosis/tb_aug904_Tuberculosis-456.png,1,Tuberculosis,2,1.0815306,0.3369055,0.0028687916,0.43443853,0.2257872
/media/storage2/Anuj/5th international anujj ones/medxpert/data/raw/Tuberculosis/tb_aug905_Tuberculosis-285.png,1,Tuberculosis,2,1.0977867,0.31383178,0.0043578655,0.42957714,0.25223318
/media/storage2/Anuj/5th international anujj ones/medxpert/data/raw/Tuberculosis/tb_aug906_Tuberculosis-569.png,1,Tuberculosis,2,1.0769168,0.34123597,0.002600213,0.43683386,0.21933003
/media/storage2/Anuj/5th international anujj ones/medxpert/data/raw/Tuberculosis/tb_aug929_Tuberculosis-629.png,1,Tuberculosis,2,1.0977086,0.30872107,0.0046669496,0.4340346,0.2525774
/media/storage2/Anuj/5th international anujj ones/medxpert/data/raw/Tuberculosis/tb_aug936_Tuberculosis-469.png,1,Tuberculosis,2,1.077039,0.3424811,0.0026570112,0.43621695,0.21864492
/media/storage2/Anuj/5th international anujj ones/medxpert/data/raw/Tuberculosis/tb_aug941_Tuberculosis-113.png,1,Tuberculosis,2,1.09056,0.3022777,0.0025691942,0.43263462,0.26251844
/media/storage2/Anuj/5th international anujj ones/medxpert/data/raw/Tuberculosis/tb_aug945_Tuberculosis-495.png,1,Tuberculosis,2,1.0828869,0.3357259,0.0029130955,0.43336052,0.22800043
/media/storage2/Anuj/5th international anujj ones/medxpert/data/raw/Tuberculosis/tb_aug949_Tuberculosis-24.png,1,Tuberculosis,2,1.1023315,0.28640804,0.0042310087,0.42535785,0.2840031
/media/storage2/Anuj/5th international anujj ones/medxpert/data/raw/Tuberculosis/tb_aug953_Tuberculosis-381.png,1,Tuberculosis,2,1.078934,0.33674002,0.0025853044,0.43657634,0.2240984
/media/storage2/Anuj/5th international anujj ones/medxpert/data/raw/Tuberculosis/tb_aug955_Tuberculosis-511.png,1,Tuberculosis,2,1.0821644,0.34004942,0.0030617905,0.4327884,0.22410034
/media/storage2/Anuj/5th international anujj ones/medxpert/data/raw/Tuberculosis/tb_aug957_Tuberculosis-385.png,1,Tuberculosis,2,1.0798492,0.33683482,0.0027106458,0.43597922,0.22447537
/media/storage2/Anuj/5th international anujj ones/medxpert/data/raw/Tuberculosis/tb_aug959_Tuberculosis-408.png,1,Tuberculosis,2,1.078203,0.33774415,0.0026562698,0.43751514,0.22208443
/media/storage2/Anuj/5th international anujj ones/medxpert/data/raw/Tuberculosis/tb_aug961_Tuberculosis-87.png,1,Tuberculosis,2,1.0938234,0.3037486,0.0029022242,0.42866847,0.26468074
/media/storage2/Anuj/5th international anujj ones/medxpert/data/raw/Tuberculosis/tb_aug969_Tuberculosis-559.png,1,Tuberculosis,2,1.0900182,0.33427882,0.003907543,0.42954886,0.23226473
/media/storage2/Anuj/5th international anujj ones/medxpert/data/raw/Tuberculosis/tb_aug970_Tuberculosis-516.png,1,Tuberculosis,2,1.0804172,0.33815283,0.0028018192,0.43491587,0.22412951
/media/storage2/Anuj/5th international anujj ones/medxpert/data/raw/Tuberculosis/tb_aug971_Tuberculosis-388.png,1,Tuberculosis,2,1.0801017,0.3379718,0.0028012476,0.43549904,0.22372788
/media/storage2/Anuj/5th international anujj ones/medxpert/data/raw/Tuberculosis/tb_aug979_Tuberculosis-471.png,1,Tuberculosis,2,1.0781022,0.33778918,0.002569787,0.4370682,0.2225728
/media/storage2/Anuj/5th international anujj ones/medxpert/data/raw/Tuberculosis/tb_aug97_Tuberculosis-146.png,1,Tuberculosis,2,1.0920503,0.31185403,0.002864628,0.42916554,0.2561158
/media/storage2/Anuj/5th international anujj ones/medxpert/data/raw/Tuberculosis/tb_aug981_Tuberculosis-154.png,1,Tuberculosis,2,1.0991004,0.30632952,0.00403639,0.42714664,0.2624874
/media/storage2/Anuj/5th international anujj ones/medxpert/data/raw/Tuberculosis/tb_aug986_Tuberculosis-175.png,1,Tuberculosis,2,1.09157,0.30690482,0.0026735812,0.430165,0.2602566
/media/storage2/Anuj/5th international anujj ones/medxpert/data/raw/Tuberculosis/tb_aug989_Tuberculosis-401.png,1,Tuberculosis,2,1.0804836,0.33793768,0.002894423,0.43555734,0.22361055
/media/storage2/Anuj/5th international anujj ones/medxpert/data/raw/Tuberculosis/tb_aug992_Tuberculosis-532.png,1,Tuberculosis,2,1.0769298,0.34042922,0.0025633008,0.43709174,0.2199157
/media/storage2/Anuj/5th international anujj ones/medxpert/data/raw/Tuberculosis/tb_orig_Tuberculosis-100.png,1,Tuberculosis,2,1.0894995,0.30617648,0.0023518207,0.43154627,0.25992543
/media/storage2/Anuj/5th international anujj ones/medxpert/data/raw/Tuberculosis/tb_orig_Tuberculosis-105.png,1,Tuberculosis,2,1.0947249,0.304611,0.0030955207,0.42834368,0.2639498
/media/storage2/Anuj/5th international anujj ones/medxpert/data/raw/Tuberculosis/tb_orig_Tuberculosis-117.png,1,Tuberculosis,2,1.0899441,0.30945456,0.002482597,0.43075478,0.25730816
/media/storage2/Anuj/5th international anujj ones/medxpert/data/raw/Tuberculosis/tb_orig_Tuberculosis-119.png,1,Tuberculosis,2,1.0956064,0.29992437,0.0033019586,0.42967373,0.26709992
/media/storage2/Anuj/5th international anujj ones/medxpert/data/raw/Tuberculosis/tb_orig_Tuberculosis-122.png,1,Tuberculosis,2,1.0291393,0.12504631,0.0114919115,0.48829493,0.37516692
/media/storage2/Anuj/5th international anujj ones/medxpert/data/raw/Tuberculosis/tb_orig_Tuberculosis-126.png,1,Tuberculosis,2,1.090525,0.31242865,0.0028047715,0.43133977,0.2534268
/media/storage2/Anuj/5th international anujj ones/medxpert/data/raw/Tuberculosis/tb_orig_Tuberculosis-147.png,1,Tuberculosis,2,1.1014996,0.30515704,0.0057204827,0.43586886,0.25325367
/media/storage2/Anuj/5th international anujj ones/medxpert/data/raw/Tuberculosis/tb_orig_Tuberculosis-154.png,1,Tuberculosis,2,1.0973814,0.29923314,0.0034550705,0.42747352,0.2698383
/media/storage2/Anuj/5th international anujj ones/medxpert/data/raw/Tuberculosis/tb_orig_Tuberculosis-16.png,1,Tuberculosis,2,1.0910131,0.3116256,0.002695419,0.42977807,0.25590086
/media/storage2/Anuj/5th international anujj ones/medxpert/data/raw/Tuberculosis/tb_orig_Tuberculosis-177.png,1,Tuberculosis,2,1.0968225,0.29276982,0.003485795,0.43020478,0.27353957
/media/storage2/Anuj/5th international anujj ones/medxpert/data/raw/Tuberculosis/tb_orig_Tuberculosis-179.png,1,Tuberculosis,2,1.100678,0.26725653,0.004691322,0.43222567,0.2958265
/media/storage2/Anuj/5th international anujj ones/medxpert/data/raw/Tuberculosis/tb_orig_Tuberculosis-191.png,1,Tuberculosis,2,1.0948675,0.2853614,0.0034111047,0.43461588,0.27661163
/media/storage2/Anuj/5th international anujj ones/medxpert/data/raw/Tuberculosis/tb_orig_Tuberculosis-198.png,1,Tuberculosis,2,1.0803046,0.33615282,0.002695489,0.43560386,0.22554785
/media/storage2/Anuj/5th international anujj ones/medxpert/data/raw/Tuberculosis/tb_orig_Tuberculosis-20.png,1,Tuberculosis,2,1.0962319,0.31551644,0.003681029,0.42649752,0.254305
/media/storage2/Anuj/5th international anujj ones/medxpert/data/raw/Tuberculosis/tb_orig_Tuberculosis-206.png,1,Tuberculosis,2,1.0877936,0.34801427,0.0039702435,0.42466855,0.22334696
/media/storage2/Anuj/5th international anujj ones/medxpert/data/raw/Tuberculosis/tb_orig_Tuberculosis-208.png,1,Tuberculosis,2,1.0749811,0.34010732,0.0024309265,0.439253,0.21820876
/media/storage2/Anuj/5th international anujj ones/medxpert/data/raw/Tuberculosis/tb_orig_Tuberculosis-209.png,1,Tuberculosis,2,1.092889,0.31870484,0.0037440592,0.43177432,0.24577674
/media/storage2/Anuj/5th international anujj ones/medxpert/data/raw/Tuberculosis/tb_orig_Tuberculosis-212.png,1,Tuberculosis,2,1.1003271,0.29488295,0.0038230438,0.42525753,0.27603647
/media/storage2/Anuj/5th international anujj ones/medxpert/data/raw/Tuberculosis/tb_orig_Tuberculosis-214.png,1,Tuberculosis,2,1.0915961,0.30780298,0.0027617414,0.43060786,0.25882748
/media/storage2/Anuj/5th international anujj ones/medxpert/data/raw/Tuberculosis/tb_orig_Tuberculosis-215.png,1,Tuberculosis,2,1.0973347,0.30503392,0.0034190645,0.42573476,0.26581225
/media/storage2/Anuj/5th international anujj ones/medxpert/data/raw/Tuberculosis/tb_orig_Tuberculosis-22.png,1,Tuberculosis,2,1.1227136,0.33942842,0.010831818,0.41185164,0.23788808
/media/storage2/Anuj/5th international anujj ones/medxpert/data/raw/Tuberculosis/tb_orig_Tuberculosis-239.png,1,Tuberculosis,2,1.0835567,0.33642244,0.003098415,0.43314454,0.2273346
/media/storage2/Anuj/5th international anujj ones/medxpert/data/raw/Tuberculosis/tb_orig_Tuberculosis-240.png,1,Tuberculosis,2,1.098968,0.30729637,0.0041178023,0.4277925,0.2607934
/media/storage2/Anuj/5th international anujj ones/medxpert/data/raw/Tuberculosis/tb_orig_Tuberculosis-251.png,1,Tuberculosis,2,1.1023465,0.28497607,0.004323707,0.42630118,0.28439903
/media/storage2/Anuj/5th international anujj ones/medxpert/data/raw/Tuberculosis/tb_orig_Tuberculosis-253.png,1,Tuberculosis,2,1.0956272,0.31219724,0.0035898783,0.4282511,0.25596178
/media/storage2/Anuj/5th international anujj ones/medxpert/data/raw/Tuberculosis/tb_orig_Tuberculosis-254.png,1,Tuberculosis,2,1.0975798,0.30551407,0.003797247,0.428456,0.26223272
/media/storage2/Anuj/5th international anujj ones/medxpert/data/raw/Tuberculosis/tb_orig_Tuberculosis-263.png,1,Tuberculosis,2,1.1015135,0.31391895,0.0046710484,0.42478663,0.25662333
/media/storage2/Anuj/5th international anujj ones/medxpert/data/raw/Tuberculosis/tb_orig_Tuberculosis-267.png,1,Tuberculosis,2,1.0806005,0.33900595,0.0028665217,0.43453383,0.22359373
/media/storage2/Anuj/5th international anujj ones/medxpert/data/raw/Tuberculosis/tb_orig_Tuberculosis-271.png,1,Tuberculosis,2,1.0829735,0.33837593,0.0030613912,0.4325987,0.22596397
/media/storage2/Anuj/5th international anujj ones/medxpert/data/raw/Tuberculosis/tb_orig_Tuberculosis-274.png,1,Tuberculosis,2,1.0857553,0.34269276,0.003554669,0.42876863,0.22498395
/media/storage2/Anuj/5th international anujj ones/medxpert/data/raw/Tuberculosis/tb_orig_Tuberculosis-275.png,1,Tuberculosis,2,1.0792351,0.33741474,0.0026908212,0.4364133,0.22348112
/media/storage2/Anuj/5th international anujj ones/medxpert/data/raw/Tuberculosis/tb_orig_Tuberculosis-278.png,1,Tuberculosis,2,1.1490738,0.30561006,0.018125998,0.4182988,0.25796512
/media/storage2/Anuj/5th international anujj ones/medxpert/data/raw/Tuberculosis/tb_orig_Tuberculosis-284.png,1,Tuberculosis,2,1.0816743,0.34180537,0.0030561148,0.4323703,0.22276816
/media/storage2/Anuj/5th international anujj ones/medxpert/data/raw/Tuberculosis/tb_orig_Tuberculosis-286.png,1,Tuberculosis,2,1.1031191,0.3101253,0.004971375,0.42540804,0.2594953
/media/storage2/Anuj/5th international anujj ones/medxpert/data/raw/Tuberculosis/tb_orig_Tuberculosis-287.png,1,Tuberculosis,2,1.1097124,0.2965714,0.006521939,0.42794994,0.26895675
/media/storage2/Anuj/5th international anujj ones/medxpert/data/raw/Tuberculosis/tb_orig_Tuberculosis-293.png,1,Tuberculosis,2,1.0831467,0.33695266,0.003019185,0.43292788,0.22710036
/media/storage2/Anuj/5th international anujj ones/medxpert/data/raw/Tuberculosis/tb_orig_Tuberculosis-3.png,1,Tuberculosis,2,1.0771,0.3408013,0.0026110613,0.43691576,0.21967195
/media/storage2/Anuj/5th international anujj ones/medxpert/data/raw/Tuberculosis/tb_orig_Tuberculosis-304.png,1,Tuberculosis,2,1.0900698,0.30260292,0.0031782,0.43875226,0.2554667
/media/storage2/Anuj/5th international anujj ones/medxpert/data/raw/Tuberculosis/tb_orig_Tuberculosis-312.png,1,Tuberculosis,2,1.0932746,0.31396964,0.0031489206,0.42840943,0.25447202
/media/storage2/Anuj/5th international anujj ones/medxpert/data/raw/Tuberculosis/tb_orig_Tuberculosis-316.png,1,Tuberculosis,2,1.0985346,0.2759817,0.0044148313,0.43607163,0.28353187
/media/storage2/Anuj/5th international anujj ones/medxpert/data/raw/Tuberculosis/tb_orig_Tuberculosis-321.png,1,Tuberculosis,2,1.0793548,0.33574063,0.002613398,0.4367387,0.22490723
/media/storage2/Anuj/5th international anujj ones/medxpert/data/raw/Tuberculosis/tb_orig_Tuberculosis-322.png,1,Tuberculosis,2,1.1410722,0.24015117,0.015319268,0.39357755,0.35095206
/media/storage2/Anuj/5th international anujj ones/medxpert/data/raw/Tuberculosis/tb_orig_Tuberculosis-325.png,1,Tuberculosis,2,1.096282,0.30656168,0.003396175,0.42726067,0.26278147
/media/storage2/Anuj/5th international anujj ones/medxpert/data/raw/Tuberculosis/tb_orig_Tuberculosis-327.png,1,Tuberculosis,2,1.088785,0.33598983,0.0036528695,0.4288252,0.2315321
/media/storage2/Anuj/5th international anujj ones/medxpert/data/raw/Tuberculosis/tb_orig_Tuberculosis-331.png,1,Tuberculosis,2,1.0960844,0.30733478,0.0034076145,0.4275185,0.2617391
/media/storage2/Anuj/5th international anujj ones/medxpert/data/raw/Tuberculosis/tb_orig_Tuberculosis-335.png,1,Tuberculosis,2,1.0959883,0.30857366,0.0034766353,0.42790148,0.26004827
/media/storage2/Anuj/5th international anujj ones/medxpert/data/raw/Tuberculosis/tb_orig_Tuberculosis-338.png,1,Tuberculosis,2,1.1000607,0.33254176,0.004886078,0.42001456,0.24255757
/media/storage2/Anuj/5th international anujj ones/medxpert/data/raw/Tuberculosis/tb_orig_Tuberculosis-347.png,1,Tuberculosis,2,1.081859,0.3336829,0.002799751,0.43540195,0.22811545
/media/storage2/Anuj/5th international anujj ones/medxpert/data/raw/Tuberculosis/tb_orig_Tuberculosis-349.png,1,Tuberculosis,2,1.0790144,0.33483467,0.0025982517,0.43769342,0.22487363
/media/storage2/Anuj/5th international anujj ones/medxpert/data/raw/Tuberculosis/tb_orig_Tuberculosis-363.png,1,Tuberculosis,2,1.0795366,0.33598977,0.0026869557,0.43680614,0.2245171
/media/storage2/Anuj/5th international anujj ones/medxpert/data/raw/Tuberculosis/tb_orig_Tuberculosis-364.png,1,Tuberculosis,2,1.0782849,0.3384722,0.0026374843,0.4368197,0.22207059
/media/storage2/Anuj/5th international anujj ones/medxpert/data/raw/Tuberculosis/tb_orig_Tuberculosis-369.png,1,Tuberculosis,2,1.0808462,0.3396875,0.0028354719,0.43353006,0.22394697
/media/storage2/Anuj/5th international anujj ones/medxpert/data/raw/Tuberculosis/tb_orig_Tuberculosis-371.png,1,Tuberculosis,2,1.0806392,0.33773515,0.002788875,0.4347527,0.22472328
/media/storage2/Anuj/5th international anujj ones/medxpert/data/raw/Tuberculosis/tb_orig_Tuberculosis-377.png,1,Tuberculosis,2,1.0765488,0.34205806,0.0025608437,0.4365841,0.21879701
/media/storage2/Anuj/5th international anujj ones/medxpert/data/raw/Tuberculosis/tb_orig_Tuberculosis-38.png,1,Tuberculosis,2,1.0900656,0.27152714,0.003067126,0.44173023,0.28367555
/media/storage2/Anuj/5th international anujj ones/medxpert/data/raw/Tuberculosis/tb_orig_Tuberculosis-385.png,1,Tuberculosis,2,1.0792972,0.33707646,0.0026648962,0.4363564,0.22390221
/media/storage2/Anuj/5th international anujj ones/medxpert/data/raw/Tuberculosis/tb_orig_Tuberculosis-389.png,1,Tuberculosis,2,1.0793376,0.33730218,0.002657043,0.4361051,0.22393563
/media/storage2/Anuj/5th international anujj ones/medxpert/data/raw/Tuberculosis/tb_orig_Tuberculosis-39.png,1,Tuberculosis,2,1.0930126,0.28951663,0.003402931,0.4380281,0.26905233
/media/storage2/Anuj/5th international anujj ones/medxpert/data/raw/Tuberculosis/tb_orig_Tuberculosis-395.png,1,Tuberculosis,2,1.0880117,0.33772877,0.003640581,0.42892763,0.22970304
/media/storage2/Anuj/5th international anujj ones/medxpert/data/raw/Tuberculosis/tb_orig_Tuberculosis-397.png,1,Tuberculosis,2,1.078555,0.34024686,0.0027098958,0.43577692,0.22126628
/media/storage2/Anuj/5th international anujj ones/medxpert/data/raw/Tuberculosis/tb_orig_Tuberculosis-415.png,1,Tuberculosis,2,1.0772221,0.3410404,0.0025730436,0.43633893,0.22004764
/media/storage2/Anuj/5th international anujj ones/medxpert/data/raw/Tuberculosis/tb_orig_Tuberculosis-434.png,1,Tuberculosis,2,1.0782604,0.33973524,0.0026659577,0.43624955,0.22134927
/media/storage2/Anuj/5th international anujj ones/medxpert/data/raw/Tuberculosis/tb_orig_Tuberculosis-445.png,1,Tuberculosis,2,1.0832787,0.34011516,0.0031867533,0.43186158,0.22483654
/media/storage2/Anuj/5th international anujj ones/medxpert/data/raw/Tuberculosis/tb_orig_Tuberculosis-448.png,1,Tuberculosis,2,1.0817505,0.33635733,0.002891541,0.4345881,0.22616303
/media/storage2/Anuj/5th international anujj ones/medxpert/data/raw/Tuberculosis/tb_orig_Tuberculosis-449.png,1,Tuberculosis,2,1.0839071,0.33745492,0.0030981635,0.43196633,0.22748055
/media/storage2/Anuj/5th international anujj ones/medxpert/data/raw/Tuberculosis/tb_orig_Tuberculosis-451.png,1,Tuberculosis,2,1.0811963,0.33727792,0.0028402922,0.43453032,0.22535147
/media/storage2/Anuj/5th international anujj ones/medxpert/data/raw/Tuberculosis/tb_orig_Tuberculosis-452.png,1,Tuberculosis,2,1.0812535,0.33753887,0.0028840727,0.43457347,0.22500366
/media/storage2/Anuj/5th international anujj ones/medxpert/data/raw/Tuberculosis/tb_orig_Tuberculosis-454.png,1,Tuberculosis,2,1.0817939,0.33907577,0.002967277,0.4333459,0.22461104
/media/storage2/Anuj/5th international anujj ones/medxpert/data/raw/Tuberculosis/tb_orig_Tuberculosis-469.png,1,Tuberculosis,2,1.077841,0.34209034,0.00271608,0.43568248,0.21951103
/media/storage2/Anuj/5th international anujj ones/medxpert/data/raw/Tuberculosis/tb_orig_Tuberculosis-477.png,1,Tuberculosis,2,1.0803721,0.33731687,0.0028450121,0.43578467,0.22405347
/media/storage2/Anuj/5th international anujj ones/medxpert/data/raw/Tuberculosis/tb_orig_Tuberculosis-488.png,1,Tuberculosis,2,1.0849577,0.3391855,0.0033219806,0.43073976,0.22675276
/media/storage2/Anuj/5th international anujj ones/medxpert/data/raw/Tuberculosis/tb_orig_Tuberculosis-495.png,1,Tuberculosis,2,1.0828869,0.3357259,0.0029130955,0.43336052,0.22800043
/media/storage2/Anuj/5th international anujj ones/medxpert/data/raw/Tuberculosis/tb_orig_Tuberculosis-503.png,1,Tuberculosis,2,1.0952201,0.30997565,0.0033084152,0.42748716,0.25922883
/media/storage2/Anuj/5th international anujj ones/medxpert/data/raw/Tuberculosis/tb_orig_Tuberculosis-504.png,1,Tuberculosis,2,1.1029192,0.31533036,0.004704762,0.42166057,0.25830424
/media/storage2/Anuj/5th international anujj ones/medxpert/data/raw/Tuberculosis/tb_orig_Tuberculosis-518.png,1,Tuberculosis,2,1.0789946,0.33605462,0.0025951092,0.43696794,0.2243824
/media/storage2/Anuj/5th international anujj ones/medxpert/data/raw/Tuberculosis/tb_orig_Tuberculosis-520.png,1,Tuberculosis,2,1.0925682,0.31409863,0.0031977626,0.430105,0.2525986
/media/storage2/Anuj/5th international anujj ones/medxpert/data/raw/Tuberculosis/tb_orig_Tuberculosis-526.png,1,Tuberculosis,2,1.0824378,0.3374341,0.0029417519,0.4332099,0.22641426
/media/storage2/Anuj/5th international anujj ones/medxpert/data/raw/Tuberculosis/tb_orig_Tuberculosis-532.png,1,Tuberculosis,2,1.0769622,0.3404468,0.0025634991,0.43703473,0.21995497
/media/storage2/Anuj/5th international anujj ones/medxpert/data/raw/Tuberculosis/tb_orig_Tuberculosis-533.png,1,Tuberculosis,2,1.0822058,0.3373769,0.002925338,0.43349236,0.22620533
/media/storage2/Anuj/5th international anujj ones/medxpert/data/raw/Tuberculosis/tb_orig_Tuberculosis-541.png,1,Tuberculosis,2,1.106561,0.2778964,0.0068311105,0.43931532,0.2759572
/media/storage2/Anuj/5th international anujj ones/medxpert/data/raw/Tuberculosis/tb_orig_Tuberculosis-556.png,1,Tuberculosis,2,1.0844936,0.37735492,0.0047155544,0.41094628,0.2069833
/media/storage2/Anuj/5th international anujj ones/medxpert/data/raw/Tuberculosis/tb_orig_Tuberculosis-559.png,1,Tuberculosis,2,1.09908,0.289444,0.0036409614,0.42697296,0.2799421
/media/storage2/Anuj/5th international anujj ones/medxpert/data/raw/Tuberculosis/tb_orig_Tuberculosis-576.png,1,Tuberculosis,2,1.0980814,0.32297468,0.0044821883,0.42582327,0.24671985
/media/storage2/Anuj/5th international anujj ones/medxpert/data/raw/Tuberculosis/tb_orig_Tuberculosis-578.png,1,Tuberculosis,2,1.0863659,0.33217964,0.0032103441,0.4319696,0.23264043
/media/storage2/Anuj/5th international anujj ones/medxpert/data/raw/Tuberculosis/tb_orig_Tuberculosis-582.png,1,Tuberculosis,2,1.0981845,0.3043779,0.0040322086,0.4295827,0.26200718
/media/storage2/Anuj/5th international anujj ones/medxpert/data/raw/Tuberculosis/tb_orig_Tuberculosis-585.png,1,Tuberculosis,2,1.0836065,0.337792,0.0031308245,0.43244335,0.22663374
/media/storage2/Anuj/5th international anujj ones/medxpert/data/raw/Tuberculosis/tb_orig_Tuberculosis-587.png,1,Tuberculosis,2,1.0874953,0.34090576,0.0036636882,0.42790437,0.22752617
/media/storage2/Anuj/5th international anujj ones/medxpert/data/raw/Tuberculosis/tb_orig_Tuberculosis-588.png,1,Tuberculosis,2,1.0757153,0.34267488,0.0024975063,0.43697873,0.2178489
/media/storage2/Anuj/5th international anujj ones/medxpert/data/raw/Tuberculosis/tb_orig_Tuberculosis-594.png,1,Tuberculosis,2,1.1034993,0.30068976,0.004653849,0.42476994,0.26988643
/media/storage2/Anuj/5th international anujj ones/medxpert/data/raw/Tuberculosis/tb_orig_Tuberculosis-598.png,1,Tuberculosis,2,1.0986006,0.31564543,0.0040683635,0.4249883,0.25529793
/media/storage2/Anuj/5th international anujj ones/medxpert/data/raw/Tuberculosis/tb_orig_Tuberculosis-606.png,1,Tuberculosis,2,1.0780911,0.3404774,0.0027330488,0.43646142,0.22032811
/media/storage2/Anuj/5th international anujj ones/medxpert/data/raw/Tuberculosis/tb_orig_Tuberculosis-607.png,1,Tuberculosis,2,1.0789844,0.33836523,0.0027094632,0.43632108,0.22260414
/media/storage2/Anuj/5th international anujj ones/medxpert/data/raw/Tuberculosis/tb_orig_Tuberculosis-609.png,1,Tuberculosis,2,1.0793213,0.3406988,0.002795598,0.43491223,0.22159334
/media/storage2/Anuj/5th international anujj ones/medxpert/data/raw/Tuberculosis/tb_orig_Tuberculosis-61.png,1,Tuberculosis,2,1.0950505,0.30484003,0.0030900913,0.4275506,0.2645192
/media/storage2/Anuj/5th international anujj ones/medxpert/data/raw/Tuberculosis/tb_orig_Tuberculosis-618.png,1,Tuberculosis,2,1.0919592,0.29304856,0.0029579974,0.43554613,0.26844728
/media/storage2/Anuj/5th international anujj ones/medxpert/data/raw/Tuberculosis/tb_orig_Tuberculosis-634.png,1,Tuberculosis,2,1.0815428,0.3314729,0.0026532644,0.43616718,0.22970662
/media/storage2/Anuj/5th international anujj ones/medxpert/data/raw/Tuberculosis/tb_orig_Tuberculosis-641.png,1,Tuberculosis,2,1.1006644,0.30160797,0.0040768944,0.42554453,0.26877064
/media/storage2/Anuj/5th international anujj ones/medxpert/data/raw/Tuberculosis/tb_orig_Tuberculosis-646.png,1,Tuberculosis,2,1.0997124,0.30408448,0.0041307253,0.42737702,0.26440778
/media/storage2/Anuj/5th international anujj ones/medxpert/data/raw/Tuberculosis/tb_orig_Tuberculosis-65.png,1,Tuberculosis,2,1.0853504,0.31301332,0.0022539108,0.4359385,0.24879432
/media/storage2/Anuj/5th international anujj ones/medxpert/data/raw/Tuberculosis/tb_orig_Tuberculosis-658.png,1,Tuberculosis,2,1.0942911,0.2981028,0.003087881,0.43087363,0.26793572
/media/storage2/Anuj/5th international anujj ones/medxpert/data/raw/Tuberculosis/tb_orig_Tuberculosis-666.png,1,Tuberculosis,2,1.0981846,0.3140966,0.003909697,0.4251377,0.25685605
/media/storage2/Anuj/5th international anujj ones/medxpert/data/raw/Tuberculosis/tb_orig_Tuberculosis-669.png,1,Tuberculosis,2,1.0792056,0.33916506,0.0027137473,0.43552026,0.22260097
/media/storage2/Anuj/5th international anujj ones/medxpert/data/raw/Tuberculosis/tb_orig_Tuberculosis-674.png,1,Tuberculosis,2,1.1015867,0.28276116,0.0040634726,0.42540565,0.28776968
/media/storage2/Anuj/5th international anujj ones/medxpert/data/raw/Tuberculosis/tb_orig_Tuberculosis-675.png,1,Tuberculosis,2,1.1021048,0.28353336,0.00423406,0.42595145,0.28628108
/media/storage2/Anuj/5th international anujj ones/medxpert/data/raw/Tuberculosis/tb_orig_Tuberculosis-676.png,1,Tuberculosis,2,1.0860957,0.3269692,0.0029686273,0.43359518,0.23646694
/media/storage2/Anuj/5th international anujj ones/medxpert/data/raw/Tuberculosis/tb_orig_Tuberculosis-68.png,1,Tuberculosis,2,1.090947,0.3026102,0.0025204537,0.43130514,0.2635642
/media/storage2/Anuj/5th international anujj ones/medxpert/data/raw/Tuberculosis/tb_orig_Tuberculosis-684.png,1,Tuberculosis,2,1.0808885,0.33509797,0.002735604,0.43561974,0.22654669
/media/storage2/Anuj/5th international anujj ones/medxpert/data/raw/Tuberculosis/tb_orig_Tuberculosis-685.png,1,Tuberculosis,2,1.0814067,0.33151528,0.002708898,0.43673936,0.22903642
/media/storage2/Anuj/5th international anujj ones/medxpert/data/raw/Tuberculosis/tb_orig_Tuberculosis-686.png,1,Tuberculosis,2,1.0915843,0.31943956,0.003349537,0.4307779,0.24643303
/media/storage2/Anuj/5th international anujj ones/medxpert/data/raw/Tuberculosis/tb_orig_Tuberculosis-688.png,1,Tuberculosis,2,1.0956779,0.3090335,0.0044251303,0.4358547,0.25068662
/media/storage2/Anuj/5th international anujj ones/medxpert/data/raw/Tuberculosis/tb_orig_Tuberculosis-74.png,1,Tuberculosis,2,1.0950732,0.309143,0.0032628453,0.4276762,0.25991789
/media/storage2/Anuj/5th international anujj ones/medxpert/data/raw/Tuberculosis/tb_orig_Tuberculosis-79.png,1,Tuberculosis,2,1.095619,0.31091946,0.0036020458,0.42885354,0.25662497
/media/storage2/Anuj/5th international anujj ones/medxpert/data/raw/Tuberculosis/tb_orig_Tuberculosis-85.png,1,Tuberculosis,2,1.0996016,0.2881829,0.0036083707,0.4254549,0.28275374
/media/storage2/Anuj/5th international anujj ones/medxpert/data/raw/Tuberculosis/tb_orig_Tuberculosis-92.png,1,Tuberculosis,2,1.0654665,0.14325494,0.015808612,0.4747747,0.36616185
/media/storage2/Anuj/5th international anujj ones/medxpert/data/raw/COVID-19/covid_COVID-1007.png,2,COVID-19,3,1.2514057,0.2652052,0.16836478,0.10906307,0.45736688
/media/storage2/Anuj/5th international anujj ones/medxpert/data/raw/COVID-19/covid_COVID-1008.png,2,COVID-19,3,1.2158805,0.266779,0.12361483,0.120615244,0.488991
/media/storage2/Anuj/5th international anujj ones/medxpert/data/raw/COVID-19/covid_COVID-1012.png,2,COVID-19,3,1.2566628,0.26356646,0.1769756,0.10753531,0.45192254
/media/storage2/Anuj/5th international anujj ones/medxpert/data/raw/COVID-19/covid_COVID-102.png,2,COVID-19,3,1.2062222,0.26449096,0.11482947,0.12364623,0.49703336
/media/storage2/Anuj/5th international anujj ones/medxpert/data/raw/COVID-19/covid_COVID-1023.png,2,COVID-19,1,1.3288888,0.26704353,0.3233301,0.11766183,0.29196456
/media/storage2/Anuj/5th international anujj ones/medxpert/data/raw/COVID-19/covid_COVID-1031.png,2,COVID-19,3,1.2581753,0.2593333,0.1814063,0.10734764,0.4519127
/media/storage2/Anuj/5th international anujj ones/medxpert/data/raw/COVID-19/covid_COVID-1040.png,2,COVID-19,3,1.2594658,0.25818536,0.18654531,0.10549241,0.44977686
/media/storage2/Anuj/5th international anujj ones/medxpert/data/raw/COVID-19/covid_COVID-1054.png,2,COVID-19,3,1.2488649,0.25485998,0.1709925,0.109588735,0.46455875
/media/storage2/Anuj/5th international anujj ones/medxpert/data/raw/COVID-19/covid_COVID-1056.png,2,COVID-19,3,1.3059809,0.2919516,0.24047028,0.10447033,0.36310777
/media/storage2/Anuj/5th international anujj ones/medxpert/data/raw/COVID-19/covid_COVID-1057.png,2,COVID-19,3,1.2460834,0.2550263,0.16818565,0.10955743,0.46723062
/media/storage2/Anuj/5th international anujj ones/medxpert/data/raw/COVID-19/covid_COVID-1064.png,2,COVID-19,3,1.2645078,0.26934186,0.18880023,0.10361809,0.43823987
/media/storage2/Anuj/5th international anujj ones/medxpert/data/raw/COVID-19/covid_COVID-1072.png,2,COVID-19,3,1.2485307,0.25625488,0.16847712,0.11053644,0.46473154
/media/storage2/Anuj/5th international anujj ones/medxpert/data/raw/COVID-19/covid_COVID-1082.png,2,COVID-19,3,1.2479703,0.2632494,0.15862063,0.1145323,0.4635977
/media/storage2/Anuj/5th international anujj ones/medxpert/data/raw/COVID-19/covid_COVID-1084.png,2,COVID-19,3,1.2646836,0.25123098,0.19876935,0.10468683,0.44531283
/media/storage2/Anuj/5th international anujj ones/medxpert/data/raw/COVID-19/covid_COVID-1086.png,2,COVID-19,3,1.227332,0.2580706,0.14639881,0.11194955,0.483581
/media/storage2/Anuj/5th international anujj ones/medxpert/data/raw/COVID-19/covid_COVID-1087.png,2,COVID-19,3,1.2438791,0.2535646,0.16348237,0.11203908,0.47091392
/media/storage2/Anuj/5th international anujj ones/medxpert/data/raw/COVID-19/covid_COVID-110.png,2,COVID-19,3,1.2614155,0.2547329,0.19606555,0.102596745,0.4466048
/media/storage2/Anuj/5th international anujj ones/medxpert/data/raw/COVID-19/covid_COVID-111.png,2,COVID-19,3,1.2555394,0.2633302,0.1718053,0.11030082,0.45456362
/media/storage2/Anuj/5th international anujj ones/medxpert/data/raw/COVID-19/covid_COVID-1116.png,2,COVID-19,3,1.2712784,0.23742291,0.21398322,0.106910445,0.44168347
/media/storage2/Anuj/5th international anujj ones/medxpert/data/raw/COVID-19/covid_COVID-1119.png,2,COVID-19,3,1.2645063,0.2478283,0.2093792,0.10027772,0.44251472
/media/storage2/Anuj/5th international anujj ones/medxpert/data/raw/COVID-19/covid_COVID-1122.png,2,COVID-19,3,1.2559794,0.25172386,0.18698172,0.105382055,0.4559124
/media/storage2/Anuj/5th international anujj ones/medxpert/data/raw/COVID-19/covid_COVID-1123.png,2,COVID-19,3,1.256504,0.25923803,0.17854603,0.1080594,0.4541565
/media/storage2/Anuj/5th international anujj ones/medxpert/data/raw/COVID-19/covid_COVID-1126.png,2,COVID-19,3,1.259723,0.25183108,0.19034795,0.10587922,0.45194173
/media/storage2/Anuj/5th international anujj ones/medxpert/data/raw/COVID-19/covid_COVID-113.png,2,COVID-19,3,1.2567421,0.25773385,0.17830776,0.10897389,0.45498443
/media/storage2/Anuj/5th international anujj ones/medxpert/data/raw/COVID-19/covid_COVID-1131.png,2,COVID-19,3,1.2748327,0.24826944,0.21303245,0.10539305,0.433305
/media/storage2/Anuj/5th international anujj ones/medxpert/data/raw/COVID-19/covid_COVID-1133.png,2,COVID-19,3,1.3220376,0.15727277,0.17456801,0.28888297,0.3792762
/media/storage2/Anuj/5th international anujj ones/medxpert/data/raw/COVID-19/covid_COVID-1155.png,2,COVID-19,3,1.2912818,0.23315038,0.26783058,0.1015297,0.3974893
/media/storage2/Anuj/5th international anujj ones/medxpert/data/raw/COVID-19/covid_COVID-1156.png,2,COVID-19,3,1.2300004,0.27090234,0.13964522,0.11416768,0.47528473
/media/storage2/Anuj/5th international anujj ones/medxpert/data/raw/COVID-19/covid_COVID-1162.png,2,COVID-19,3,1.2535644,0.25810844,0.17262621,0.110407725,0.45885766
/media/storage2/Anuj/5th international anujj ones/medxpert/data/raw/COVID-19/covid_COVID-1168.png,2,COVID-19,3,1.2566457,0.25694332,0.18065195,0.10770114,0.45470354
/media/storage2/Anuj/5th international anujj ones/medxpert/data/raw/COVID-19/covid_COVID-1171.png,2,COVID-19,3,1.2596791,0.26825568,0.17864478,0.1068459,0.44625372
/media/storage2/Anuj/5th international anujj ones/medxpert/data/raw/COVID-19/covid_COVID-1177.png,2,COVID-19,3,1.2449787,0.26164088,0.15812063,0.11344274,0.46679574
/media/storage2/Anuj/5th international anujj ones/medxpert/data/raw/COVID-19/covid_COVID-1182.png,2,COVID-19,3,1.2614167,0.2619406,0.18928961,0.103794605,0.44497517
/media/storage2/Anuj/5th international anujj ones/medxpert/data/raw/COVID-19/covid_COVID-1206.png,2,COVID-19,3,1.2785742,0.23559308,0.23334491,0.10376772,0.42729422
/media/storage2/Anuj/5th international anujj ones/medxpert/data/raw/COVID-19/covid_COVID-1216.png,2,COVID-19,3,1.2727375,0.23857483,0.22235881,0.103343286,0.43572304
/media/storage2/Anuj/5th international anujj ones/medxpert/data/raw/COVID-19/covid_COVID-1219.png,2,COVID-19,3,1.2461623,0.26020336,0.16378762,0.11063118,0.46537787
/media/storage2/Anuj/5th international anujj ones/medxpert/data/raw/COVID-19/covid_COVID-122.png,2,COVID-19,3,1.2608585,0.25396377,0.18937515,0.10639282,0.45026818
/media/storage2/Anuj/5th international anujj ones/medxpert/data/raw/COVID-19/covid_COVID-1221.png,2,COVID-19,3,1.280526,0.22517765,0.26950887,0.0965895,0.40872395
/media/storage2/Anuj/5th international anujj ones/medxpert/data/raw/COVID-19/covid_COVID-1226.png,2,COVID-19,3,1.2832005,0.252578,0.24295832,0.096835315,0.4076284
/media/storage2/Anuj/5th international anujj ones/medxpert/data/raw/COVID-19/covid_COVID-1229.png,2,COVID-19,1,1.3345709,0.27750307,0.31987768,0.123182856,0.27943635
/media/storage2/Anuj/5th international anujj ones/medxpert/data/raw/COVID-19/covid_COVID-1236.png,2,COVID-19,3,1.2518898,0.24509811,0.18623333,0.1058297,0.46283886
/media/storage2/Anuj/5th international anujj ones/medxpert/data/raw/COVID-19/covid_COVID-1244.png,2,COVID-19,3,1.2391171,0.2684431,0.14488548,0.11715682,0.4695146
/media/storage2/Anuj/5th international anujj ones/medxpert/data/raw/COVID-19/covid_COVID-1250.png,2,COVID-19,3,1.2571177,0.24607591,0.18506421,0.10973498,0.45912495
/media/storage2/Anuj/5th international anujj ones/medxpert/data/raw/COVID-19/covid_COVID-1251.png,2,COVID-19,3,1.2540923,0.2608268,0.17087196,0.110902965,0.4573982
/media/storage2/Anuj/5th international anujj ones/medxpert/data/raw/COVID-19/covid_COVID-1254.png,2,COVID-19,3,1.2523004,0.2695414,0.1596671,0.11437559,0.4564159
/media/storage2/Anuj/5th international anujj ones/medxpert/data/raw/COVID-19/covid_COVID-1259.png,2,COVID-19,3,1.2549266,0.26421306,0.18008406,0.104111314,0.45159158
/media/storage2/Anuj/5th international anujj ones/medxpert/data/raw/COVID-19/covid_COVID-1264.png,2,COVID-19,3,1.2636162,0.25364357,0.19868593,0.10305937,0.44461107
/media/storage2/Anuj/5th international anujj ones/medxpert/data/raw/COVID-19/covid_COVID-1266.png,2,COVID-19,3,1.2654899,0.24179488,0.21258107,0.10175752,0.44386658
/media/storage2/Anuj/5th international anujj ones/medxpert/data/raw/COVID-19/covid_COVID-1269.png,2,COVID-19,3,1.2622025,0.24629049,0.20508309,0.10154637,0.44708002
/media/storage2/Anuj/5th international anujj ones/medxpert/data/raw/COVID-19/covid_COVID-1271.png,2,COVID-19,3,1.312505,0.19967219,0.27389818,0.1337333,0.39269626
/media/storage2/Anuj/5th international anujj ones/medxpert/data/raw/COVID-19/covid_COVID-1279.png,2,COVID-19,3,1.26897,0.263887,0.2039659,0.100218855,0.43192825
/media/storage2/Anuj/5th international anujj ones/medxpert/data/raw/COVID-19/covid_COVID-1283.png,2,COVID-19,3,1.2351121,0.26003817,0.15058425,0.11309172,0.47628587
/media/storage2/Anuj/5th international anujj ones/medxpert/data/raw/COVID-19/covid_COVID-1289.png,2,COVID-19,1,1.2975578,0.118317984,0.37674537,0.18586364,0.319073
/media/storage2/Anuj/5th international anujj ones/medxpert/data/raw/COVID-19/covid_COVID-130.png,2,COVID-19,3,1.2943639,0.21400592,0.28506938,0.1074118,0.3935129
/media/storage2/Anuj/5th international anujj ones/medxpert/data/raw/COVID-19/covid_COVID-1303.png,2,COVID-19,3,1.2475652,0.26207164,0.16711478,0.10848276,0.46233082
/media/storage2/Anuj/5th international anujj ones/medxpert/data/raw/COVID-19/covid_COVID-1317.png,2,COVID-19,3,1.215087,0.26726297,0.12539516,0.11811786,0.48922402
/media/storage2/Anuj/5th international anujj ones/medxpert/data/raw/COVID-19/covid_COVID-1332.png,2,COVID-19,3,1.2559931,0.25751808,0.17798913,0.108745344,0.45574737
/media/storage2/Anuj/5th international anujj ones/medxpert/data/raw/COVID-19/covid_COVID-1334.png,2,COVID-19,3,1.263168,0.27853993,0.17365521,0.10906642,0.4387385
/media/storage2/Anuj/5th international anujj ones/medxpert/data/raw/COVID-19/covid_COVID-1346.png,2,COVID-19,3,1.2615176,0.25747666,0.18449453,0.1084604,0.44956848
/media/storage2/Anuj/5th international anujj ones/medxpert/data/raw/COVID-19/covid_COVID-1351.png,2,COVID-19,3,1.2474045,0.25686404,0.16393296,0.11277172,0.4664313
/media/storage2/Anuj/5th international anujj ones/medxpert/data/raw/COVID-19/covid_COVID-1354.png,2,COVID-19,3,1.2492747,0.2582166,0.16900304,0.10987956,0.46290082
/media/storage2/Anuj/5th international anujj ones/medxpert/data/raw/COVID-19/covid_COVID-1367.png,2,COVID-19,3,1.2511349,0.26332876,0.16449109,0.11236293,0.4598172
/media/storage2/Anuj/5th international anujj ones/medxpert/data/raw/COVID-19/covid_COVID-1373.png,2,COVID-19,3,1.2513738,0.26373488,0.16627204,0.11108545,0.4589076
/media/storage2/Anuj/5th international anujj ones/medxpert/data/raw/COVID-19/covid_COVID-1374.png,2,COVID-19,3,1.2354426,0.2607316,0.1498799,0.11359658,0.47579184
/media/storage2/Anuj/5th international anujj ones/medxpert/data/raw/COVID-19/covid_COVID-1377.png,2,COVID-19,3,1.2500453,0.26449,0.16628392,0.10985137,0.4593747
/media/storage2/Anuj/5th international anujj ones/medxpert/data/raw/COVID-19/covid_COVID-1385.png,2,COVID-19,3,1.2513412,0.26655832,0.1631853,0.112204574,0.45805177
/media/storage2/Anuj/5th international anujj ones/medxpert/data/raw/COVID-19/covid_COVID-139.png,2,COVID-19,3,1.2560434,0.26172587,0.17337975,0.11020217,0.45469224
/media/storage2/Anuj/5th international anujj ones/medxpert/data/raw/COVID-19/covid_COVID-1401.png,2,COVID-19,3,1.2583237,0.2590534,0.18015727,0.108358786,0.45243055
/media/storage2/Anuj/5th international anujj ones/medxpert/data/raw/COVID-19/covid_COVID-1423.png,2,COVID-19,3,1.2572054,0.25653183,0.18121688,0.10789176,0.45435956
/media/storage2/Anuj/5th international anujj ones/medxpert/data/raw/COVID-19/covid_COVID-1434.png,2,COVID-19,3,1.242928,0.2665229,0.1528491,0.114125624,0.4665024
/media/storage2/Anuj/5th international anujj ones/medxpert/data/raw/COVID-19/covid_COVID-144.png,2,COVID-19,3,1.2398933,0.25909096,0.153617,0.114423305,0.47286877
/media/storage2/Anuj/5th international anujj ones/medxpert/data/raw/COVID-19/covid_COVID-1445.png,2,COVID-19,3,1.2649661,0.27444798,0.18693708,0.103347294,0.4352676
/media/storage2/Anuj/5th international anujj ones/medxpert/data/raw/COVID-19/covid_COVID-1446.png,2,COVID-19,3,1.2508113,0.25715417,0.17281157,0.10874796,0.46128634
/media/storage2/Anuj/5th international anujj ones/medxpert/data/raw/COVID-19/covid_COVID-1452.png,2,COVID-19,3,1.2601042,0.25416148,0.18568292,0.10804475,0.4521109
/media/storage2/Anuj/5th international anujj ones/medxpert/data/raw/COVID-19/covid_COVID-1455.png,2,COVID-19,3,1.2604277,0.25587344,0.1848986,0.10807544,0.45115256
/media/storage2/Anuj/5th international anujj ones/medxpert/data/raw/COVID-19/covid_COVID-1472.png,2,COVID-19,3,1.2645903,0.24347875,0.20069079,0.106731415,0.4490991
/media/storage2/Anuj/5th international anujj ones/medxpert/data/raw/COVID-19/covid_COVID-148.png,2,COVID-19,3,1.2565583,0.25764304,0.18115015,0.10704663,0.45416015
/media/storage2/Anuj/5th international anujj ones/medxpert/data/raw/COVID-19/covid_COVID-1492.png,2,COVID-19,3,1.2592759,0.2512021,0.18275812,0.1105322,0.4555076
/media/storage2/Anuj/5th international anujj ones/medxpert/data/raw/COVID-19/covid_COVID-1517.png,2,COVID-19,3,1.2455883,0.25681072,0.16692382,0.10936794,0.46689755
/media/storage2/Anuj/5th international anujj ones/medxpert/data/raw/COVID-19/covid_COVID-1519.png,2,COVID-19,3,1.2549309,0.2619273,0.17470224,0.10845243,0.45491806
/media/storage2/Anuj/5th international anujj ones/medxpert/data/raw/COVID-19/covid_COVID-1522.png,2,COVID-19,3,1.2569866,0.25378007,0.18681094,0.10534814,0.4540609
/media/storage2/Anuj/5th international anujj ones/medxpert/data/raw/COVID-19/covid_COVID-1523.png,2,COVID-19,3,1.19183,0.2867662,0.09272318,0.12887652,0.49163416
/media/storage2/Anuj/5th international anujj ones/medxpert/data/raw/COVID-19/covid_COVID-1524.png,2,COVID-19,3,1.2455354,0.26233962,0.15711148,0.11432823,0.46622068
/media/storage2/Anuj/5th international anujj ones/medxpert/data/raw/COVID-19/covid_COVID-1528.png,2,COVID-19,3,1.2452246,0.25800705,0.15783566,0.115354314,0.46880296
/media/storage2/Anuj/5th international anujj ones/medxpert/data/raw/COVID-19/covid_COVID-1531.png,2,COVID-19,3,1.2610382,0.25756696,0.18504082,0.10774783,0.44964445
/media/storage2/Anuj/5th international anujj ones/medxpert/data/raw/COVID-19/covid_COVID-1542.png,2,COVID-19,3,1.2606995,0.26905453,0.17582941,0.10911153,0.4460045
/media/storage2/Anuj/5th international anujj ones/medxpert/data/raw/COVID-19/covid_COVID-1547.png,2,COVID-19,3,1.2502471,0.26187888,0.16881388,0.10922713,0.46008015
/media/storage2/Anuj/5th international anujj ones/medxpert/data/raw/COVID-19/covid_COVID-1549.png,2,COVID-19,3,1.2440662,0.26016665,0.16392079,0.10909919,0.46681336
/media/storage2/Anuj/5th international anujj ones/medxpert/data/raw/COVID-19/covid_COVID-155.png,2,COVID-19,3,1.2219163,0.26305446,0.13003199,0.120375276,0.48653835
/media/storage2/Anuj/5th international anujj ones/medxpert/data/raw/COVID-19/covid_COVID-1557.png,2,COVID-19,3,1.2287627,0.2543141,0.14147699,0.118776955,0.48543197
/media/storage2/Anuj/5th international anujj ones/medxpert/data/raw/COVID-19/covid_COVID-1566.png,2,COVID-19,3,1.2025919,0.27117616,0.10191495,0.13243374,0.49447522
/media/storage2/Anuj/5th international anujj ones/medxpert/data/raw/COVID-19/covid_COVID-1571.png,2,COVID-19,3,1.2650163,0.24336287,0.2136056,0.100290604,0.44274092
/media/storage2/Anuj/5th international anujj ones/medxpert/data/raw/COVID-19/covid_COVID-1579.png,2,COVID-19,3,1.2779207,0.23196967,0.24304427,0.1008817,0.42410436
/media/storage2/Anuj/5th international anujj ones/medxpert/data/raw/COVID-19/covid_COVID-1594.png,2,COVID-19,3,1.2714466,0.2465692,0.23357126,0.09450028,0.42535928
/media/storage2/Anuj/5th international anujj ones/medxpert/data/raw/COVID-19/covid_COVID-1595.png,2,COVID-19,0,1.2700262,0.37494797,0.35980624,0.11882711,0.14641872
/media/storage2/Anuj/5th international anujj ones/medxpert/data/raw/COVID-19/covid_COVID-1600.png,2,COVID-19,3,1.2540867,0.25832993,0.1756364,0.10864911,0.45738453
/media/storage2/Anuj/5th international anujj ones/medxpert/data/raw/COVID-19/covid_COVID-1621.png,2,COVID-19,3,1.2607118,0.26372236,0.18527214,0.10506049,0.445945
/media/storage2/Anuj/5th international anujj ones/medxpert/data/raw/COVID-19/covid_COVID-1622.png,2,COVID-19,3,1.2352649,0.26185086,0.15186203,0.111429945,0.4748572
/media/storage2/Anuj/5th international anujj ones/medxpert/data/raw/COVID-19/covid_COVID-1627.png,2,COVID-19,3,1.2717263,0.26700976,0.20105071,0.10260093,0.4293386
/media/storage2/Anuj/5th international anujj ones/medxpert/data/raw/COVID-19/covid_COVID-1638.png,2,COVID-19,3,1.232878,0.2533959,0.14827754,0.11630843,0.48201814
/media/storage2/Anuj/5th international anujj ones/medxpert/data/raw/COVID-19/covid_COVID-1641.png,2,COVID-19,3,1.2646537,0.24943839,0.1989283,0.10529278,0.44634053
/media/storage2/Anuj/5th international anujj ones/medxpert/data/raw/COVID-19/covid_COVID-1656.png,2,COVID-19,3,1.2482401,0.26331547,0.16588259,0.10933423,0.46146777
/media/storage2/Anuj/5th international anujj ones/medxpert/data/raw/COVID-19/covid_COVID-1674.png,2,COVID-19,3,1.244839,0.2739799,0.14814442,0.1164073,0.46146843
/media/storage2/Anuj/5th international anujj ones/medxpert/data/raw/COVID-19/covid_COVID-1682.png,2,COVID-19,3,1.2478114,0.2599135,0.16309218,0.11241348,0.46458083
/media/storage2/Anuj/5th international anujj ones/medxpert/data/raw/COVID-19/covid_COVID-170.png,2,COVID-19,3,1.2583553,0.2578286,0.18356481,0.10669691,0.4519097
/media/storage2/Anuj/5th international anujj ones/medxpert/data/raw/COVID-19/covid_COVID-1714.png,2,COVID-19,3,1.248481,0.24433734,0.17532583,0.11091161,0.46942523
/media/storage2/Anuj/5th international anujj ones/medxpert/data/raw/COVID-19/covid_COVID-1715.png,2,COVID-19,3,1.2489448,0.2620787,0.16314314,0.112298146,0.46247998
/media/storage2/Anuj/5th international anujj ones/medxpert/data/raw/COVID-19/covid_COVID-1732.png,2,COVID-19,3,1.2081339,0.27041405,0.119517565,0.11763458,0.49243376
/media/storage2/Anuj/5th international anujj ones/medxpert/data/raw/COVID-19/covid_COVID-1761.png,2,COVID-19,3,1.2370597,0.25983384,0.14930494,0.11558034,0.47528085
/media/storage2/Anuj/5th international anujj ones/medxpert/data/raw/COVID-19/covid_COVID-1768.png,2,COVID-19,3,1.2491786,0.25900638,0.1650107,0.112342685,0.46364027
/media/storage2/Anuj/5th international anujj ones/medxpert/data/raw/COVID-19/covid_COVID-1770.png,2,COVID-19,3,1.2523123,0.27415535,0.16587,0.10817558,0.4517991
/media/storage2/Anuj/5th international anujj ones/medxpert/data/raw/COVID-19/covid_COVID-1774.png,2,COVID-19,3,1.2363789,0.26265946,0.1483314,0.11470556,0.47430363
/media/storage2/Anuj/5th international anujj ones/medxpert/data/raw/COVID-19/covid_COVID-1791.png,2,COVID-19,3,1.2724502,0.2586217,0.21351755,0.09967039,0.42819035
/media/storage2/Anuj/5th international anujj ones/medxpert/data/raw/COVID-19/covid_COVID-1793.png,2,COVID-19,3,1.2574742,0.25573826,0.19058914,0.10266708,0.45100552
/media/storage2/Anuj/5th international anujj ones/medxpert/data/raw/COVID-19/covid_COVID-1799.png,2,COVID-19,3,1.2635405,0.29648432,0.10791476,0.16786295,0.42773792
/media/storage2/Anuj/5th international anujj ones/medxpert/data/raw/COVID-19/covid_COVID-180.png,2,COVID-19,3,1.2495601,0.2621743,0.16745079,0.1095887,0.4607862
/media/storage2/Anuj/5th international anujj ones/medxpert/data/raw/COVID-19/covid_COVID-1803.png,2,COVID-19,3,1.2598364,0.27448133,0.18173301,0.10290459,0.4408811
/media/storage2/Anuj/5th international anujj ones/medxpert/data/raw/COVID-19/covid_COVID-1805.png,2,COVID-19,3,1.2702289,0.26408085,0.20138068,0.10236992,0.4321685
/media/storage2/Anuj/5th international anujj ones/medxpert/data/raw/COVID-19/covid_COVID-1812.png,2,COVID-19,1,1.3269613,0.24601485,0.34858173,0.122716054,0.28268737
/media/storage2/Anuj/5th international anujj ones/medxpert/data/raw/COVID-19/covid_COVID-1819.png,2,COVID-19,1,1.3151126,0.2495664,0.32314333,0.10688021,0.32041007
/media/storage2/Anuj/5th international anujj ones/medxpert/data/raw/COVID-19/covid_COVID-1829.png,2,COVID-19,3,1.2595944,0.24506947,0.19894415,0.1036054,0.452381
/media/storage2/Anuj/5th international anujj ones/medxpert/data/raw/COVID-19/covid_COVID-1831.png,2,COVID-19,3,1.2140263,0.26286104,0.12641144,0.11830657,0.49242097
/media/storage2/Anuj/5th international anujj ones/medxpert/data/raw/COVID-19/covid_COVID-1842.png,2,COVID-19,3,1.2296048,0.25833166,0.14231843,0.11683499,0.48251495
/media/storage2/Anuj/5th international anujj ones/medxpert/data/raw/COVID-19/covid_COVID-1847.png,2,COVID-19,3,1.2016515,0.26310822,0.11051082,0.12561916,0.5007618
/media/storage2/Anuj/5th international anujj ones/medxpert/data/raw/COVID-19/covid_COVID-1848.png,2,COVID-19,3,1.249245,0.24193259,0.18231787,0.10789083,0.46785864
/media/storage2/Anuj/5th international anujj ones/medxpert/data/raw/COVID-19/covid_COVID-1855.png,2,COVID-19,3,1.2497038,0.25807914,0.16839476,0.11066247,0.46286356
/media/storage2/Anuj/5th international anujj ones/medxpert/data/raw/COVID-19/covid_COVID-1859.png,2,COVID-19,3,1.3077072,0.28710976,0.25985244,0.1011188,0.35191903
/media/storage2/Anuj/5th international anujj ones/medxpert/data/raw/COVID-19/covid_COVID-187.png,2,COVID-19,3,1.2164513,0.2738775,0.113412075,0.12854975,0.4841607
/media/storage2/Anuj/5th international anujj ones/medxpert/data/raw/COVID-19/covid_COVID-1871.png,2,COVID-19,3,1.2473583,0.25551623,0.17148544,0.10794161,0.46505675
/media/storage2/Anuj/5th international anujj ones/medxpert/data/raw/COVID-19/covid_COVID-1878.png,2,COVID-19,3,1.2584722,0.26195297,0.18607195,0.1036841,0.44829097
/media/storage2/Anuj/5th international anujj ones/medxpert/data/raw/COVID-19/covid_COVID-1888.png,2,COVID-19,3,1.2736064,0.23893747,0.22761212,0.10140583,0.4320446
/media/storage2/Anuj/5th international anujj ones/medxpert/data/raw/COVID-19/covid_COVID-189.png,2,COVID-19,3,1.2510574,0.2601114,0.16628633,0.11229371,0.46130848
/media/storage2/Anuj/5th international anujj ones/medxpert/data/raw/COVID-19/covid_COVID-1891.png,2,COVID-19,1,1.3261644,0.2203069,0.34738728,0.12849669,0.30380917
/media/storage2/Anuj/5th international anujj ones/medxpert/data/raw/COVID-19/covid_COVID-1894.png,2,COVID-19,3,1.2520455,0.26094162,0.16703482,0.11211963,0.45990387
/media/storage2/Anuj/5th international anujj ones/medxpert/data/raw/COVID-19/covid_COVID-1901.png,2,COVID-19,3,1.2574897,0.25397703,0.19086964,0.10319524,0.4519581
/media/storage2/Anuj/5th international anujj ones/medxpert/data/raw/COVID-19/covid_COVID-1902.png,2,COVID-19,3,1.2619972,0.24680723,0.20678747,0.100314826,0.44609055
/media/storage2/Anuj/5th international anujj ones/medxpert/data/raw/COVID-19/covid_COVID-1909.png,2,COVID-19,3,1.259237,0.26312208,0.18149883,0.10659223,0.4487868
/media/storage2/Anuj/5th international anujj ones/medxpert/data/raw/COVID-19/covid_COVID-1913.png,2,COVID-19,3,1.2625178,0.29096773,0.16119054,0.11344591,0.43439582
/media/storage2/Anuj/5th international anujj ones/medxpert/data/raw/COVID-19/covid_COVID-1914.png,2,COVID-19,3,1.306908,0.25027096,0.27750188,0.10497226,0.36725494
/media/storage2/Anuj/5th international anujj ones/medxpert/data/raw/COVID-19/covid_COVID-192.png,2,COVID-19,3,1.255591,0.25555414,0.18018396,0.10782473,0.45643714
/media/storage2/Anuj/5th international anujj ones/medxpert/data/raw/COVID-19/covid_COVID-1925.png,2,COVID-19,3,1.2600863,0.25726736,0.18794586,0.10542669,0.44936013
/media/storage2/Anuj/5th international anujj ones/medxpert/data/raw/COVID-19/covid_COVID-1926.png,2,COVID-19,3,1.2636995,0.24168059,0.20355484,0.105297804,0.4494668
/media/storage2/Anuj/5th international anujj ones/medxpert/data/raw/COVID-19/covid_COVID-1930.png,2,COVID-19,3,1.2641909,0.2486033,0.20308936,0.10302929,0.445278
/media/storage2/Anuj/5th international anujj ones/medxpert/data/raw/COVID-19/covid_COVID-1933.png,2,COVID-19,3,1.2874187,0.22191635,0.26815143,0.103287086,0.40664515
/media/storage2/Anuj/5th international anujj ones/medxpert/data/raw/COVID-19/covid_COVID-1935.png,2,COVID-19,3,1.2491553,0.26497382,0.16018648,0.1134974,0.46134228
/media/storage2/Anuj/5th international anujj ones/medxpert/data/raw/COVID-19/covid_COVID-194.png,2,COVID-19,3,1.2616241,0.25965348,0.17992157,0.11060794,0.44981706
/media/storage2/Anuj/5th international anujj ones/medxpert/data/raw/COVID-19/covid_COVID-1949.png,2,COVID-19,3,1.2498956,0.24549268,0.18304595,0.10629819,0.46516314
/media/storage2/Anuj/5th international anujj ones/medxpert/data/raw/COVID-19/covid_COVID-1950.png,2,COVID-19,3,1.2718327,0.24490474,0.20494665,0.10887517,0.44127342
/media/storage2/Anuj/5th international anujj ones/medxpert/data/raw/COVID-19/covid_COVID-1951.png,2,COVID-19,3,1.2578267,0.2567002,0.18403862,0.10647664,0.45278454
/media/storage2/Anuj/5th international anujj ones/medxpert/data/raw/COVID-19/covid_COVID-1959.png,2,COVID-19,3,1.2700422,0.26239565,0.21210833,0.097425245,0.42807075
/media/storage2/Anuj/5th international anujj ones/medxpert/data/raw/COVID-19/covid_COVID-1972.png,2,COVID-19,3,1.2781209,0.28188017,0.2107199,0.09785472,0.4095452
/media/storage2/Anuj/5th international anujj ones/medxpert/data/raw/COVID-19/covid_COVID-1979.png,2,COVID-19,3,1.2537484,0.27138066,0.16758575,0.10896526,0.45206827
/media/storage2/Anuj/5th international anujj ones/medxpert/data/raw/COVID-19/covid_COVID-1983.png,2,COVID-19,3,1.2516979,0.24413875,0.18880397,0.10454553,0.46251175
/media/storage2/Anuj/5th international anujj ones/medxpert/data/raw/COVID-19/covid_COVID-1985.png,2,COVID-19,3,1.3006034,0.27359053,0.28456858,0.093067065,0.3487738
/media/storage2/Anuj/5th international anujj ones/medxpert/data/raw/COVID-19/covid_COVID-1994.png,2,COVID-19,3,1.2675312,0.24445687,0.2033362,0.106903166,0.44530374
/media/storage2/Anuj/5th international anujj ones/medxpert/data/raw/COVID-19/covid_COVID-1996.png,2,COVID-19,3,1.2549834,0.2601417,0.17822626,0.10686154,0.45477042
/media/storage2/Anuj/5th international anujj ones/medxpert/data/raw/COVID-19/covid_COVID-2.png,2,COVID-19,3,1.2447207,0.2637575,0.15689257,0.11334393,0.46600592
/media/storage2/Anuj/5th international anujj ones/medxpert/data/raw/COVID-19/covid_COVID-200.png,2,COVID-19,3,1.2609825,0.26141384,0.18088979,0.10884553,0.44885078
/media/storage2/Anuj/5th international anujj ones/medxpert/data/raw/COVID-19/covid_COVID-2006.png,2,COVID-19,3,1.2662427,0.26404247,0.19447961,0.10338889,0.43808895
/media/storage2/Anuj/5th international anujj ones/medxpert/data/raw/COVID-19/covid_COVID-2008.png,2,COVID-19,3,1.274225,0.2571198,0.23405132,0.09255822,0.41627064
/media/storage2/Anuj/5th international anujj ones/medxpert/data/raw/COVID-19/covid_COVID-2022.png,2,COVID-19,3,1.2677608,0.26528016,0.19875677,0.101656444,0.43430662
/media/storage2/Anuj/5th international anujj ones/medxpert/data/raw/COVID-19/covid_COVID-2032.png,2,COVID-19,3,1.2605978,0.2583426,0.18845713,0.10506207,0.44813818
/media/storage2/Anuj/5th international anujj ones/medxpert/data/raw/COVID-19/covid_COVID-2033.png,2,COVID-19,3,1.2627226,0.24364029,0.20416267,0.10347254,0.44872448
/media/storage2/Anuj/5th international anujj ones/medxpert/data/raw/COVID-19/covid_COVID-2034.png,2,COVID-19,3,1.2764323,0.2632134,0.21085669,0.10216017,0.4237697
/media/storage2/Anuj/5th international anujj ones/medxpert/data/raw/COVID-19/covid_COVID-2036.png,2,COVID-19,3,1.266452,0.25000408,0.2018571,0.10469425,0.44344455
/media/storage2/Anuj/5th international anujj ones/medxpert/data/raw/COVID-19/covid_COVID-2049.png,2,COVID-19,1,1.1255813,0.013057886,0.42012075,0.33671135,0.23010999
/media/storage2/Anuj/5th international anujj ones/medxpert/data/raw/COVID-19/covid_COVID-2073.png,2,COVID-19,3,1.2513924,0.26237655,0.17016208,0.10889463,0.45856673
/media/storage2/Anuj/5th international anujj ones/medxpert/data/raw/COVID-19/covid_COVID-2078.png,2,COVID-19,3,1.256707,0.24922068,0.18792236,0.10633488,0.45652205
/media/storage2/Anuj/5th international anujj ones/medxpert/data/raw/COVID-19/covid_COVID-2079.png,2,COVID-19,3,1.2795913,0.27512702,0.21327299,0.09954212,0.41205785
/media/storage2/Anuj/5th international anujj ones/medxpert/data/raw/COVID-19/covid_COVID-2084.png,2,COVID-19,3,1.2587336,0.2595926,0.1771743,0.11038822,0.45284486
/media/storage2/Anuj/5th international anujj ones/medxpert/data/raw/COVID-19/covid_COVID-2102.png,2,COVID-19,3,1.2542188,0.25354302,0.17748433,0.10945635,0.45951632
/media/storage2/Anuj/5th international anujj ones/medxpert/data/raw/COVID-19/covid_COVID-2103.png,2,COVID-19,3,1.3173444,0.15957695,0.3249255,0.15793797,0.35755962
/media/storage2/Anuj/5th international anujj ones/medxpert/data/raw/COVID-19/covid_COVID-2104.png,2,COVID-19,3,1.2601835,0.26305655,0.18922202,0.10258733,0.44513413
/media/storage2/Anuj/5th international anujj ones/medxpert/data/raw/COVID-19/covid_COVID-2117.png,2,COVID-19,3,1.249993,0.25643933,0.16711454,0.112456724,0.46398935
/media/storage2/Anuj/5th international anujj ones/medxpert/data/raw/COVID-19/covid_COVID-2119.png,2,COVID-19,3,1.2742823,0.23455742,0.23468517,0.10064255,0.43011484
/media/storage2/Anuj/5th international anujj ones/medxpert/data/raw/COVID-19/covid_COVID-2120.png,2,COVID-19,3,1.2546852,0.25968364,0.17479223,0.109094724,0.45642948
/media/storage2/Anuj/5th international anujj ones/medxpert/data/raw/COVID-19/covid_COVID-2125.png,2,COVID-19,3,1.1829618,0.26423863,0.09349177,0.13134335,0.51092625
/media/storage2/Anuj/5th international anujj ones/medxpert/data/raw/COVID-19/covid_COVID-2126.png,2,COVID-19,3,1.2520901,0.25246844,0.178803,0.10756217,0.4611664
/media/storage2/Anuj/5th international anujj ones/medxpert/data/raw/COVID-19/covid_COVID-2127.png,2,COVID-19,3,1.2779275,0.2734135,0.21135572,0.0997669,0.41546395
/media/storage2/Anuj/5th international anujj ones/medxpert/data/raw/COVID-19/covid_COVID-2128.png,2,COVID-19,3,1.2625309,0.24416423,0.19864659,0.10616392,0.45102522
/media/storage2/Anuj/5th international anujj ones/medxpert/data/raw/COVID-19/covid_COVID-2134.png,2,COVID-19,3,1.2648032,0.25298828,0.20134789,0.10267138,0.44299245
/media/storage2/Anuj/5th international anujj ones/medxpert/data/raw/COVID-19/covid_COVID-2140.png,2,COVID-19,3,1.2580643,0.26256916,0.18122786,0.10615481,0.4500482
/media/storage2/Anuj/5th international anujj ones/medxpert/data/raw/COVID-19/covid_COVID-2141.png,2,COVID-19,3,1.2799491,0.2333567,0.24258594,0.10189899,0.4221583
/media/storage2/Anuj/5th international anujj ones/medxpert/data/raw/COVID-19/covid_COVID-2151.png,2,COVID-19,3,1.2524595,0.26141858,0.16788435,0.11161495,0.4590821
/media/storage2/Anuj/5th international anujj ones/medxpert/data/raw/COVID-19/covid_COVID-2158.png,2,COVID-19,3,1.2708324,0.28608346,0.18503636,0.10510496,0.4237753
/media/storage2/Anuj/5th international anujj ones/medxpert/data/raw/COVID-19/covid_COVID-2159.png,2,COVID-19,3,1.2399906,0.2791702,0.1441741,0.114286914,0.4623688
/media/storage2/Anuj/5th international anujj ones/medxpert/data/raw/COVID-19/covid_COVID-2163.png,2,COVID-19,3,1.2470455,0.24995899,0.17953444,0.104710996,0.4657956
/media/storage2/Anuj/5th international anujj ones/medxpert/data/raw/COVID-19/covid_COVID-2172.png,2,COVID-19,3,1.2601913,0.25648847,0.19123788,0.103848875,0.4484248
/media/storage2/Anuj/5th international anujj ones/medxpert/data/raw/COVID-19/covid_COVID-2178.png,2,COVID-19,3,1.2547007,0.2577259,0.17676285,0.10856939,0.45694184
/media/storage2/Anuj/5th international anujj ones/medxpert/data/raw/COVID-19/covid_COVID-2181.png,2,COVID-19,3,1.2636709,0.24318014,0.19914654,0.10709091,0.4505824
/media/storage2/Anuj/5th international anujj ones/medxpert/data/raw/COVID-19/covid_COVID-2191.png,2,COVID-19,3,1.2710989,0.25573295,0.20857252,0.10219808,0.4334965
/media/storage2/Anuj/5th international anujj ones/medxpert/data/raw/COVID-19/covid_COVID-2192.png,2,COVID-19,3,1.2538558,0.2591941,0.1728908,0.109995194,0.45791996
/media/storage2/Anuj/5th international anujj ones/medxpert/data/raw/COVID-19/covid_COVID-2207.png,2,COVID-19,3,1.2756126,0.2733566,0.19145745,0.10863759,0.42654833
/media/storage2/Anuj/5th international anujj ones/medxpert/data/raw/COVID-19/covid_COVID-2209.png,2,COVID-19,3,1.2335645,0.2585644,0.14978756,0.11328141,0.47836664
/media/storage2/Anuj/5th international anujj ones/medxpert/data/raw/COVID-19/covid_COVID-2220.png,2,COVID-19,3,1.2393199,0.2597049,0.15183868,0.115177624,0.47327882
/media/storage2/Anuj/5th international anujj ones/medxpert/data/raw/COVID-19/covid_COVID-223.png,2,COVID-19,3,1.2570492,0.26429847,0.18025555,0.10542678,0.45001924
/media/storage2/Anuj/5th international anujj ones/medxpert/data/raw/COVID-19/covid_COVID-2238.png,2,COVID-19,3,1.2596545,0.24464779,0.19579226,0.105610475,0.45394948
/media/storage2/Anuj/5th international anujj ones/medxpert/data/raw/COVID-19/covid_COVID-2244.png,2,COVID-19,3,1.2510852,0.2520489,0.17726596,0.10805304,0.462632
/media/storage2/Anuj/5th international anujj ones/medxpert/data/raw/COVID-19/covid_COVID-2248.png,2,COVID-19,3,1.2596672,0.26661485,0.1791208,0.10712167,0.4471427
/media/storage2/Anuj/5th international anujj ones/medxpert/data/raw/COVID-19/covid_COVID-2250.png,2,COVID-19,3,1.2885718,0.22308943,0.26550415,0.10443086,0.40697557
/media/storage2/Anuj/5th international anujj ones/medxpert/data/raw/COVID-19/covid_COVID-2281.png,2,COVID-19,3,1.2575226,0.2609586,0.19224726,0.09981341,0.4469807
/media/storage2/Anuj/5th international anujj ones/medxpert/data/raw/COVID-19/covid_COVID-229.png,2,COVID-19,3,1.2370987,0.26049972,0.15297598,0.1123821,0.4741422
/media/storage2/Anuj/5th international anujj ones/medxpert/data/raw/COVID-19/covid_COVID-2294.png,2,COVID-19,3,1.2607217,0.24974118,0.19680421,0.103662916,0.4497917
/media/storage2/Anuj/5th international anujj ones/medxpert/data/raw/COVID-19/covid_COVID-2302.png,2,COVID-19,3,1.2532042,0.25761312,0.17858364,0.10639184,0.4574114
/media/storage2/Anuj/5th international anujj ones/medxpert/data/raw/COVID-19/covid_COVID-2313.png,2,COVID-19,3,1.259624,0.24891314,0.19543359,0.10402607,0.45162717
/media/storage2/Anuj/5th international anujj ones/medxpert/data/raw/COVID-19/covid_COVID-2320.png,2,COVID-19,3,1.2550925,0.2610425,0.17728892,0.10719889,0.45446965
/media/storage2/Anuj/5th international anujj ones/medxpert/data/raw/COVID-19/covid_COVID-2326.png,2,COVID-19,3,1.2777566,0.23078002,0.25122893,0.098231174,0.41975987
/media/storage2/Anuj/5th international anujj ones/medxpert/data/raw/COVID-19/covid_COVID-2346.png,2,COVID-19,3,1.2539129,0.26873595,0.16722418,0.110298835,0.45374098
/media/storage2/Anuj/5th international anujj ones/medxpert/data/raw/COVID-19/covid_COVID-2348.png,2,COVID-19,3,1.2384622,0.2647022,0.14345036,0.119453505,0.472394
/media/storage2/Anuj/5th international anujj ones/medxpert/data/raw/COVID-19/covid_COVID-2357.png,2,COVID-19,3,1.2599922,0.25820926,0.17984606,0.11006686,0.45187786
/media/storage2/Anuj/5th international anujj ones/medxpert/data/raw/COVID-19/covid_COVID-2361.png,2,COVID-19,3,1.255176,0.2618176,0.16558632,0.11506218,0.45753393
/media/storage2/Anuj/5th international anujj ones/medxpert/data/raw/COVID-19/covid_COVID-2372.png,2,COVID-19,3,1.2625198,0.24761593,0.20531729,0.10110825,0.4459586
/media/storage2/Anuj/5th international anujj ones/medxpert/data/raw/COVID-19/covid_COVID-2376.png,2,COVID-19,3,1.3008623,0.2686159,0.2551338,0.10092948,0.3753208
/media/storage2/Anuj/5th international anujj ones/medxpert/data/raw/COVID-19/covid_COVID-239.png,2,COVID-19,3,1.2527187,0.26041833,0.17271326,0.108837046,0.45803136
/media/storage2/Anuj/5th international anujj ones/medxpert/data/raw/COVID-19/covid_COVID-2391.png,2,COVID-19,3,1.2843809,0.22600016,0.26750135,0.099541195,0.40695733
/media/storage2/Anuj/5th international anujj ones/medxpert/data/raw/COVID-19/covid_COVID-2394.png,2,COVID-19,3,1.2490833,0.2730636,0.15014488,0.118213005,0.45857853
/media/storage2/Anuj/5th international anujj ones/medxpert/data/raw/COVID-19/covid_COVID-240.png,2,COVID-19,3,1.2693834,0.23814271,0.20084356,0.112399064,0.44861472
/media/storage2/Anuj/5th international anujj ones/medxpert/data/raw/COVID-19/covid_COVID-2400.png,2,COVID-19,3,1.2409515,0.25916958,0.15797383,0.1117509,0.47110564
/media/storage2/Anuj/5th international anujj ones/medxpert/data/raw/COVID-19/covid_COVID-2409.png,2,COVID-19,3,1.2629781,0.24430841,0.20161797,0.10475162,0.44932204
/media/storage2/Anuj/5th international anujj ones/medxpert/data/raw/COVID-19/covid_COVID-2419.png,2,COVID-19,3,1.2478089,0.25895777,0.16726716,0.109783456,0.46399158
/media/storage2/Anuj/5th international anujj ones/medxpert/data/raw/COVID-19/covid_COVID-2435.png,2,COVID-19,3,1.2595648,0.24311566,0.19734307,0.10531192,0.45422935
/media/storage2/Anuj/5th international anujj ones/medxpert/data/raw/COVID-19/covid_COVID-2437.png,2,COVID-19,3,1.2699773,0.23681912,0.22123544,0.102702916,0.4392425
/media/storage2/Anuj/5th international anujj ones/medxpert/data/raw/COVID-19/covid_COVID-244.png,2,COVID-19,3,1.2810845,0.2922873,0.19462293,0.10545908,0.4076307
/media/storage2/Anuj/5th international anujj ones/medxpert/data/raw/COVID-19/covid_COVID-2440.png,2,COVID-19,3,1.2475349,0.24647902,0.17604968,0.10881425,0.46865702
/media/storage2/Anuj/5th international anujj ones/medxpert/data/raw/COVID-19/covid_COVID-2452.png,2,COVID-19,3,1.2511322,0.24861239,0.18547504,0.104296826,0.4616158
/media/storage2/Anuj/5th international anujj ones/medxpert/data/raw/COVID-19/covid_COVID-2463.png,2,COVID-19,3,1.2659953,0.2709083,0.18882887,0.104111515,0.4361514
/media/storage2/Anuj/5th international anujj ones/medxpert/data/raw/COVID-19/covid_COVID-2466.png,2,COVID-19,3,1.250995,0.2491452,0.17372872,0.11161896,0.46550718
/media/storage2/Anuj/5th international anujj ones/medxpert/data/raw/COVID-19/covid_COVID-2467.png,2,COVID-19,3,1.2666532,0.26261437,0.19229011,0.105432436,0.43966308
/media/storage2/Anuj/5th international anujj ones/medxpert/data/raw/COVID-19/covid_COVID-2473.png,2,COVID-19,3,1.259556,0.2619985,0.17960273,0.10844642,0.4499524
/media/storage2/Anuj/5th international anujj ones/medxpert/data/raw/COVID-19/covid_COVID-2483.png,2,COVID-19,3,1.2619225,0.23451863,0.19334298,0.11323118,0.45890725
/media/storage2/Anuj/5th international anujj ones/medxpert/data/raw/COVID-19/covid_COVID-2493.png,2,COVID-19,3,1.2499346,0.26534873,0.16224161,0.1123696,0.46004003
/media/storage2/Anuj/5th international anujj ones/medxpert/data/raw/COVID-19/covid_COVID-2511.png,2,COVID-19,1,1.3117714,0.14336146,0.34665293,0.16720226,0.34278336
/media/storage2/Anuj/5th international anujj ones/medxpert/data/raw/COVID-19/covid_COVID-2519.png,2,COVID-19,3,1.2547373,0.27449572,0.1659751,0.10968989,0.44983932
/media/storage2/Anuj/5th international anujj ones/medxpert/data/raw/COVID-19/covid_COVID-2522.png,2,COVID-19,3,1.2485088,0.25401855,0.17259201,0.10859449,0.464795
/media/storage2/Anuj/5th international anujj ones/medxpert/data/raw/COVID-19/covid_COVID-2527.png,2,COVID-19,3,1.266014,0.2719655,0.18972817,0.103253976,0.43505234
/media/storage2/Anuj/5th international anujj ones/medxpert/data/raw/COVID-19/covid_COVID-2528.png,2,COVID-19,3,1.2720554,0.25953722,0.2143126,0.098709084,0.42744112
/media/storage2/Anuj/5th international anujj ones/medxpert/data/raw/COVID-19/covid_COVID-2532.png,2,COVID-19,3,1.2587047,0.25598642,0.1821265,0.108574204,0.45331287
/media/storage2/Anuj/5th international anujj ones/medxpert/data/raw/COVID-19/covid_COVID-2535.png,2,COVID-19,3,1.2504394,0.26043075,0.16584793,0.112044215,0.46167707
/media/storage2/Anuj/5th international anujj ones/medxpert/data/raw/COVID-19/covid_COVID-2541.png,2,COVID-19,3,1.2424123,0.25005287,0.17268,0.10606157,0.47120553
/media/storage2/Anuj/5th international anujj ones/medxpert/data/raw/COVID-19/covid_COVID-2549.png,2,COVID-19,3,1.2354448,0.25619507,0.15356022,0.11259964,0.47764513
/media/storage2/Anuj/5th international anujj ones/medxpert/data/raw/COVID-19/covid_COVID-255.png,2,COVID-19,3,1.2967244,0.21737851,0.28732163,0.107144244,0.38815558
/media/storage2/Anuj/5th international anujj ones/medxpert/data/raw/COVID-19/covid_COVID-2573.png,2,COVID-19,3,1.251817,0.26242918,0.17288087,0.10731898,0.45737103
/media/storage2/Anuj/5th international anujj ones/medxpert/data/raw/COVID-19/covid_COVID-2579.png,2,COVID-19,3,1.2840632,0.24151663,0.21010774,0.116535366,0.43184027
/media/storage2/Anuj/5th international anujj ones/medxpert/data/raw/COVID-19/covid_COVID-2586.png,2,COVID-19,3,1.259335,0.2628503,0.1735352,0.11200012,0.45161444
/media/storage2/Anuj/5th international anujj ones/medxpert/data/raw/COVID-19/covid_COVID-2600.png,2,COVID-19,3,1.270496,0.24284497,0.20899193,0.10662114,0.44154194
/media/storage2/Anuj/5th international anujj ones/medxpert/data/raw/COVID-19/covid_COVID-2601.png,2,COVID-19,3,1.2566476,0.24188559,0.18132584,0.113719076,0.46306953
/media/storage2/Anuj/5th international anujj ones/medxpert/data/raw/COVID-19/covid_COVID-2602.png,2,COVID-19,3,1.2819674,0.23707126,0.2524143,0.09822675,0.41228768
/media/storage2/Anuj/5th international anujj ones/medxpert/data/raw/COVID-19/covid_COVID-2609.png,2,COVID-19,3,1.2451073,0.25452885,0.16207415,0.113529526,0.46986747
/media/storage2/Anuj/5th international anujj ones/medxpert/data/raw/COVID-19/covid_COVID-2612.png,2,COVID-19,3,1.2684325,0.2516914,0.20557791,0.103414156,0.4393166
/media/storage2/Anuj/5th international anujj ones/medxpert/data/raw/COVID-19/covid_COVID-2615.png,2,COVID-19,3,1.2615536,0.26660582,0.18114425,0.10716106,0.4450889
/media/storage2/Anuj/5th international anujj ones/medxpert/data/raw/COVID-19/covid_COVID-2621.png,2,COVID-19,3,1.2554896,0.26048025,0.17229193,0.11104525,0.45618257
/media/storage2/Anuj/5th international anujj ones/medxpert/data/raw/COVID-19/covid_COVID-2639.png,2,COVID-19,3,1.2540841,0.23941518,0.17965765,0.114175364,0.46675175
/media/storage2/Anuj/5th international anujj ones/medxpert/data/raw/COVID-19/covid_COVID-2644.png,2,COVID-19,3,1.27762,0.27955502,0.20736091,0.099720955,0.41336307
/media/storage2/Anuj/5th international anujj ones/medxpert/data/raw/COVID-19/covid_COVID-2646.png,2,COVID-19,3,1.253071,0.27765647,0.15377545,0.1165118,0.45205626
/media/storage2/Anuj/5th international anujj ones/medxpert/data/raw/COVID-19/covid_COVID-2650.png,2,COVID-19,3,1.2569889,0.2498139,0.1888927,0.10569488,0.45559853
/media/storage2/Anuj/5th international anujj ones/medxpert/data/raw/COVID-19/covid_COVID-2655.png,2,COVID-19,3,1.258851,0.25458783,0.1846346,0.10765303,0.45312446
/media/storage2/Anuj/5th international anujj ones/medxpert/data/raw/COVID-19/covid_COVID-2658.png,2,COVID-19,3,1.2565792,0.249841,0.18844566,0.10567326,0.45604005
/media/storage2/Anuj/5th international anujj ones/medxpert/data/raw/COVID-19/covid_COVID-2659.png,2,COVID-19,3,1.2607461,0.27047202,0.16397074,0.116970636,0.44858664
/media/storage2/Anuj/5th international anujj ones/medxpert/data/raw/COVID-19/covid_COVID-267.png,2,COVID-19,3,1.2594266,0.26719493,0.17869388,0.10701767,0.44709352
/media/storage2/Anuj/5th international anujj ones/medxpert/data/raw/COVID-19/covid_COVID-2670.png,2,COVID-19,3,1.2477529,0.2514392,0.17754492,0.105853245,0.4651627
/media/storage2/Anuj/5th international anujj ones/medxpert/data/raw/COVID-19/covid_COVID-2701.png,2,COVID-19,3,1.2914665,0.22339645,0.26361924,0.1070451,0.40593922
/media/storage2/Anuj/5th international anujj ones/medxpert/data/raw/COVID-19/covid_COVID-273.png,2,COVID-19,3,1.2568748,0.25354755,0.1822788,0.10818612,0.45598757
/media/storage2/Anuj/5th international anujj ones/medxpert/data/raw/COVID-19/covid_COVID-2734.png,2,COVID-19,3,1.2483891,0.26082996,0.16248414,0.112897225,0.46378872
/media/storage2/Anuj/5th international anujj ones/medxpert/data/raw/COVID-19/covid_COVID-2750.png,2,COVID-19,3,1.25237,0.26582655,0.16043077,0.11528598,0.45845675
/media/storage2/Anuj/5th international anujj ones/medxpert/data/raw/COVID-19/covid_COVID-2760.png,2,COVID-19,3,1.2304957,0.26362997,0.13901244,0.11805256,0.479305
/media/storage2/Anuj/5th international anujj ones/medxpert/data/raw/COVID-19/covid_COVID-2761.png,2,COVID-19,3,1.262556,0.26033688,0.19118191,0.10406027,0.444421
/media/storage2/Anuj/5th international anujj ones/medxpert/data/raw/COVID-19/covid_COVID-2768.png,2,COVID-19,3,1.2600467,0.2531541,0.18859404,0.10662405,0.45162785
/media/storage2/Anuj/5th international anujj ones/medxpert/data/raw/COVID-19/covid_COVID-2783.png,2,COVID-19,3,1.2629788,0.28564802,0.15289806,0.1219522,0.43950164
/media/storage2/Anuj/5th international anujj ones/medxpert/data/raw/COVID-19/covid_COVID-2791.png,2,COVID-19,3,1.2802969,0.23212096,0.25854355,0.09696874,0.41236672
/media/storage2/Anuj/5th international anujj ones/medxpert/data/raw/COVID-19/covid_COVID-2793.png,2,COVID-19,3,1.2512212,0.25334257,0.17752759,0.10743809,0.46169177
/media/storage2/Anuj/5th international anujj ones/medxpert/data/raw/COVID-19/covid_COVID-2804.png,2,COVID-19,3,1.2406778,0.2496939,0.1625896,0.11217446,0.47554207
/media/storage2/Anuj/5th international anujj ones/medxpert/data/raw/COVID-19/covid_COVID-2805.png,2,COVID-19,3,1.2406778,0.2496939,0.1625896,0.11217446,0.47554207
/media/storage2/Anuj/5th international anujj ones/medxpert/data/raw/COVID-19/covid_COVID-2810.png,2,COVID-19,3,1.261337,0.23713905,0.18839468,0.11467543,0.45979083
/media/storage2/Anuj/5th international anujj ones/medxpert/data/raw/COVID-19/covid_COVID-2820.png,2,COVID-19,3,1.249222,0.2539346,0.17482926,0.107609466,0.46362668
/media/storage2/Anuj/5th international anujj ones/medxpert/data/raw/COVID-19/covid_COVID-2823.png,2,COVID-19,3,1.2636714,0.23690216,0.20401809,0.107117146,0.45196268
/media/storage2/Anuj/5th international anujj ones/medxpert/data/raw/COVID-19/covid_COVID-2839.png,2,COVID-19,3,1.267107,0.25842854,0.183008,0.11303445,0.44552898
/media/storage2/Anuj/5th international anujj ones/medxpert/data/raw/COVID-19/covid_COVID-2849.png,2,COVID-19,3,1.2573903,0.24681,0.17789108,0.11432727,0.4609716
/media/storage2/Anuj/5th international anujj ones/medxpert/data/raw/COVID-19/covid_COVID-2854.png,2,COVID-19,3,1.240747,0.2592986,0.15252492,0.1158111,0.4723654
/media/storage2/Anuj/5th international anujj ones/medxpert/data/raw/COVID-19/covid_COVID-2866.png,2,COVID-19,3,1.263247,0.25522944,0.19384448,0.10492251,0.44600356
/media/storage2/Anuj/5th international anujj ones/medxpert/data/raw/COVID-19/covid_COVID-2891.png,2,COVID-19,3,1.2677312,0.25697124,0.19911174,0.104403146,0.43951386
/media/storage2/Anuj/5th international anujj ones/medxpert/data/raw/COVID-19/covid_COVID-2895.png,2,COVID-19,3,1.2509617,0.254063,0.17784248,0.10675954,0.46133497
/media/storage2/Anuj/5th international anujj ones/medxpert/data/raw/COVID-19/covid_COVID-2901.png,2,COVID-19,3,1.2597312,0.24820481,0.19649772,0.10378226,0.45151517
/media/storage2/Anuj/5th international anujj ones/medxpert/data/raw/COVID-19/covid_COVID-2907.png,2,COVID-19,3,1.2477171,0.25205964,0.17318454,0.1084679,0.4662879
/media/storage2/Anuj/5th international anujj ones/medxpert/data/raw/COVID-19/covid_COVID-2909.png,2,COVID-19,3,1.2547255,0.24867947,0.18057999,0.10982614,0.4609144
/media/storage2/Anuj/5th international anujj ones/medxpert/data/raw/COVID-19/covid_COVID-2913.png,2,COVID-19,3,1.2609258,0.27359074,0.17589846,0.107640184,0.44287056
/media/storage2/Anuj/5th international anujj ones/medxpert/data/raw/COVID-19/covid_COVID-2914.png,2,COVID-19,3,1.2544568,0.24717033,0.1915329,0.10349967,0.45779708
/media/storage2/Anuj/5th international anujj ones/medxpert/data/raw/COVID-19/covid_COVID-293.png,2,COVID-19,3,1.2572236,0.26068765,0.17806803,0.108309865,0.4529345
/media/storage2/Anuj/5th international anujj ones/medxpert/data/raw/COVID-19/covid_COVID-2932.png,2,COVID-19,3,1.2571039,0.26180124,0.17481221,0.109952174,0.45343435
/media/storage2/Anuj/5th international anujj ones/medxpert/data/raw/COVID-19/covid_COVID-2937.png,2,COVID-19,3,1.247752,0.25666282,0.16817187,0.110042095,0.46512318
/media/storage2/Anuj/5th international anujj ones/medxpert/data/raw/COVID-19/covid_COVID-2938.png,2,COVID-19,3,1.2580769,0.26333445,0.17823227,0.10779138,0.45064184
/media/storage2/Anuj/5th international anujj ones/medxpert/data/raw/COVID-19/covid_COVID-2963.png,2,COVID-19,3,1.2905364,0.22798987,0.25441056,0.10744582,0.41015378
/media/storage2/Anuj/5th international anujj ones/medxpert/data/raw/COVID-19/covid_COVID-2967.png,2,COVID-19,3,1.2531593,0.26165038,0.1729539,0.10849969,0.45689595
/media/storage2/Anuj/5th international anujj ones/medxpert/data/raw/COVID-19/covid_COVID-2977.png,2,COVID-19,3,1.2062558,0.2620993,0.11626031,0.123263836,0.49837658
/media/storage2/Anuj/5th international anujj ones/medxpert/data/raw/COVID-19/covid_COVID-2980.png,2,COVID-19,3,1.2612689,0.25936252,0.18944909,0.10455069,0.44663775
/media/storage2/Anuj/5th international anujj ones/medxpert/data/raw/COVID-19/covid_COVID-299.png,2,COVID-19,3,1.2577016,0.2595253,0.17974804,0.10800417,0.45272243
/media/storage2/Anuj/5th international anujj ones/medxpert/data/raw/COVID-19/covid_COVID-2995.png,2,COVID-19,3,1.2366433,0.25631872,0.15042491,0.11589331,0.47736302
/media/storage2/Anuj/5th international anujj ones/medxpert/data/raw/COVID-19/covid_COVID-3012.png,2,COVID-19,3,1.2483982,0.2563139,0.17299464,0.10730431,0.4633871
/media/storage2/Anuj/5th international anujj ones/medxpert/data/raw/COVID-19/covid_COVID-3014.png,2,COVID-19,3,1.2199239,0.26224792,0.12759851,0.12162778,0.48852578
/media/storage2/Anuj/5th international anujj ones/medxpert/data/raw/COVID-19/covid_COVID-3029.png,2,COVID-19,3,1.3205447,0.17825817,0.19830984,0.20908816,0.41434383
/media/storage2/Anuj/5th international anujj ones/medxpert/data/raw/COVID-19/covid_COVID-3038.png,2,COVID-19,3,1.2899357,0.27292523,0.21505618,0.10686058,0.405158
/media/storage2/Anuj/5th international anujj ones/medxpert/data/raw/COVID-19/covid_COVID-3039.png,2,COVID-19,3,1.2132244,0.2857962,0.107907005,0.1273416,0.47895524
/media/storage2/Anuj/5th international anujj ones/medxpert/data/raw/COVID-19/covid_COVID-3042.png,2,COVID-19,3,1.2655538,0.2577333,0.19648874,0.104065835,0.44171223
/media/storage2/Anuj/5th international anujj ones/medxpert/data/raw/COVID-19/covid_COVID-3051.png,2,COVID-19,3,1.2406572,0.2494034,0.16384335,0.111363634,0.47538954
/media/storage2/Anuj/5th international anujj ones/medxpert/data/raw/COVID-19/covid_COVID-3053.png,2,COVID-19,3,1.2327242,0.25158873,0.1472441,0.11789017,0.483277
/media/storage2/Anuj/5th international anujj ones/medxpert/data/raw/COVID-19/covid_COVID-3058.png,2,COVID-19,3,1.2678765,0.246518,0.2037231,0.106076926,0.44368196
/media/storage2/Anuj/5th international anujj ones/medxpert/data/raw/COVID-19/covid_COVID-3062.png,2,COVID-19,3,1.2741122,0.23431519,0.2357676,0.100177705,0.42973942
/media/storage2/Anuj/5th international anujj ones/medxpert/data/raw/COVID-19/covid_COVID-3064.png,2,COVID-19,3,1.2657418,0.24126294,0.22073512,0.09823243,0.43976948
/media/storage2/Anuj/5th international anujj ones/medxpert/data/raw/COVID-19/covid_COVID-3067.png,2,COVID-19,3,1.2812834,0.2940472,0.18027973,0.1136686,0.41200444
/media/storage2/Anuj/5th international anujj ones/medxpert/data/raw/COVID-19/covid_COVID-3083.png,2,COVID-19,3,1.2463562,0.2473851,0.16500136,0.11540323,0.4722103
/media/storage2/Anuj/5th international anujj ones/medxpert/data/raw/COVID-19/covid_COVID-3087.png,2,COVID-19,3,1.2423519,0.2569165,0.16508766,0.108411014,0.46958488
/media/storage2/Anuj/5th international anujj ones/medxpert/data/raw/COVID-19/covid_COVID-3088.png,2,COVID-19,3,1.2116368,0.25933084,0.12546688,0.11911622,0.49608606
/media/storage2/Anuj/5th international anujj ones/medxpert/data/raw/COVID-19/covid_COVID-3091.png,2,COVID-19,3,1.2346534,0.2617764,0.14336787,0.11802053,0.47683522
/media/storage2/Anuj/5th international anujj ones/medxpert/data/raw/COVID-19/covid_COVID-3101.png,2,COVID-19,3,1.2434325,0.28979832,0.118327826,0.13809225,0.45378166
/media/storage2/Anuj/5th international anujj ones/medxpert/data/raw/COVID-19/covid_COVID-3115.png,2,COVID-19,3,1.2561138,0.2491467,0.18865597,0.10551471,0.4566826
/media/storage2/Anuj/5th international anujj ones/medxpert/data/raw/COVID-19/covid_COVID-3129.png,2,COVID-19,3,1.2768536,0.2627159,0.21773306,0.099365115,0.42018592
/media/storage2/Anuj/5th international anujj ones/medxpert/data/raw/COVID-19/covid_COVID-313.png,2,COVID-19,3,1.2585258,0.25895295,0.18443833,0.10583931,0.45076936
/media/storage2/Anuj/5th international anujj ones/medxpert/data/raw/COVID-19/covid_COVID-3130.png,2,COVID-19,3,1.2432842,0.25525534,0.16351786,0.110878035,0.47034872
/media/storage2/Anuj/5th international anujj ones/medxpert/data/raw/COVID-19/covid_COVID-3132.png,2,COVID-19,3,1.2618583,0.2641329,0.18747926,0.104377076,0.4440108
/media/storage2/Anuj/5th international anujj ones/medxpert/data/raw/COVID-19/covid_COVID-3144.png,2,COVID-19,3,1.2822638,0.23153931,0.24019633,0.10526945,0.42299485
/media/storage2/Anuj/5th international anujj ones/medxpert/data/raw/COVID-19/covid_COVID-3146.png,2,COVID-19,3,1.2432196,0.2562423,0.16627856,0.10843474,0.4690443
/media/storage2/Anuj/5th international anujj ones/medxpert/data/raw/COVID-19/covid_COVID-3151.png,2,COVID-19,3,1.2124366,0.26461887,0.123573944,0.119152404,0.49265483
/media/storage2/Anuj/5th international anujj ones/medxpert/data/raw/COVID-19/covid_COVID-3152.png,2,COVID-19,3,1.2753688,0.26556006,0.18903264,0.11259476,0.43281245
/media/storage2/Anuj/5th international anujj ones/medxpert/data/raw/COVID-19/covid_COVID-3157.png,2,COVID-19,3,1.2591052,0.25108084,0.19469701,0.10322317,0.45099908
/media/storage2/Anuj/5th international anujj ones/medxpert/data/raw/COVID-19/covid_COVID-3164.png,2,COVID-19,3,1.2834778,0.23190899,0.21322085,0.11883677,0.43603337
/media/storage2/Anuj/5th international anujj ones/medxpert/data/raw/COVID-19/covid_COVID-3172.png,2,COVID-19,3,1.2478755,0.25741774,0.1687322,0.10942395,0.46442604
/media/storage2/Anuj/5th international anujj ones/medxpert/data/raw/COVID-19/covid_COVID-3181.png,2,COVID-19,3,1.2614971,0.25060597,0.19186556,0.1067005,0.45082796
/media/storage2/Anuj/5th international anujj ones/medxpert/data/raw/COVID-19/covid_COVID-3187.png,2,COVID-19,3,1.273927,0.265715,0.18566453,0.113569714,0.43505073
/media/storage2/Anuj/5th international anujj ones/medxpert/data/raw/COVID-19/covid_COVID-319.png,2,COVID-19,3,1.2571026,0.26083675,0.18038587,0.106675066,0.4521023
/media/storage2/Anuj/5th international anujj ones/medxpert/data/raw/COVID-19/covid_COVID-3198.png,2,COVID-19,3,1.2723389,0.24623168,0.20483252,0.10874467,0.44019112
/media/storage2/Anuj/5th international anujj ones/medxpert/data/raw/COVID-19/covid_COVID-3201.png,2,COVID-19,1,1.3342106,0.28579462,0.31551185,0.122162215,0.2765314
/media/storage2/Anuj/5th international anujj ones/medxpert/data/raw/COVID-19/covid_COVID-3208.png,2,COVID-19,3,1.2648625,0.2502649,0.20365557,0.10253034,0.4435492
/media/storage2/Anuj/5th international anujj ones/medxpert/data/raw/COVID-19/covid_COVID-3211.png,2,COVID-19,3,1.2732143,0.23808834,0.21152118,0.109270856,0.44111958
/media/storage2/Anuj/5th international anujj ones/medxpert/data/raw/COVID-19/covid_COVID-3236.png,2,COVID-19,3,1.2942989,0.29726744,0.2278757,0.098935984,0.37592092
/media/storage2/Anuj/5th international anujj ones/medxpert/data/raw/COVID-19/covid_COVID-3241.png,2,COVID-19,3,1.262219,0.24883313,0.2005601,0.10296234,0.44764444
/media/storage2/Anuj/5th international anujj ones/medxpert/data/raw/COVID-19/covid_COVID-3254.png,2,COVID-19,3,1.2530847,0.24778183,0.19048999,0.102938704,0.4587895
/media/storage2/Anuj/5th international anujj ones/medxpert/data/raw/COVID-19/covid_COVID-3259.png,2,COVID-19,3,1.2388153,0.24864802,0.15627998,0.11618429,0.47888777
/media/storage2/Anuj/5th international anujj ones/medxpert/data/raw/COVID-19/covid_COVID-3262.png,2,COVID-19,3,1.2629801,0.2532471,0.19616202,0.104184926,0.446406
/media/storage2/Anuj/5th international anujj ones/medxpert/data/raw/COVID-19/covid_COVID-3272.png,2,COVID-19,3,1.2489293,0.26148832,0.16847005,0.10870586,0.46133575
/media/storage2/Anuj/5th international anujj ones/medxpert/data/raw/COVID-19/covid_COVID-3285.png,2,COVID-19,3,1.2630134,0.26738778,0.18073906,0.10816644,0.4437067
/media/storage2/Anuj/5th international anujj ones/medxpert/data/raw/COVID-19/covid_COVID-329.png,2,COVID-19,3,1.2849629,0.28660047,0.23532179,0.09158154,0.38649628
/media/storage2/Anuj/5th international anujj ones/medxpert/data/raw/COVID-19/covid_COVID-3292.png,2,COVID-19,3,1.2560437,0.25659075,0.18416953,0.10521269,0.454027
/media/storage2/Anuj/5th international anujj ones/medxpert/data/raw/COVID-19/covid_COVID-3302.png,2,COVID-19,3,1.2650766,0.2798828,0.18033513,0.10570043,0.4340816
/media/storage2/Anuj/5th international anujj ones/medxpert/data/raw/COVID-19/covid_COVID-3303.png,2,COVID-19,3,1.253095,0.26887763,0.16906202,0.108389884,0.45367056
/media/storage2/Anuj/5th international anujj ones/medxpert/data/raw/COVID-19/covid_COVID-3307.png,2,COVID-19,3,1.2259295,0.25145423,0.14106724,0.1184581,0.4890204
/media/storage2/Anuj/5th international anujj ones/medxpert/data/raw/COVID-19/covid_COVID-3311.png,2,COVID-19,3,1.2621355,0.25977704,0.19225916,0.10335513,0.4446087
/media/storage2/Anuj/5th international anujj ones/medxpert/data/raw/COVID-19/covid_COVID-3317.png,2,COVID-19,3,1.2107031,0.26185086,0.11863365,0.124114685,0.49540082
/media/storage2/Anuj/5th international anujj ones/medxpert/data/raw/COVID-19/covid_COVID-333.png,2,COVID-19,3,1.2513773,0.2586929,0.17270026,0.10859761,0.46000925
/media/storage2/Anuj/5th international anujj ones/medxpert/data/raw/COVID-19/covid_COVID-3331.png,2,COVID-19,3,1.2494669,0.2506153,0.1756555,0.10861467,0.4651145
/media/storage2/Anuj/5th international anujj ones/medxpert/data/raw/COVID-19/covid_COVID-3337.png,2,COVID-19,3,1.2572974,0.24474685,0.18793121,0.10864152,0.45868048
/media/storage2/Anuj/5th international anujj ones/medxpert/data/raw/COVID-19/covid_COVID-3340.png,2,COVID-19,3,1.1979333,0.2724164,0.10204248,0.12823848,0.49730262
/media/storage2/Anuj/5th international anujj ones/medxpert/data/raw/COVID-19/covid_COVID-3344.png,2,COVID-19,3,1.2240093,0.26114252,0.13245136,0.12045113,0.48595503
/media/storage2/Anuj/5th international anujj ones/medxpert/data/raw/COVID-19/covid_COVID-3355.png,2,COVID-19,3,1.2647257,0.24836192,0.19804521,0.10627733,0.4473156
/media/storage2/Anuj/5th international anujj ones/medxpert/data/raw/COVID-19/covid_COVID-3367.png,2,COVID-19,3,1.2586397,0.2744757,0.17438377,0.10672174,0.44441882
/media/storage2/Anuj/5th international anujj ones/medxpert/data/raw/COVID-19/covid_COVID-3379.png,2,COVID-19,3,1.2120049,0.26620653,0.120829925,0.12086056,0.4921031
/media/storage2/Anuj/5th international anujj ones/medxpert/data/raw/COVID-19/covid_COVID-3385.png,2,COVID-19,3,1.2440248,0.25713068,0.16161911,0.11200272,0.4692474
/media/storage2/Anuj/5th international anujj ones/medxpert/data/raw/COVID-19/covid_COVID-34.png,2,COVID-19,3,1.2608254,0.26272926,0.18130471,0.10797232,0.44799376
/media/storage2/Anuj/5th international anujj ones/medxpert/data/raw/COVID-19/covid_COVID-340.png,2,COVID-19,3,1.2778133,0.22965416,0.24781327,0.099976145,0.42255643
/media/storage2/Anuj/5th international anujj ones/medxpert/data/raw/COVID-19/covid_COVID-3406.png,2,COVID-19,3,1.2574993,0.25001913,0.18849733,0.10619933,0.4552842
/media/storage2/Anuj/5th international anujj ones/medxpert/data/raw/COVID-19/covid_COVID-3413.png,2,COVID-19,3,1.2700391,0.24336338,0.19644675,0.11311659,0.4470733
/media/storage2/Anuj/5th international anujj ones/medxpert/data/raw/COVID-19/covid_COVID-3414.png,2,COVID-19,3,1.2838049,0.23151326,0.24618451,0.10402989,0.41827238
/media/storage2/Anuj/5th international anujj ones/medxpert/data/raw/COVID-19/covid_COVID-3416.png,2,COVID-19,3,1.2403066,0.2652281,0.15594673,0.110394716,0.46843037
/media/storage2/Anuj/5th international anujj ones/medxpert/data/raw/COVID-19/covid_COVID-3421.png,2,COVID-19,3,1.2372886,0.24947971,0.15723489,0.11398428,0.47930115
/media/storage2/Anuj/5th international anujj ones/medxpert/data/raw/COVID-19/covid_COVID-3424.png,2,COVID-19,3,1.242046,0.25377232,0.16305265,0.110994555,0.47218043
/media/storage2/Anuj/5th international anujj ones/medxpert/data/raw/COVID-19/covid_COVID-3426.png,2,COVID-19,3,1.2846555,0.22706556,0.24676171,0.106364,0.41980866
/media/storage2/Anuj/5th international anujj ones/medxpert/data/raw/COVID-19/covid_COVID-3433.png,2,COVID-19,3,1.2564633,0.2526958,0.1712,0.11574252,0.4603616
/media/storage2/Anuj/5th international anujj ones/medxpert/data/raw/COVID-19/covid_COVID-3437.png,2,COVID-19,3,1.2785351,0.24001604,0.2180601,0.10891945,0.4330044
/media/storage2/Anuj/5th international anujj ones/medxpert/data/raw/COVID-19/covid_COVID-3448.png,2,COVID-19,3,1.2508322,0.25987417,0.17872207,0.10381451,0.45758927
/media/storage2/Anuj/5th international anujj ones/medxpert/data/raw/COVID-19/covid_COVID-3450.png,2,COVID-19,3,1.256307,0.27224967,0.16931358,0.10926082,0.449176
/media/storage2/Anuj/5th international anujj ones/medxpert/data/raw/COVID-19/covid_COVID-3454.png,2,COVID-19,3,1.2587671,0.25897345,0.18144603,0.10787434,0.45170617
/media/storage2/Anuj/5th international anujj ones/medxpert/data/raw/COVID-19/covid_COVID-3457.png,2,COVID-19,3,1.2267057,0.25676692,0.12560928,0.13119806,0.48642582
/media/storage2/Anuj/5th international anujj ones/medxpert/data/raw/COVID-19/covid_COVID-3464.png,2,COVID-19,3,1.2166282,0.29745272,0.10936666,0.12401923,0.46916142
/media/storage2/Anuj/5th international anujj ones/medxpert/data/raw/COVID-19/covid_COVID-3468.png,2,COVID-19,3,1.278543,0.24684422,0.20653503,0.1120632,0.43455753
/media/storage2/Anuj/5th international anujj ones/medxpert/data/raw/COVID-19/covid_COVID-3474.png,2,COVID-19,3,1.2490368,0.26021925,0.16892003,0.108968176,0.4618926
/media/storage2/Anuj/5th international anujj ones/medxpert/data/raw/COVID-19/covid_COVID-348.png,2,COVID-19,3,1.256137,0.2518171,0.19176716,0.102609694,0.453806
/media/storage2/Anuj/5th international anujj ones/medxpert/data/raw/COVID-19/covid_COVID-3485.png,2,COVID-19,3,1.2645242,0.24166934,0.1759832,0.123347946,0.4589995
/media/storage2/Anuj/5th international anujj ones/medxpert/data/raw/COVID-19/covid_COVID-3492.png,2,COVID-19,3,1.2700745,0.2496122,0.20153083,0.10756832,0.4412887
/media/storage2/Anuj/5th international anujj ones/medxpert/data/raw/COVID-19/covid_COVID-3494.png,2,COVID-19,3,1.2622216,0.24156176,0.18869166,0.11305828,0.4566883
/media/storage2/Anuj/5th international anujj ones/medxpert/data/raw/COVID-19/covid_COVID-3496.png,2,COVID-19,3,1.2437907,0.2581379,0.16204599,0.111103415,0.4687127
/media/storage2/Anuj/5th international anujj ones/medxpert/data/raw/COVID-19/covid_COVID-350.png,2,COVID-19,3,1.23432,0.25883883,0.15045089,0.11315574,0.47755453
/media/storage2/Anuj/5th international anujj ones/medxpert/data/raw/COVID-19/covid_COVID-3510.png,2,COVID-19,3,1.2451694,0.25804323,0.15775418,0.11536282,0.4688398
/media/storage2/Anuj/5th international anujj ones/medxpert/data/raw/COVID-19/covid_COVID-3515.png,2,COVID-19,3,1.2724617,0.23137513,0.2158776,0.10950787,0.44323945
/media/storage2/Anuj/5th international anujj ones/medxpert/data/raw/COVID-19/covid_COVID-352.png,2,COVID-19,3,1.2660719,0.26765317,0.1835406,0.108480394,0.4403259
/media/storage2/Anuj/5th international anujj ones/medxpert/data/raw/COVID-19/covid_COVID-3523.png,2,COVID-19,3,1.2576705,0.23738618,0.17538427,0.12075686,0.46647272
/media/storage2/Anuj/5th international anujj ones/medxpert/data/raw/COVID-19/covid_COVID-3524.png,2,COVID-19,3,1.2239594,0.25545615,0.1343172,0.121271126,0.4889556
/media/storage2/Anuj/5th international anujj ones/medxpert/data/raw/COVID-19/covid_COVID-353.png,2,COVID-19,3,1.2896779,0.23952183,0.22214925,0.11542384,0.4229051
/media/storage2/Anuj/5th international anujj ones/medxpert/data/raw/COVID-19/covid_COVID-3534.png,2,COVID-19,3,1.2470711,0.27087694,0.1560129,0.11291306,0.46019715
/media/storage2/Anuj/5th international anujj ones/medxpert/data/raw/COVID-19/covid_COVID-3535.png,2,COVID-19,3,1.2387159,0.25252366,0.15907273,0.112205036,0.47619855
/media/storage2/Anuj/5th international anujj ones/medxpert/data/raw/COVID-19/covid_COVID-3546.png,2,COVID-19,3,1.238452,0.25247207,0.15025108,0.11905382,0.47822306
/media/storage2/Anuj/5th international anujj ones/medxpert/data/raw/COVID-19/covid_COVID-3554.png,2,COVID-19,3,1.2801197,0.23700444,0.23048864,0.105512515,0.42699438
/media/storage2/Anuj/5th international anujj ones/medxpert/data/raw/COVID-19/covid_COVID-3563.png,2,COVID-19,3,1.2386867,0.26506862,0.14682968,0.11658778,0.47151393
/media/storage2/Anuj/5th international anujj ones/medxpert/data/raw/COVID-19/covid_COVID-3581.png,2,COVID-19,3,1.2244147,0.27216902,0.12876539,0.1195021,0.47956347
/media/storage2/Anuj/5th international anujj ones/medxpert/data/raw/COVID-19/covid_COVID-3586.png,2,COVID-19,3,1.2135308,0.25800887,0.1192233,0.12737049,0.4953973
/media/storage2/Anuj/5th international anujj ones/medxpert/data/raw/COVID-19/covid_COVID-3589.png,2,COVID-19,3,1.2683961,0.24404792,0.21346295,0.102381185,0.440108
/media/storage2/Anuj/5th international anujj ones/medxpert/data/raw/COVID-19/covid_COVID-3590.png,2,COVID-19,3,1.252975,0.25709844,0.17475922,0.10895558,0.45918673
/media/storage2/Anuj/5th international anujj ones/medxpert/data/raw/COVID-19/covid_COVID-3591.png,2,COVID-19,3,1.252975,0.25709844,0.17475922,0.10895558,0.45918673
/media/storage2/Anuj/5th international anujj ones/medxpert/data/raw/COVID-19/covid_COVID-3601.png,2,COVID-19,3,1.2480356,0.25349236,0.1706402,0.109831385,0.46603605
/media/storage2/Anuj/5th international anujj ones/medxpert/data/raw/COVID-19/covid_COVID-3613.png,2,COVID-19,3,1.2499723,0.25785023,0.17182325,0.10856029,0.46176624
/media/storage2/Anuj/5th international anujj ones/medxpert/data/raw/COVID-19/covid_COVID-364.png,2,COVID-19,3,1.2761375,0.23606099,0.23679888,0.10042983,0.42671028
/media/storage2/Anuj/5th international anujj ones/medxpert/data/raw/COVID-19/covid_COVID-376.png,2,COVID-19,3,1.2653238,0.26290074,0.19092883,0.105191536,0.44097883
/media/storage2/Anuj/5th international anujj ones/medxpert/data/raw/COVID-19/covid_COVID-39.png,2,COVID-19,3,1.2786691,0.28860918,0.19190584,0.10612554,0.41335943
/media/storage2/Anuj/5th international anujj ones/medxpert/data/raw/COVID-19/covid_COVID-390.png,2,COVID-19,3,1.2544273,0.260819,0.17667662,0.10722452,0.45527986
/media/storage2/Anuj/5th international anujj ones/medxpert/data/raw/COVID-19/covid_COVID-397.png,2,COVID-19,3,1.2928421,0.24734257,0.28689128,0.093248926,0.37251723
/media/storage2/Anuj/5th international anujj ones/medxpert/data/raw/COVID-19/covid_COVID-406.png,2,COVID-19,3,1.2615209,0.2525415,0.17968675,0.113587014,0.4541847
/media/storage2/Anuj/5th international anujj ones/medxpert/data/raw/COVID-19/covid_COVID-408.png,2,COVID-19,3,1.2638452,0.24180153,0.21157485,0.10114591,0.44547766
/media/storage2/Anuj/5th international anujj ones/medxpert/data/raw/COVID-19/covid_COVID-415.png,2,COVID-19,3,1.2851685,0.22662194,0.2507221,0.105435595,0.41722035
/media/storage2/Anuj/5th international anujj ones/medxpert/data/raw/COVID-19/covid_COVID-432.png,2,COVID-19,3,1.2591144,0.25293678,0.18668404,0.10723057,0.45314863
/media/storage2/Anuj/5th international anujj ones/medxpert/data/raw/COVID-19/covid_COVID-438.png,2,COVID-19,3,1.2649161,0.26164952,0.18041247,0.11187431,0.4460637
/media/storage2/Anuj/5th international anujj ones/medxpert/data/raw/COVID-19/covid_COVID-443.png,2,COVID-19,3,1.2459515,0.25325313,0.166564,0.111371,0.46881184
/media/storage2/Anuj/5th international anujj ones/medxpert/data/raw/COVID-19/covid_COVID-445.png,2,COVID-19,3,1.2569076,0.25463703,0.18090282,0.10864731,0.45581284
/media/storage2/Anuj/5th international anujj ones/medxpert/data/raw/COVID-19/covid_COVID-446.png,2,COVID-19,3,1.1896191,0.27169025,0.096353315,0.12921923,0.5027372
/media/storage2/Anuj/5th international anujj ones/medxpert/data/raw/COVID-19/covid_COVID-449.png,2,COVID-19,3,1.2572536,0.26474527,0.18123338,0.104791254,0.44923013
/media/storage2/Anuj/5th international anujj ones/medxpert/data/raw/COVID-19/covid_COVID-450.png,2,COVID-19,3,1.2741182,0.26931325,0.21341322,0.09738956,0.41988406
/media/storage2/Anuj/5th international anujj ones/medxpert/data/raw/COVID-19/covid_COVID-455.png,2,COVID-19,3,1.2640344,0.25302848,0.1978158,0.10406629,0.44508946
/media/storage2/Anuj/5th international anujj ones/medxpert/data/raw/COVID-19/covid_COVID-456.png,2,COVID-19,3,1.2593699,0.2584979,0.18405372,0.106836885,0.45061144
/media/storage2/Anuj/5th international anujj ones/medxpert/data/raw/COVID-19/covid_COVID-467.png,2,COVID-19,3,1.2105641,0.25974947,0.12219207,0.121375166,0.49668333
/media/storage2/Anuj/5th international anujj ones/medxpert/data/raw/COVID-19/covid_COVID-472.png,2,COVID-19,3,1.2814877,0.23079829,0.24612802,0.10270078,0.42037296
/media/storage2/Anuj/5th international anujj ones/medxpert/data/raw/COVID-19/covid_COVID-479.png,2,COVID-19,3,1.2529725,0.2687142,0.16097319,0.11418974,0.45612285
/media/storage2/Anuj/5th international anujj ones/medxpert/data/raw/COVID-19/covid_COVID-486.png,2,COVID-19,3,1.2602634,0.25424045,0.18558875,0.10818289,0.4519879
/media/storage2/Anuj/5th international anujj ones/medxpert/data/raw/COVID-19/covid_COVID-50.png,2,COVID-19,3,1.239418,0.26308048,0.1533718,0.11262545,0.47092232
/media/storage2/Anuj/5th international anujj ones/medxpert/data/raw/COVID-19/covid_COVID-509.png,2,COVID-19,3,1.2614737,0.26872742,0.18069717,0.10663178,0.4439436
/media/storage2/Anuj/5th international anujj ones/medxpert/data/raw/COVID-19/covid_COVID-529.png,2,COVID-19,3,1.242022,0.2552294,0.16068023,0.11211416,0.47197622
/media/storage2/Anuj/5th international anujj ones/medxpert/data/raw/COVID-19/covid_COVID-532.png,2,COVID-19,3,1.249026,0.25201267,0.17504172,0.10813258,0.46481302
/media/storage2/Anuj/5th international anujj ones/medxpert/data/raw/COVID-19/covid_COVID-533.png,2,COVID-19,3,1.241901,0.2586142,0.15536593,0.11466371,0.47135618
/media/storage2/Anuj/5th international anujj ones/medxpert/data/raw/COVID-19/covid_COVID-535.png,2,COVID-19,3,1.2361491,0.27777734,0.132861,0.12200418,0.4673575
/media/storage2/Anuj/5th international anujj ones/medxpert/data/raw/COVID-19/covid_COVID-536.png,2,COVID-19,3,1.2553133,0.25780174,0.1769805,0.10882214,0.45639563
/media/storage2/Anuj/5th international anujj ones/medxpert/data/raw/COVID-19/covid_COVID-546.png,2,COVID-19,3,1.2330211,0.26469168,0.14295872,0.11597659,0.47637302
/media/storage2/Anuj/5th international anujj ones/medxpert/data/raw/COVID-19/covid_COVID-555.png,2,COVID-19,3,1.2535433,0.25250998,0.17770569,0.10926931,0.46051496
/media/storage2/Anuj/5th international anujj ones/medxpert/data/raw/COVID-19/covid_COVID-556.png,2,COVID-19,3,1.325986,0.26664174,0.30516636,0.11401067,0.31418124
/media/storage2/Anuj/5th international anujj ones/medxpert/data/raw/COVID-19/covid_COVID-572.png,2,COVID-19,3,1.2579037,0.25724053,0.17970467,0.10907217,0.45398262
/media/storage2/Anuj/5th international anujj ones/medxpert/data/raw/COVID-19/covid_COVID-589.png,2,COVID-19,3,1.2589049,0.25764346,0.1827281,0.107676335,0.45195207
/media/storage2/Anuj/5th international anujj ones/medxpert/data/raw/COVID-19/covid_COVID-590.png,2,COVID-19,3,1.2204136,0.26512903,0.12825413,0.120080315,0.48653647
/media/storage2/Anuj/5th international anujj ones/medxpert/data/raw/COVID-19/covid_COVID-593.png,2,COVID-19,3,1.3164198,0.15815671,0.33143222,0.15757231,0.35283878
/media/storage2/Anuj/5th international anujj ones/medxpert/data/raw/COVID-19/covid_COVID-606.png,2,COVID-19,3,1.2469926,0.25614172,0.17179222,0.10722751,0.46483856
/media/storage2/Anuj/5th international anujj ones/medxpert/data/raw/COVID-19/covid_COVID-609.png,2,COVID-19,3,1.2568508,0.25339586,0.18391165,0.10719899,0.45549345
/media/storage2/Anuj/5th international anujj ones/medxpert/data/raw/COVID-19/covid_COVID-612.png,2,COVID-19,3,1.2545253,0.266898,0.16635779,0.11204042,0.45470378
/media/storage2/Anuj/5th international anujj ones/medxpert/data/raw/COVID-19/covid_COVID-631.png,2,COVID-19,0,1.2929611,0.36770874,0.31508937,0.099073656,0.21812823
/media/storage2/Anuj/5th international anujj ones/medxpert/data/raw/COVID-19/covid_COVID-638.png,2,COVID-19,3,1.2625706,0.26545796,0.18445353,0.10622605,0.4438625
/media/storage2/Anuj/5th international anujj ones/medxpert/data/raw/COVID-19/covid_COVID-645.png,2,COVID-19,3,1.2395371,0.2625721,0.15019664,0.115454115,0.47177714
/media/storage2/Anuj/5th international anujj ones/medxpert/data/raw/COVID-19/covid_COVID-65.png,2,COVID-19,3,1.2471895,0.26644695,0.1576557,0.1134404,0.46245694
/media/storage2/Anuj/5th international anujj ones/medxpert/data/raw/COVID-19/covid_COVID-661.png,2,COVID-19,3,1.2561221,0.25708646,0.1804771,0.10739337,0.45504308
/media/storage2/Anuj/5th international anujj ones/medxpert/data/raw/COVID-19/covid_COVID-663.png,2,COVID-19,3,1.2606046,0.24615243,0.20219822,0.10206012,0.4495893
/media/storage2/Anuj/5th international anujj ones/medxpert/data/raw/COVID-19/covid_COVID-67.png,2,COVID-19,3,1.2528734,0.25996742,0.17146498,0.10997689,0.45859075
/media/storage2/Anuj/5th international anujj ones/medxpert/data/raw/COVID-19/covid_COVID-674.png,2,COVID-19,3,1.2661932,0.2823074,0.17753671,0.107513234,0.43264267
/media/storage2/Anuj/5th international anujj ones/medxpert/data/raw/COVID-19/covid_COVID-68.png,2,COVID-19,3,1.2692865,0.2585457,0.19665594,0.106276445,0.4385219
/media/storage2/Anuj/5th international anujj ones/medxpert/data/raw/COVID-19/covid_COVID-680.png,2,COVID-19,3,1.263138,0.26740566,0.18922095,0.10308553,0.44028786
/media/storage2/Anuj/5th international anujj ones/medxpert/data/raw/COVID-19/covid_COVID-689.png,2,COVID-19,3,1.2693152,0.27828327,0.18307717,0.10752906,0.43111056
/media/storage2/Anuj/5th international anujj ones/medxpert/data/raw/COVID-19/covid_COVID-693.png,2,COVID-19,3,1.2336633,0.2821302,0.12508285,0.12599814,0.46678877
/media/storage2/Anuj/5th international anujj ones/medxpert/data/raw/COVID-19/covid_COVID-7.png,2,COVID-19,1,1.3337538,0.18013182,0.38612273,0.18274015,0.2510053
/media/storage2/Anuj/5th international anujj ones/medxpert/data/raw/COVID-19/covid_COVID-704.png,2,COVID-19,3,1.2646838,0.27270555,0.18109202,0.10727568,0.43892682
/media/storage2/Anuj/5th international anujj ones/medxpert/data/raw/COVID-19/covid_COVID-712.png,2,COVID-19,3,1.1540909,0.2709747,0.064892665,0.14693299,0.51719964
/media/storage2/Anuj/5th international anujj ones/medxpert/data/raw/COVID-19/covid_COVID-717.png,2,COVID-19,3,1.2271303,0.262362,0.14032438,0.11507282,0.4822407
/media/storage2/Anuj/5th international anujj ones/medxpert/data/raw/COVID-19/covid_COVID-73.png,2,COVID-19,3,1.2571357,0.2594984,0.17279437,0.11226043,0.45544678
/media/storage2/Anuj/5th international anujj ones/medxpert/data/raw/COVID-19/covid_COVID-734.png,2,COVID-19,3,1.2429867,0.25841835,0.16048369,0.11158795,0.46951002
/media/storage2/Anuj/5th international anujj ones/medxpert/data/raw/COVID-19/covid_COVID-739.png,2,COVID-19,3,1.2576679,0.26385924,0.17600556,0.10876599,0.45136926
/media/storage2/Anuj/5th international anujj ones/medxpert/data/raw/COVID-19/covid_COVID-743.png,2,COVID-19,3,1.2519481,0.25911164,0.17039913,0.11040901,0.46008018
/media/storage2/Anuj/5th international anujj ones/medxpert/data/raw/COVID-19/covid_COVID-745.png,2,COVID-19,3,1.2564623,0.25883996,0.1785081,0.108210765,0.45444113
/media/storage2/Anuj/5th international anujj ones/medxpert/data/raw/COVID-19/covid_COVID-750.png,2,COVID-19,3,1.2487099,0.2604898,0.16405584,0.11210379,0.46335056
/media/storage2/Anuj/5th international anujj ones/medxpert/data/raw/COVID-19/covid_COVID-773.png,2,COVID-19,3,1.2516347,0.25455144,0.17331205,0.11004574,0.46209076
/media/storage2/Anuj/5th international anujj ones/medxpert/data/raw/COVID-19/covid_COVID-78.png,2,COVID-19,3,1.2499461,0.2481976,0.17892626,0.10781316,0.46506298
/media/storage2/Anuj/5th international anujj ones/medxpert/data/raw/COVID-19/covid_COVID-79.png,2,COVID-19,3,1.2675507,0.27321857,0.18439375,0.10709481,0.4352929
/media/storage2/Anuj/5th international anujj ones/medxpert/data/raw/COVID-19/covid_COVID-800.png,2,COVID-19,3,1.2502441,0.25198212,0.17484005,0.109119385,0.4640584
/media/storage2/Anuj/5th international anujj ones/medxpert/data/raw/COVID-19/covid_COVID-802.png,2,COVID-19,3,1.297217,0.22342107,0.3013452,0.10217655,0.37305722
/media/storage2/Anuj/5th international anujj ones/medxpert/data/raw/COVID-19/covid_COVID-804.png,2,COVID-19,3,1.249503,0.2626078,0.16589852,0.11048059,0.46101314
/media/storage2/Anuj/5th international anujj ones/medxpert/data/raw/COVID-19/covid_COVID-808.png,2,COVID-19,3,1.2891718,0.28155977,0.23080222,0.09730499,0.39033306
/media/storage2/Anuj/5th international anujj ones/medxpert/data/raw/COVID-19/covid_COVID-809.png,2,COVID-19,3,1.2449529,0.26677918,0.15685865,0.11233617,0.46402597
/media/storage2/Anuj/5th international anujj ones/medxpert/data/raw/COVID-19/covid_COVID-813.png,2,COVID-19,3,1.2505944,0.26039425,0.16613302,0.1119626,0.46151015
/media/storage2/Anuj/5th international anujj ones/medxpert/data/raw/COVID-19/covid_COVID-815.png,2,COVID-19,3,1.2625215,0.24883571,0.1988601,0.10410541,0.44819877
/media/storage2/Anuj/5th international anujj ones/medxpert/data/raw/COVID-19/covid_COVID-821.png,2,COVID-19,3,1.2547064,0.24858214,0.18529826,0.10684528,0.4592743
/media/storage2/Anuj/5th international anujj ones/medxpert/data/raw/COVID-19/covid_COVID-826.png,2,COVID-19,3,1.2682343,0.24598804,0.2296952,0.09416039,0.43015635
/media/storage2/Anuj/5th international anujj ones/medxpert/data/raw/COVID-19/covid_COVID-837.png,2,COVID-19,3,1.2443211,0.26754123,0.15657677,0.1118107,0.46407133
/media/storage2/Anuj/5th international anujj ones/medxpert/data/raw/COVID-19/covid_COVID-841.png,2,COVID-19,3,1.3095361,0.22862338,0.2810965,0.11407715,0.37620297
/media/storage2/Anuj/5th international anujj ones/medxpert/data/raw/COVID-19/covid_COVID-849.png,2,COVID-19,3,1.2555358,0.25551152,0.17972757,0.1080983,0.45666257
/media/storage2/Anuj/5th international anujj ones/medxpert/data/raw/COVID-19/covid_COVID-854.png,2,COVID-19,3,1.2611595,0.24960837,0.19391963,0.10566754,0.45080444
/media/storage2/Anuj/5th international anujj ones/medxpert/data/raw/COVID-19/covid_COVID-860.png,2,COVID-19,3,1.2581904,0.25784707,0.18411367,0.10623428,0.45180503
/media/storage2/Anuj/5th international anujj ones/medxpert/data/raw/COVID-19/covid_COVID-868.png,2,COVID-19,3,1.2544883,0.2607368,0.17727102,0.10691031,0.45508182
/media/storage2/Anuj/5th international anujj ones/medxpert/data/raw/COVID-19/covid_COVID-869.png,2,COVID-19,3,1.2604038,0.24186012,0.20852795,0.10035839,0.4492535
/media/storage2/Anuj/5th international anujj ones/medxpert/data/raw/COVID-19/covid_COVID-875.png,2,COVID-19,3,1.2618072,0.2691573,0.18310083,0.1052191,0.4425228
/media/storage2/Anuj/5th international anujj ones/medxpert/data/raw/COVID-19/covid_COVID-885.png,2,COVID-19,3,1.2629308,0.25783312,0.18681924,0.107873246,0.44747442
/media/storage2/Anuj/5th international anujj ones/medxpert/data/raw/COVID-19/covid_COVID-9.png,2,COVID-19,3,1.254898,0.2691191,0.16066054,0.11566983,0.45455047
/media/storage2/Anuj/5th international anujj ones/medxpert/data/raw/COVID-19/covid_COVID-903.png,2,COVID-19,3,1.2617481,0.26577652,0.18575859,0.1047455,0.4437194
/media/storage2/Anuj/5th international anujj ones/medxpert/data/raw/COVID-19/covid_COVID-912.png,2,COVID-19,3,1.253853,0.25723127,0.17810813,0.10729685,0.45736378
/media/storage2/Anuj/5th international anujj ones/medxpert/data/raw/COVID-19/covid_COVID-918.png,2,COVID-19,3,1.2697198,0.2604985,0.20532672,0.101198226,0.43297654
/media/storage2/Anuj/5th international anujj ones/medxpert/data/raw/COVID-19/covid_COVID-919.png,2,COVID-19,3,1.2651793,0.24692075,0.2046166,0.10356433,0.44489825
/media/storage2/Anuj/5th international anujj ones/medxpert/data/raw/COVID-19/covid_COVID-929.png,2,COVID-19,3,1.2534473,0.25766766,0.17264816,0.1104888,0.45919535
/media/storage2/Anuj/5th international anujj ones/medxpert/data/raw/COVID-19/covid_COVID-930.png,2,COVID-19,3,1.2623721,0.25865325,0.19652858,0.10152451,0.4432937
/media/storage2/Anuj/5th international anujj ones/medxpert/data/raw/COVID-19/covid_COVID-932.png,2,COVID-19,3,1.2628527,0.26795706,0.18923128,0.102694616,0.44011703
/media/storage2/Anuj/5th international anujj ones/medxpert/data/raw/COVID-19/covid_COVID-941.png,2,COVID-19,3,1.2471405,0.26180422,0.16352166,0.11086313,0.46381098
/media/storage2/Anuj/5th international anujj ones/medxpert/data/raw/COVID-19/covid_COVID-942.png,2,COVID-19,3,1.2542614,0.2659088,0.16957635,0.10995525,0.45455962
/media/storage2/Anuj/5th international anujj ones/medxpert/data/raw/COVID-19/covid_COVID-945.png,2,COVID-19,3,1.29881,0.31408498,0.2778915,0.088563174,0.31946036
/media/storage2/Anuj/5th international anujj ones/medxpert/data/raw/COVID-19/covid_COVID-946.png,2,COVID-19,3,1.2484756,0.2542142,0.1725571,0.10851412,0.46471456
/media/storage2/Anuj/5th international anujj ones/medxpert/data/raw/COVID-19/covid_COVID-952.png,2,COVID-19,3,1.2457778,0.26000565,0.16314152,0.1109147,0.4659381
/media/storage2/Anuj/5th international anujj ones/medxpert/data/raw/COVID-19/covid_COVID-956.png,2,COVID-19,3,1.252187,0.2666544,0.16415122,0.112062894,0.45713145
/media/storage2/Anuj/5th international anujj ones/medxpert/data/raw/COVID-19/covid_COVID-958.png,2,COVID-19,3,1.2258655,0.26450756,0.13864191,0.1147417,0.48210877
/media/storage2/Anuj/5th international anujj ones/medxpert/data/raw/COVID-19/covid_COVID-967.png,2,COVID-19,3,1.2474437,0.25474027,0.16753018,0.11108512,0.46664453
/media/storage2/Anuj/5th international anujj ones/medxpert/data/raw/COVID-19/covid_COVID-971.png,2,COVID-19,3,1.2310697,0.25730935,0.14527798,0.115797274,0.48161536
/media/storage2/Anuj/5th international anujj ones/medxpert/data/raw/COVID-19/covid_COVID-978.png,2,COVID-19,3,1.2485487,0.25601882,0.16655405,0.11202064,0.46540645
/media/storage2/Anuj/5th international anujj ones/medxpert/data/raw/COVID-19/covid_COVID-980.png,2,COVID-19,3,1.2444849,0.25394434,0.16744357,0.109435394,0.46917665
/media/storage2/Anuj/5th international anujj ones/medxpert/data/raw/COVID-19/covid_COVID-982.png,2,COVID-19,3,1.2785265,0.23611511,0.2269266,0.106352784,0.43060556
/media/storage2/Anuj/5th international anujj ones/medxpert/data/raw/COVID-19/covid_COVID-988.png,2,COVID-19,3,1.2366123,0.2561822,0.15421593,0.11290011,0.47670174
/media/storage2/Anuj/5th international anujj ones/medxpert/data/raw/COVID-19/covid_COVID-990.png,2,COVID-19,3,1.2038474,0.27023077,0.11438068,0.119897366,0.49549118
/media/storage2/Anuj/5th international anujj ones/medxpert/data/raw/Pneumonia/pneu_Lung_Opacity-1020.png,3,Pneumonia,1,1.228227,0.3861964,0.38713974,0.10944557,0.11721826
/media/storage2/Anuj/5th international anujj ones/medxpert/data/raw/Pneumonia/pneu_Lung_Opacity-1041.png,3,Pneumonia,0,1.2318447,0.39444706,0.37508643,0.10506554,0.12540096
/media/storage2/Anuj/5th international anujj ones/medxpert/data/raw/Pneumonia/pneu_Lung_Opacity-1042.png,3,Pneumonia,1,1.2369783,0.18474841,0.5018384,0.1739322,0.13948102
/media/storage2/Anuj/5th international anujj ones/medxpert/data/raw/Pneumonia/pneu_Lung_Opacity-1043.png,3,Pneumonia,0,1.2190484,0.39761293,0.38305125,0.11145008,0.10788572
/media/storage2/Anuj/5th international anujj ones/medxpert/data/raw/Pneumonia/pneu_Lung_Opacity-1044.png,3,Pneumonia,1,1.0854701,0.00739473,0.4383107,0.35747698,0.19681756
/media/storage2/Anuj/5th international anujj ones/medxpert/data/raw/Pneumonia/pneu_Lung_Opacity-1068.png,3,Pneumonia,1,1.2347264,0.34967577,0.41592994,0.1203005,0.114093795
/media/storage2/Anuj/5th international anujj ones/medxpert/data/raw/Pneumonia/pneu_Lung_Opacity-1110.png,3,Pneumonia,1,1.1146321,0.016468138,0.4554105,0.32550895,0.20261244
/media/storage2/Anuj/5th international anujj ones/medxpert/data/raw/Pneumonia/pneu_Lung_Opacity-1153.png,3,Pneumonia,0,1.233177,0.40099606,0.36572713,0.10005994,0.13321681
/media/storage2/Anuj/5th international anujj ones/medxpert/data/raw/Pneumonia/pneu_Lung_Opacity-1177.png,3,Pneumonia,1,1.2307557,0.37902287,0.39186302,0.12203302,0.10708106
/media/storage2/Anuj/5th international anujj ones/medxpert/data/raw/Pneumonia/pneu_Lung_Opacity-118.png,3,Pneumonia,0,1.2161648,0.4059632,0.37631226,0.10199757,0.11572698
/media/storage2/Anuj/5th international anujj ones/medxpert/data/raw/Pneumonia/pneu_Lung_Opacity-1181.png,3,Pneumonia,0,1.222902,0.38888457,0.38882837,0.10924121,0.11304584
/media/storage2/Anuj/5th international anujj ones/medxpert/data/raw/Pneumonia/pneu_Lung_Opacity-12.png,3,Pneumonia,0,1.2203552,0.40986735,0.36866507,0.1178721,0.1035955
/media/storage2/Anuj/5th international anujj ones/medxpert/data/raw/Pneumonia/pneu_Lung_Opacity-1202.png,3,Pneumonia,1,1.2312713,0.3665288,0.40348524,0.1203326,0.10965332
/media/storage2/Anuj/5th international anujj ones/medxpert/data/raw/Pneumonia/pneu_Lung_Opacity-1207.png,3,Pneumonia,0,1.2501266,0.37784487,0.37514594,0.10764856,0.13936056
/media/storage2/Anuj/5th international anujj ones/medxpert/data/raw/Pneumonia/pneu_Lung_Opacity-1213.png,3,Pneumonia,0,1.2876756,0.37512997,0.30171987,0.0922804,0.23086978
/media/storage2/Anuj/5th international anujj ones/medxpert/data/raw/Pneumonia/pneu_Lung_Opacity-1218.png,3,Pneumonia,0,1.2226266,0.39710417,0.38048515,0.10557405,0.11683665
/media/storage2/Anuj/5th international anujj ones/medxpert/data/raw/Pneumonia/pneu_Lung_Opacity-1222.png,3,Pneumonia,0,1.2154998,0.4061391,0.37663072,0.10146501,0.11576517
/media/storage2/Anuj/5th international anujj ones/medxpert/data/raw/Pneumonia/pneu_Lung_Opacity-1233.png,3,Pneumonia,1,1.2287629,0.37171382,0.4008422,0.11300536,0.114438675
/media/storage2/Anuj/5th international anujj ones/medxpert/data/raw/Pneumonia/pneu_Lung_Opacity-1254.png,3,Pneumonia,1,1.2299274,0.3774321,0.3943104,0.10938234,0.11887515
/media/storage2/Anuj/5th international anujj ones/medxpert/data/raw/Pneumonia/pneu_Lung_Opacity-1256.png,3,Pneumonia,0,1.222873,0.39722446,0.38038096,0.10995822,0.11243639
/media/storage2/Anuj/5th international anujj ones/medxpert/data/raw/Pneumonia/pneu_Lung_Opacity-1258.png,3,Pneumonia,0,1.2288078,0.41481772,0.35623878,0.11094598,0.11799753
/media/storage2/Anuj/5th international anujj ones/medxpert/data/raw/Pneumonia/pneu_Lung_Opacity-1268.png,3,Pneumonia,0,1.2241384,0.3970118,0.3793511,0.106215894,0.117421225
/media/storage2/Anuj/5th international anujj ones/medxpert/data/raw/Pneumonia/pneu_Lung_Opacity-1293.png,3,Pneumonia,0,1.2220341,0.40600607,0.37155777,0.10521877,0.11721739
/media/storage2/Anuj/5th international anujj ones/medxpert/data/raw/Pneumonia/pneu_Lung_Opacity-1347.png,3,Pneumonia,1,1.2457988,0.34751275,0.4089212,0.1207534,0.122812636
/media/storage2/Anuj/5th international anujj ones/medxpert/data/raw/Pneumonia/pneu_Lung_Opacity-1368.png,3,Pneumonia,1,1.2298219,0.38026997,0.39170927,0.11040218,0.117618546
/media/storage2/Anuj/5th international anujj ones/medxpert/data/raw/Pneumonia/pneu_Lung_Opacity-137.png,3,Pneumonia,1,1.245916,0.34405136,0.41167971,0.117825754,0.12644315
/media/storage2/Anuj/5th international anujj ones/medxpert/data/raw/Pneumonia/pneu_Lung_Opacity-1376.png,3,Pneumonia,1,1.0937542,0.008337211,0.43969917,0.34617513,0.20578845
/media/storage2/Anuj/5th international anujj ones/medxpert/data/raw/Pneumonia/pneu_Lung_Opacity-1377.png,3,Pneumonia,0,1.2234492,0.409116,0.36634704,0.10112224,0.12341468
/media/storage2/Anuj/5th international anujj ones/medxpert/data/raw/Pneumonia/pneu_Lung_Opacity-1389.png,3,Pneumonia,1,1.2251847,0.3732047,0.40226495,0.1123893,0.11214102
/media/storage2/Anuj/5th international anujj ones/medxpert/data/raw/Pneumonia/pneu_Lung_Opacity-1426.png,3,Pneumonia,0,1.2210784,0.40659356,0.37154233,0.103222355,0.118641764
/media/storage2/Anuj/5th international anujj ones/medxpert/data/raw/Pneumonia/pneu_Lung_Opacity-1428.png,3,Pneumonia,1,1.227082,0.38390213,0.39037666,0.1096318,0.116089396
/media/storage2/Anuj/5th international anujj ones/medxpert/data/raw/Pneumonia/pneu_Lung_Opacity-1451.png,3,Pneumonia,0,1.2341245,0.3958648,0.37215802,0.109982625,0.12199458
/media/storage2/Anuj/5th international anujj ones/medxpert/data/raw/Pneumonia/pneu_Lung_Opacity-1497.png,3,Pneumonia,1,1.2234712,0.38222316,0.39481005,0.10662881,0.116337985
/media/storage2/Anuj/5th international anujj ones/medxpert/data/raw/Pneumonia/pneu_Lung_Opacity-151.png,3,Pneumonia,1,1.2339848,0.34729347,0.41860166,0.118826844,0.11527807
/media/storage2/Anuj/5th international anujj ones/medxpert/data/raw/Pneumonia/pneu_Lung_Opacity-152.png,3,Pneumonia,0,1.2205157,0.41134524,0.36671087,0.10211451,0.11982932
/media/storage2/Anuj/5th international anujj ones/medxpert/data/raw/Pneumonia/pneu_Lung_Opacity-1530.png,3,Pneumonia,1,1.2312257,0.3726631,0.3978438,0.1192034,0.11028974
/media/storage2/Anuj/5th international anujj ones/medxpert/data/raw/Pneumonia/pneu_Lung_Opacity-1556.png,3,Pneumonia,0,1.2194118,0.39952517,0.3805169,0.10370196,0.116256006
/media/storage2/Anuj/5th international anujj ones/medxpert/data/raw/Pneumonia/pneu_Lung_Opacity-160.png,3,Pneumonia,0,1.2390385,0.4010051,0.3622194,0.111031435,0.12574409
/media/storage2/Anuj/5th international anujj ones/medxpert/data/raw/Pneumonia/pneu_Lung_Opacity-1600.png,3,Pneumonia,1,1.2461272,0.32919788,0.4236782,0.12888363,0.11824027
/media/storage2/Anuj/5th international anujj ones/medxpert/data/raw/Pneumonia/pneu_Lung_Opacity-1617.png,3,Pneumonia,0,1.2265193,0.4114498,0.36193398,0.11803073,0.10858551
/media/storage2/Anuj/5th international anujj ones/medxpert/data/raw/Pneumonia/pneu_Lung_Opacity-1638.png,3,Pneumonia,1,1.1586179,0.039265387,0.48212036,0.27264267,0.20597157
/media/storage2/Anuj/5th international anujj ones/medxpert/data/raw/Pneumonia/pneu_Lung_Opacity-1641.png,3,Pneumonia,0,1.2281138,0.40682516,0.36528087,0.105448954,0.1224451
/media/storage2/Anuj/5th international anujj ones/medxpert/data/raw/Pneumonia/pneu_Lung_Opacity-167.png,3,Pneumonia,0,1.2198901,0.4118698,0.36648375,0.10074962,0.12089679
/media/storage2/Anuj/5th international anujj ones/medxpert/data/raw/Pneumonia/pneu_Lung_Opacity-1688.png,3,Pneumonia,1,1.1485391,0.033394914,0.48093766,0.27561945,0.21004796
/media/storage2/Anuj/5th international anujj ones/medxpert/data/raw/Pneumonia/pneu_Lung_Opacity-1693.png,3,Pneumonia,1,1.2453035,0.2302406,0.48375925,0.15027137,0.13572872
/media/storage2/Anuj/5th international anujj ones/medxpert/data/raw/Pneumonia/pneu_Lung_Opacity-1695.png,3,Pneumonia,1,1.2608415,0.27753586,0.44773304,0.13458306,0.14014812
/media/storage2/Anuj/5th international anujj ones/medxpert/data/raw/Pneumonia/pneu_Lung_Opacity-1706.png,3,Pneumonia,1,1.0798708,0.0076042158,0.4455619,0.35790887,0.18892507
/media/storage2/Anuj/5th international anujj ones/medxpert/data/raw/Pneumonia/pneu_Lung_Opacity-1711.png,3,Pneumonia,0,1.2174997,0.39996183,0.3815675,0.10265672,0.115813956
/media/storage2/Anuj/5th international anujj ones/medxpert/data/raw/Pneumonia/pneu_Lung_Opacity-1715.png,3,Pneumonia,1,1.3026248,0.3062161,0.38292724,0.12491737,0.18593927
/media/storage2/Anuj/5th international anujj ones/medxpert/data/raw/Pneumonia/pneu_Lung_Opacity-1738.png,3,Pneumonia,1,1.2312547,0.36192456,0.4078999,0.11417352,0.11600204
/media/storage2/Anuj/5th international anujj ones/medxpert/data/raw/Pneumonia/pneu_Lung_Opacity-1782.png,3,Pneumonia,1,1.2349788,0.35177168,0.41392925,0.114459805,0.11983926
/media/storage2/Anuj/5th international anujj ones/medxpert/data/raw/Pneumonia/pneu_Lung_Opacity-1789.png,3,Pneumonia,0,1.2184832,0.40662295,0.37388623,0.10461444,0.11487635
/media/storage2/Anuj/5th international anujj ones/medxpert/data/raw/Pneumonia/pneu_Lung_Opacity-1863.png,3,Pneumonia,1,1.2652991,0.33161277,0.40539232,0.12506025,0.13793467
/media/storage2/Anuj/5th international anujj ones/medxpert/data/raw/Pneumonia/pneu_Lung_Opacity-1897.png,3,Pneumonia,0,1.2215132,0.39363816,0.3851702,0.11050418,0.11068747
/media/storage2/Anuj/5th international anujj ones/medxpert/data/raw/Pneumonia/pneu_Lung_Opacity-1917.png,3,Pneumonia,1,1.2260633,0.38590875,0.3892834,0.11185752,0.112950355
/media/storage2/Anuj/5th international anujj ones/medxpert/data/raw/Pneumonia/pneu_Lung_Opacity-1918.png,3,Pneumonia,0,1.2858276,0.3569617,0.3073303,0.084203765,0.25150424
/media/storage2/Anuj/5th international anujj ones/medxpert/data/raw/Pneumonia/pneu_Lung_Opacity-1959.png,3,Pneumonia,0,1.2167443,0.39820677,0.38429254,0.10796699,0.109533675
/media/storage2/Anuj/5th international anujj ones/medxpert/data/raw/Pneumonia/pneu_Lung_Opacity-1960.png,3,Pneumonia,0,1.2218558,0.39261556,0.38566568,0.10476529,0.11695351
/media/storage2/Anuj/5th international anujj ones/medxpert/data/raw/Pneumonia/pneu_Lung_Opacity-1978.png,3,Pneumonia,0,1.224672,0.4040282,0.371448,0.10586445,0.11865928
/media/storage2/Anuj/5th international anujj ones/medxpert/data/raw/Pneumonia/pneu_Lung_Opacity-1993.png,3,Pneumonia,1,1.2583787,0.3526549,0.3936298,0.12514478,0.1285705
/media/storage2/Anuj/5th international anujj ones/medxpert/data/raw/Pneumonia/pneu_Lung_Opacity-201.png,3,Pneumonia,0,1.2379177,0.40072328,0.3627441,0.10571527,0.13081732
/media/storage2/Anuj/5th international anujj ones/medxpert/data/raw/Pneumonia/pneu_Lung_Opacity-2011.png,3,Pneumonia,1,1.2257433,0.3874216,0.3876488,0.10511535,0.11981427
/media/storage2/Anuj/5th international anujj ones/medxpert/data/raw/Pneumonia/pneu_Lung_Opacity-203.png,3,Pneumonia,0,1.2218335,0.39445642,0.38391685,0.10608799,0.115538776
/media/storage2/Anuj/5th international anujj ones/medxpert/data/raw/Pneumonia/pneu_Lung_Opacity-2035.png,3,Pneumonia,0,1.2248559,0.3941879,0.38180423,0.11576721,0.108240664
/media/storage2/Anuj/5th international anujj ones/medxpert/data/raw/Pneumonia/pneu_Lung_Opacity-2045.png,3,Pneumonia,0,1.249546,0.40244496,0.3468631,0.1013254,0.14936651
/media/storage2/Anuj/5th international anujj ones/medxpert/data/raw/Pneumonia/pneu_Lung_Opacity-2126.png,3,Pneumonia,1,1.2566383,0.2988219,0.43765002,0.12894294,0.13458513
/media/storage2/Anuj/5th international anujj ones/medxpert/data/raw/Pneumonia/pneu_Lung_Opacity-2151.png,3,Pneumonia,1,1.0601643,0.0042199953,0.4436318,0.3721415,0.1800067
/media/storage2/Anuj/5th international anujj ones/medxpert/data/raw/Pneumonia/pneu_Lung_Opacity-2159.png,3,Pneumonia,0,1.2229052,0.392951,0.3843916,0.10428742,0.11836989
/media/storage2/Anuj/5th international anujj ones/medxpert/data/raw/Pneumonia/pneu_Lung_Opacity-2161.png,3,Pneumonia,1,1.2581619,0.26326194,0.4580848,0.14113517,0.13751806
/media/storage2/Anuj/5th international anujj ones/medxpert/data/raw/Pneumonia/pneu_Lung_Opacity-2212.png,3,Pneumonia,1,1.2475504,0.32374394,0.42686215,0.12915374,0.12024009
/media/storage2/Anuj/5th international anujj ones/medxpert/data/raw/Pneumonia/pneu_Lung_Opacity-222.png,3,Pneumonia,0,1.2225336,0.39706782,0.38077974,0.10845557,0.11369686
/media/storage2/Anuj/5th international anujj ones/medxpert/data/raw/Pneumonia/pneu_Lung_Opacity-2223.png,3,Pneumonia,0,1.2339789,0.39738932,0.36984658,0.104242496,0.12852159
/media/storage2/Anuj/5th international anujj ones/medxpert/data/raw/Pneumonia/pneu_Lung_Opacity-2239.png,3,Pneumonia,0,1.2179856,0.39487335,0.38669068,0.11130676,0.107129194
/media/storage2/Anuj/5th international anujj ones/medxpert/data/raw/Pneumonia/pneu_Lung_Opacity-2261.png,3,Pneumonia,1,1.3291371,0.25110358,0.33629203,0.12185554,0.29074895
/media/storage2/Anuj/5th international anujj ones/medxpert/data/raw/Pneumonia/pneu_Lung_Opacity-2306.png,3,Pneumonia,0,1.2263621,0.40132818,0.37192786,0.10018238,0.12656155
/media/storage2/Anuj/5th international anujj ones/medxpert/data/raw/Pneumonia/pneu_Lung_Opacity-231.png,3,Pneumonia,1,1.1325201,0.02316801,0.45628121,0.31906754,0.2014833
/media/storage2/Anuj/5th international anujj ones/medxpert/data/raw/Pneumonia/pneu_Lung_Opacity-2322.png,3,Pneumonia,0,1.222429,0.39463663,0.3833963,0.10937471,0.11259231
/media/storage2/Anuj/5th international anujj ones/medxpert/data/raw/Pneumonia/pneu_Lung_Opacity-2331.png,3,Pneumonia,1,1.2299178,0.38362163,0.38830814,0.10991076,0.1181595
/media/storage2/Anuj/5th international anujj ones/medxpert/data/raw/Pneumonia/pneu_Lung_Opacity-2335.png,3,Pneumonia,0,1.2259269,0.40676966,0.36683297,0.10217378,0.12422359
/media/storage2/Anuj/5th international anujj ones/medxpert/data/raw/Pneumonia/pneu_Lung_Opacity-2343.png,3,Pneumonia,1,1.2218745,0.086635195,0.4821947,0.24239676,0.18877336
/media/storage2/Anuj/5th international anujj ones/medxpert/data/raw/Pneumonia/pneu_Lung_Opacity-2345.png,3,Pneumonia,0,1.2351965,0.40316042,0.36314338,0.10841275,0.12528348
/media/storage2/Anuj/5th international anujj ones/medxpert/data/raw/Pneumonia/pneu_Lung_Opacity-2347.png,3,Pneumonia,1,1.2213926,0.38263655,0.3961848,0.10869527,0.1124834
/media/storage2/Anuj/5th international anujj ones/medxpert/data/raw/Pneumonia/pneu_Lung_Opacity-2388.png,3,Pneumonia,0,1.2207556,0.40213922,0.37656617,0.10311501,0.11817959
/media/storage2/Anuj/5th international anujj ones/medxpert/data/raw/Pneumonia/pneu_Lung_Opacity-2411.png,3,Pneumonia,1,1.0721743,0.006192831,0.4489693,0.35802454,0.18681338
/media/storage2/Anuj/5th international anujj ones/medxpert/data/raw/Pneumonia/pneu_Lung_Opacity-2417.png,3,Pneumonia,0,1.2165663,0.40551344,0.37613192,0.09957287,0.11878175
/media/storage2/Anuj/5th international anujj ones/medxpert/data/raw/Pneumonia/pneu_Lung_Opacity-2421.png,3,Pneumonia,1,1.2415707,0.33286375,0.4245681,0.12329597,0.11927208
/media/storage2/Anuj/5th international anujj ones/medxpert/data/raw/Pneumonia/pneu_Lung_Opacity-2432.png,3,Pneumonia,1,1.2474747,0.28227922,0.45541027,0.14020653,0.12210399
/media/storage2/Anuj/5th international anujj ones/medxpert/data/raw/Pneumonia/pneu_Lung_Opacity-2584.png,3,Pneumonia,0,1.2231109,0.40419966,0.37239984,0.10377087,0.11962965
/media/storage2/Anuj/5th international anujj ones/medxpert/data/raw/Pneumonia/pneu_Lung_Opacity-2618.png,3,Pneumonia,0,1.2212027,0.3995851,0.37889716,0.10338149,0.11813627
/media/storage2/Anuj/5th international anujj ones/medxpert/data/raw/Pneumonia/pneu_Lung_Opacity-2672.png,3,Pneumonia,0,1.2230566,0.39932966,0.377763,0.11773698,0.10517038
/media/storage2/Anuj/5th international anujj ones/medxpert/data/raw/Pneumonia/pneu_Lung_Opacity-2679.png,3,Pneumonia,1,1.2243893,0.3841265,0.39218166,0.1064854,0.11720641
/media/storage2/Anuj/5th international anujj ones/medxpert/data/raw/Pneumonia/pneu_Lung_Opacity-2680.png,3,Pneumonia,1,1.211406,0.09614874,0.5022898,0.23028156,0.17127995
/media/storage2/Anuj/5th international anujj ones/medxpert/data/raw/Pneumonia/pneu_Lung_Opacity-2698.png,3,Pneumonia,1,1.2466756,0.34067386,0.41400477,0.120452374,0.12486902
/media/storage2/Anuj/5th international anujj ones/medxpert/data/raw/Pneumonia/pneu_Lung_Opacity-2704.png,3,Pneumonia,0,1.2363466,0.38431606,0.3823569,0.113946036,0.11938095
/media/storage2/Anuj/5th international anujj ones/medxpert/data/raw/Pneumonia/pneu_Lung_Opacity-2736.png,3,Pneumonia,1,1.2839339,0.35387886,0.3637837,0.1166155,0.165722
/media/storage2/Anuj/5th international anujj ones/medxpert/data/raw/Pneumonia/pneu_Lung_Opacity-2748.png,3,Pneumonia,0,1.2241367,0.40497553,0.3705784,0.103205614,0.12124051
/media/storage2/Anuj/5th international anujj ones/medxpert/data/raw/Pneumonia/pneu_Lung_Opacity-2759.png,3,Pneumonia,1,1.2468929,0.30889788,0.43859705,0.12765229,0.12485277
/media/storage2/Anuj/5th international anujj ones/medxpert/data/raw/Pneumonia/pneu_Lung_Opacity-2761.png,3,Pneumonia,0,1.216314,0.40304965,0.37959477,0.10711864,0.11023701
/media/storage2/Anuj/5th international anujj ones/medxpert/data/raw/Pneumonia/pneu_Lung_Opacity-2827.png,3,Pneumonia,1,1.2342627,0.35655063,0.409878,0.12503724,0.10853414
/media/storage2/Anuj/5th international anujj ones/medxpert/data/raw/Pneumonia/pneu_Lung_Opacity-2874.png,3,Pneumonia,0,1.2266612,0.39718962,0.37729028,0.114794284,0.110725865
/media/storage2/Anuj/5th international anujj ones/medxpert/data/raw/Pneumonia/pneu_Lung_Opacity-288.png,3,Pneumonia,0,1.2236685,0.41339493,0.36149496,0.10174657,0.123363614
/media/storage2/Anuj/5th international anujj ones/medxpert/data/raw/Pneumonia/pneu_Lung_Opacity-2892.png,3,Pneumonia,1,1.2334278,0.35391405,0.41325203,0.11983366,0.11300028
/media/storage2/Anuj/5th international anujj ones/medxpert/data/raw/Pneumonia/pneu_Lung_Opacity-2902.png,3,Pneumonia,0,1.2216771,0.3896695,0.38904497,0.110632256,0.11065325
/media/storage2/Anuj/5th international anujj ones/medxpert/data/raw/Pneumonia/pneu_Lung_Opacity-2924.png,3,Pneumonia,0,1.2172823,0.39847395,0.38345367,0.10463031,0.1134421
/media/storage2/Anuj/5th international anujj ones/medxpert/data/raw/Pneumonia/pneu_Lung_Opacity-2931.png,3,Pneumonia,0,1.2164505,0.4091291,0.3727664,0.1028831,0.115221314
/media/storage2/Anuj/5th international anujj ones/medxpert/data/raw/Pneumonia/pneu_Lung_Opacity-2940.png,3,Pneumonia,0,1.2198178,0.39481443,0.38513854,0.10491872,0.11512837
/media/storage2/Anuj/5th international anujj ones/medxpert/data/raw/Pneumonia/pneu_Lung_Opacity-2953.png,3,Pneumonia,0,1.2147702,0.4024402,0.3814544,0.10986539,0.10624004
/media/storage2/Anuj/5th international anujj ones/medxpert/data/raw/Pneumonia/pneu_Lung_Opacity-2971.png,3,Pneumonia,1,1.2385392,0.176004,0.5014993,0.17840959,0.14408714
/media/storage2/Anuj/5th international anujj ones/medxpert/data/raw/Pneumonia/pneu_Lung_Opacity-3015.png,3,Pneumonia,1,1.1547788,0.031797476,0.46100226,0.29775083,0.20944946
/media/storage2/Anuj/5th international anujj ones/medxpert/data/raw/Pneumonia/pneu_Lung_Opacity-3037.png,3,Pneumonia,0,1.2204088,0.40313256,0.37618846,0.108281195,0.11239777
/media/storage2/Anuj/5th international anujj ones/medxpert/data/raw/Pneumonia/pneu_Lung_Opacity-3043.png,3,Pneumonia,1,1.212007,0.09985915,0.5047037,0.22629386,0.16914329
/media/storage2/Anuj/5th international anujj ones/medxpert/data/raw/Pneumonia/pneu_Lung_Opacity-3060.png,3,Pneumonia,0,1.214041,0.41099748,0.3725439,0.10050829,0.11595029
/media/storage2/Anuj/5th international anujj ones/medxpert/data/raw/Pneumonia/pneu_Lung_Opacity-3088.png,3,Pneumonia,0,1.260419,0.40005785,0.3328871,0.09729938,0.1697556
/media/storage2/Anuj/5th international anujj ones/medxpert/data/raw/Pneumonia/pneu_Lung_Opacity-3112.png,3,Pneumonia,0,1.2453312,0.40081438,0.35568112,0.108008385,0.1354961
/media/storage2/Anuj/5th international anujj ones/medxpert/data/raw/Pneumonia/pneu_Lung_Opacity-312.png,3,Pneumonia,0,1.2294667,0.39138788,0.3809177,0.11073763,0.11695681
/media/storage2/Anuj/5th international anujj ones/medxpert/data/raw/Pneumonia/pneu_Lung_Opacity-3150.png,3,Pneumonia,0,1.239583,0.42095467,0.3391983,0.117181465,0.122665636
/media/storage2/Anuj/5th international anujj ones/medxpert/data/raw/Pneumonia/pneu_Lung_Opacity-3151.png,3,Pneumonia,1,1.238935,0.37083927,0.39334616,0.11468773,0.121126845
/media/storage2/Anuj/5th international anujj ones/medxpert/data/raw/Pneumonia/pneu_Lung_Opacity-3163.png,3,Pneumonia,0,1.2205076,0.39321655,0.3862662,0.10592242,0.11459493
/media/storage2/Anuj/5th international anujj ones/medxpert/data/raw/Pneumonia/pneu_Lung_Opacity-3192.png,3,Pneumonia,0,1.22612,0.39143854,0.3833423,0.10573679,0.119482405
/media/storage2/Anuj/5th international anujj ones/medxpert/data/raw/Pneumonia/pneu_Lung_Opacity-3212.png,3,Pneumonia,0,1.2187967,0.3996774,0.380953,0.10461008,0.11475954
/media/storage2/Anuj/5th international anujj ones/medxpert/data/raw/Pneumonia/pneu_Lung_Opacity-3228.png,3,Pneumonia,1,1.2484705,0.18269694,0.49283272,0.17457238,0.14989801
/media/storage2/Anuj/5th international anujj ones/medxpert/data/raw/Pneumonia/pneu_Lung_Opacity-3236.png,3,Pneumonia,0,1.2153716,0.4040881,0.37896514,0.10198157,0.11496517
/media/storage2/Anuj/5th international anujj ones/medxpert/data/raw/Pneumonia/pneu_Lung_Opacity-3288.png,3,Pneumonia,1,1.2440491,0.36032122,0.3987306,0.11450204,0.12644602
/media/storage2/Anuj/5th international anujj ones/medxpert/data/raw/Pneumonia/pneu_Lung_Opacity-3339.png,3,Pneumonia,0,1.2257236,0.3938221,0.38156757,0.11326476,0.11134555
/media/storage2/Anuj/5th international anujj ones/medxpert/data/raw/Pneumonia/pneu_Lung_Opacity-3352.png,3,Pneumonia,1,1.2557231,0.08019372,0.4270895,0.2543968,0.23831993
/media/storage2/Anuj/5th international anujj ones/medxpert/data/raw/Pneumonia/pneu_Lung_Opacity-3356.png,3,Pneumonia,0,1.2287064,0.39387363,0.3785359,0.105286114,0.12230432
/media/storage2/Anuj/5th international anujj ones/medxpert/data/raw/Pneumonia/pneu_Lung_Opacity-3359.png,3,Pneumonia,1,1.2446191,0.06285515,0.4039949,0.27603173,0.25711828
/media/storage2/Anuj/5th international anujj ones/medxpert/data/raw/Pneumonia/pneu_Lung_Opacity-3365.png,3,Pneumonia,1,1.2308145,0.3770561,0.39405605,0.11152909,0.11735873
/media/storage2/Anuj/5th international anujj ones/medxpert/data/raw/Pneumonia/pneu_Lung_Opacity-337.png,3,Pneumonia,0,1.2168727,0.40550774,0.3763551,0.10363306,0.11450409
/media/storage2/Anuj/5th international anujj ones/medxpert/data/raw/Pneumonia/pneu_Lung_Opacity-3376.png,3,Pneumonia,1,1.2376224,0.084802635,0.45773974,0.25958288,0.1978748
/media/storage2/Anuj/5th international anujj ones/medxpert/data/raw/Pneumonia/pneu_Lung_Opacity-3400.png,3,Pneumonia,1,1.2235178,0.3744619,0.40237772,0.110712,0.11244848
/media/storage2/Anuj/5th international anujj ones/medxpert/data/raw/Pneumonia/pneu_Lung_Opacity-3408.png,3,Pneumonia,1,1.2352934,0.33941284,0.42421168,0.1186288,0.11774667
/media/storage2/Anuj/5th international anujj ones/medxpert/data/raw/Pneumonia/pneu_Lung_Opacity-3410.png,3,Pneumonia,1,1.2365656,0.36061996,0.40484634,0.11731406,0.11721962
/media/storage2/Anuj/5th international anujj ones/medxpert/data/raw/Pneumonia/pneu_Lung_Opacity-3455.png,3,Pneumonia,1,1.2463584,0.20099191,0.49108973,0.1691201,0.1387983
/media/storage2/Anuj/5th international anujj ones/medxpert/data/raw/Pneumonia/pneu_Lung_Opacity-350.png,3,Pneumonia,0,1.2188312,0.39844844,0.38209692,0.103429995,0.11602468
/media/storage2/Anuj/5th international anujj ones/medxpert/data/raw/Pneumonia/pneu_Lung_Opacity-3507.png,3,Pneumonia,0,1.229521,0.40520525,0.36600372,0.107296765,0.12149427
/media/storage2/Anuj/5th international anujj ones/medxpert/data/raw/Pneumonia/pneu_Lung_Opacity-3541.png,3,Pneumonia,1,1.2373538,0.15583287,0.5009866,0.19609194,0.14708865
/media/storage2/Anuj/5th international anujj ones/medxpert/data/raw/Pneumonia/pneu_Lung_Opacity-3569.png,3,Pneumonia,0,1.2252574,0.39917263,0.37587124,0.103937,0.1210192
/media/storage2/Anuj/5th international anujj ones/medxpert/data/raw/Pneumonia/pneu_Lung_Opacity-359.png,3,Pneumonia,0,1.2356844,0.40732566,0.3578814,0.10731203,0.12748088
/media/storage2/Anuj/5th international anujj ones/medxpert/data/raw/Pneumonia/pneu_Lung_Opacity-3630.png,3,Pneumonia,1,1.28717,0.32691303,0.3858031,0.122098945,0.16518497
/media/storage2/Anuj/5th international anujj ones/medxpert/data/raw/Pneumonia/pneu_Lung_Opacity-3673.png,3,Pneumonia,0,1.2278367,0.4085925,0.3635388,0.10511451,0.122754134
/media/storage2/Anuj/5th international anujj ones/medxpert/data/raw/Pneumonia/pneu_Lung_Opacity-3675.png,3,Pneumonia,0,1.220797,0.40610442,0.37238666,0.10384715,0.117661834
/media/storage2/Anuj/5th international anujj ones/medxpert/data/raw/Pneumonia/pneu_Lung_Opacity-3714.png,3,Pneumonia,1,1.2296194,0.38263103,0.3893627,0.1076478,0.12035846
/media/storage2/Anuj/5th international anujj ones/medxpert/data/raw/Pneumonia/pneu_Lung_Opacity-3750.png,3,Pneumonia,1,1.2272418,0.38412073,0.38992718,0.10796385,0.11798824
/media/storage2/Anuj/5th international anujj ones/medxpert/data/raw/Pneumonia/pneu_Lung_Opacity-3755.png,3,Pneumonia,0,1.2259752,0.4019007,0.3729325,0.11283048,0.11233635
/media/storage2/Anuj/5th international anujj ones/medxpert/data/raw/Pneumonia/pneu_Lung_Opacity-376.png,3,Pneumonia,1,1.2536577,0.17563625,0.48846576,0.18144806,0.15444991
/media/storage2/Anuj/5th international anujj ones/medxpert/data/raw/Pneumonia/pneu_Lung_Opacity-3772.png,3,Pneumonia,1,1.2272177,0.36867535,0.40466183,0.11920235,0.10746046
/media/storage2/Anuj/5th international anujj ones/medxpert/data/raw/Pneumonia/pneu_Lung_Opacity-3843.png,3,Pneumonia,0,1.2222381,0.3928297,0.38525432,0.10631243,0.11560347
/media/storage2/Anuj/5th international anujj ones/medxpert/data/raw/Pneumonia/pneu_Lung_Opacity-3865.png,3,Pneumonia,1,1.22961,0.37863022,0.3935624,0.113077,0.114730306
/media/storage2/Anuj/5th international anujj ones/medxpert/data/raw/Pneumonia/pneu_Lung_Opacity-3867.png,3,Pneumonia,1,1.2298217,0.37411416,0.39771467,0.11566194,0.11250925
/media/storage2/Anuj/5th international anujj ones/medxpert/data/raw/Pneumonia/pneu_Lung_Opacity-3872.png,3,Pneumonia,0,1.2303051,0.39486828,0.3762616,0.10668633,0.12218377
/media/storage2/Anuj/5th international anujj ones/medxpert/data/raw/Pneumonia/pneu_Lung_Opacity-3904.png,3,Pneumonia,1,1.2386456,0.35507065,0.40814066,0.117615536,0.119173214
/media/storage2/Anuj/5th international anujj ones/medxpert/data/raw/Pneumonia/pneu_Lung_Opacity-3908.png,3,Pneumonia,0,1.2310829,0.40020484,0.36922565,0.10257552,0.12799396
/media/storage2/Anuj/5th international anujj ones/medxpert/data/raw/Pneumonia/pneu_Lung_Opacity-3976.png,3,Pneumonia,1,1.2377688,0.34695044,0.41578674,0.12315125,0.114111565
/media/storage2/Anuj/5th international anujj ones/medxpert/data/raw/Pneumonia/pneu_Lung_Opacity-3992.png,3,Pneumonia,1,1.2235596,0.38753387,0.3896472,0.10936709,0.113451876
/media/storage2/Anuj/5th international anujj ones/medxpert/data/raw/Pneumonia/pneu_Lung_Opacity-4044.png,3,Pneumonia,1,1.0796652,0.007202676,0.44212213,0.36077112,0.18990403
/media/storage2/Anuj/5th international anujj ones/medxpert/data/raw/Pneumonia/pneu_Lung_Opacity-4100.png,3,Pneumonia,0,1.2295946,0.40907758,0.3609432,0.102782145,0.12719709
/media/storage2/Anuj/5th international anujj ones/medxpert/data/raw/Pneumonia/pneu_Lung_Opacity-4114.png,3,Pneumonia,1,1.2463403,0.36527798,0.39207608,0.11399022,0.12865573
/media/storage2/Anuj/5th international anujj ones/medxpert/data/raw/Pneumonia/pneu_Lung_Opacity-4162.png,3,Pneumonia,0,1.2274162,0.3936232,0.37995204,0.10546654,0.120958254
/media/storage2/Anuj/5th international anujj ones/medxpert/data/raw/Pneumonia/pneu_Lung_Opacity-4173.png,3,Pneumonia,1,1.2235894,0.3871557,0.38960427,0.10391577,0.11932426
/media/storage2/Anuj/5th international anujj ones/medxpert/data/raw/Pneumonia/pneu_Lung_Opacity-4203.png,3,Pneumonia,0,1.2293143,0.4043189,0.3663216,0.10203537,0.1273241
/media/storage2/Anuj/5th international anujj ones/medxpert/data/raw/Pneumonia/pneu_Lung_Opacity-4207.png,3,Pneumonia,1,1.232732,0.35699826,0.41115358,0.11663634,0.115211785
/media/storage2/Anuj/5th international anujj ones/medxpert/data/raw/Pneumonia/pneu_Lung_Opacity-4227.png,3,Pneumonia,0,1.2642453,0.41097197,0.32416153,0.11679882,0.14806767
/media/storage2/Anuj/5th international anujj ones/medxpert/data/raw/Pneumonia/pneu_Lung_Opacity-4231.png,3,Pneumonia,1,1.2383546,0.3448079,0.41727966,0.118335724,0.11957674
/media/storage2/Anuj/5th international anujj ones/medxpert/data/raw/Pneumonia/pneu_Lung_Opacity-4238.png,3,Pneumonia,0,1.2216849,0.40138212,0.37667254,0.10407571,0.11786961
/media/storage2/Anuj/5th international anujj ones/medxpert/data/raw/Pneumonia/pneu_Lung_Opacity-4240.png,3,Pneumonia,0,1.2193785,0.40644804,0.37282887,0.10059743,0.12012571
/media/storage2/Anuj/5th international anujj ones/medxpert/data/raw/Pneumonia/pneu_Lung_Opacity-4245.png,3,Pneumonia,1,1.2273452,0.38590026,0.3880049,0.10709585,0.11899895
/media/storage2/Anuj/5th international anujj ones/medxpert/data/raw/Pneumonia/pneu_Lung_Opacity-4297.png,3,Pneumonia,1,1.1912377,0.054149706,0.4714208,0.26711,0.20731953
/media/storage2/Anuj/5th international anujj ones/medxpert/data/raw/Pneumonia/pneu_Lung_Opacity-4305.png,3,Pneumonia,1,1.2359217,0.3481831,0.41630122,0.119988956,0.115526795
/media/storage2/Anuj/5th international anujj ones/medxpert/data/raw/Pneumonia/pneu_Lung_Opacity-4312.png,3,Pneumonia,0,1.2179064,0.39548862,0.38591918,0.10354572,0.11504647
/media/storage2/Anuj/5th international anujj ones/medxpert/data/raw/Pneumonia/pneu_Lung_Opacity-4330.png,3,Pneumonia,0,1.2179134,0.404003,0.3769663,0.102544,0.11648665
/media/storage2/Anuj/5th international anujj ones/medxpert/data/raw/Pneumonia/pneu_Lung_Opacity-4352.png,3,Pneumonia,1,1.3081266,0.3113528,0.3320813,0.099439725,0.25712618
/media/storage2/Anuj/5th international anujj ones/medxpert/data/raw/Pneumonia/pneu_Lung_Opacity-4354.png,3,Pneumonia,1,1.2263697,0.38536876,0.38940307,0.10771893,0.117509305
/media/storage2/Anuj/5th international anujj ones/medxpert/data/raw/Pneumonia/pneu_Lung_Opacity-4355.png,3,Pneumonia,1,1.2621228,0.23621792,0.46748573,0.14804733,0.148249
/media/storage2/Anuj/5th international anujj ones/medxpert/data/raw/Pneumonia/pneu_Lung_Opacity-4360.png,3,Pneumonia,0,1.2229806,0.39921063,0.377423,0.10114017,0.12222625
/media/storage2/Anuj/5th international anujj ones/medxpert/data/raw/Pneumonia/pneu_Lung_Opacity-437.png,3,Pneumonia,1,1.2325255,0.12401796,0.49745503,0.21600325,0.16252375
/media/storage2/Anuj/5th international anujj ones/medxpert/data/raw/Pneumonia/pneu_Lung_Opacity-4381.png,3,Pneumonia,0,1.2157499,0.40052032,0.38258627,0.1123405,0.104552895
/media/storage2/Anuj/5th international anujj ones/medxpert/data/raw/Pneumonia/pneu_Lung_Opacity-4431.png,3,Pneumonia,0,1.2179002,0.40160745,0.37952784,0.10279987,0.116064854
/media/storage2/Anuj/5th international anujj ones/medxpert/data/raw/Pneumonia/pneu_Lung_Opacity-4432.png,3,Pneumonia,1,1.2483171,0.1943978,0.4905692,0.17389885,0.14113414
/media/storage2/Anuj/5th international anujj ones/medxpert/data/raw/Pneumonia/pneu_Lung_Opacity-4443.png,3,Pneumonia,0,1.2224553,0.4017301,0.3753942,0.102184445,0.120691255
/media/storage2/Anuj/5th international anujj ones/medxpert/data/raw/Pneumonia/pneu_Lung_Opacity-4501.png,3,Pneumonia,0,1.2220613,0.39584553,0.38208088,0.10370784,0.11836581
/media/storage2/Anuj/5th international anujj ones/medxpert/data/raw/Pneumonia/pneu_Lung_Opacity-4527.png,3,Pneumonia,0,1.2153244,0.4087864,0.37432027,0.10957888,0.10731451
/media/storage2/Anuj/5th international anujj ones/medxpert/data/raw/Pneumonia/pneu_Lung_Opacity-4558.png,3,Pneumonia,1,1.2316868,0.38479802,0.38580307,0.113702916,0.115696006
/media/storage2/Anuj/5th international anujj ones/medxpert/data/raw/Pneumonia/pneu_Lung_Opacity-4575.png,3,Pneumonia,1,1.2356845,0.35735643,0.40848655,0.1162933,0.11786373
/media/storage2/Anuj/5th international anujj ones/medxpert/data/raw/Pneumonia/pneu_Lung_Opacity-4579.png,3,Pneumonia,0,1.2323132,0.38785312,0.38166642,0.10648755,0.123992905
/media/storage2/Anuj/5th international anujj ones/medxpert/data/raw/Pneumonia/pneu_Lung_Opacity-4656.png,3,Pneumonia,1,1.2619178,0.19553255,0.4791703,0.17179732,0.15349986
/media/storage2/Anuj/5th international anujj ones/medxpert/data/raw/Pneumonia/pneu_Lung_Opacity-4667.png,3,Pneumonia,1,1.2703378,0.1961454,0.47143623,0.17193457,0.16048387
/media/storage2/Anuj/5th international anujj ones/medxpert/data/raw/Pneumonia/pneu_Lung_Opacity-4731.png,3,Pneumonia,1,1.1877943,0.053324398,0.4738575,0.2682917,0.20452636
/media/storage2/Anuj/5th international anujj ones/medxpert/data/raw/Pneumonia/pneu_Lung_Opacity-4791.png,3,Pneumonia,1,1.2496133,0.3615161,0.39306825,0.12648942,0.11892629
/media/storage2/Anuj/5th international anujj ones/medxpert/data/raw/Pneumonia/pneu_Lung_Opacity-4797.png,3,Pneumonia,1,1.2410816,0.38058373,0.38185954,0.1126959,0.12486074
/media/storage2/Anuj/5th international anujj ones/medxpert/data/raw/Pneumonia/pneu_Lung_Opacity-4877.png,3,Pneumonia,1,1.2479926,0.34963652,0.40472692,0.13162172,0.11401486
/media/storage2/Anuj/5th international anujj ones/medxpert/data/raw/Pneumonia/pneu_Lung_Opacity-492.png,3,Pneumonia,1,1.2493109,0.23337282,0.47934306,0.14911518,0.13816898
/media/storage2/Anuj/5th international anujj ones/medxpert/data/raw/Pneumonia/pneu_Lung_Opacity-4929.png,3,Pneumonia,1,1.2007155,0.061135095,0.47107205,0.2658505,0.2019424
/media/storage2/Anuj/5th international anujj ones/medxpert/data/raw/Pneumonia/pneu_Lung_Opacity-4943.png,3,Pneumonia,1,1.2296529,0.38378528,0.38815972,0.107298136,0.12075685
/media/storage2/Anuj/5th international anujj ones/medxpert/data/raw/Pneumonia/pneu_Lung_Opacity-4952.png,3,Pneumonia,1,1.0637403,0.0036898337,0.4359507,0.37370628,0.18665318
/media/storage2/Anuj/5th international anujj ones/medxpert/data/raw/Pneumonia/pneu_Lung_Opacity-4973.png,3,Pneumonia,0,1.2246596,0.39990023,0.37548918,0.10292045,0.12169019
/media/storage2/Anuj/5th international anujj ones/medxpert/data/raw/Pneumonia/pneu_Lung_Opacity-4981.png,3,Pneumonia,0,1.2908869,0.36739448,0.30895397,0.094001204,0.2296504
/media/storage2/Anuj/5th international anujj ones/medxpert/data/raw/Pneumonia/pneu_Lung_Opacity-5025.png,3,Pneumonia,0,1.2842985,0.3584676,0.31618497,0.085276216,0.24007125
/media/storage2/Anuj/5th international anujj ones/medxpert/data/raw/Pneumonia/pneu_Lung_Opacity-5026.png,3,Pneumonia,1,1.2404039,0.08005488,0.4446328,0.27243072,0.20288156
/media/storage2/Anuj/5th international anujj ones/medxpert/data/raw/Pneumonia/pneu_Lung_Opacity-5063.png,3,Pneumonia,0,1.2187043,0.39973658,0.38078246,0.1026146,0.11686643
/media/storage2/Anuj/5th international anujj ones/medxpert/data/raw/Pneumonia/pneu_Lung_Opacity-5074.png,3,Pneumonia,1,1.2270254,0.37899965,0.3952315,0.11558566,0.11018316
/media/storage2/Anuj/5th international anujj ones/medxpert/data/raw/Pneumonia/pneu_Lung_Opacity-5118.png,3,Pneumonia,1,1.2421572,0.17507516,0.49792168,0.18289645,0.14410679
/media/storage2/Anuj/5th international anujj ones/medxpert/data/raw/Pneumonia/pneu_Lung_Opacity-5142.png,3,Pneumonia,0,1.2220838,0.39389783,0.3842978,0.1063555,0.11544891
/media/storage2/Anuj/5th international anujj ones/medxpert/data/raw/Pneumonia/pneu_Lung_Opacity-5157.png,3,Pneumonia,1,1.2269697,0.3833702,0.39093927,0.10863741,0.1170531
/media/storage2/Anuj/5th international anujj ones/medxpert/data/raw/Pneumonia/pneu_Lung_Opacity-5161.png,3,Pneumonia,0,1.2226114,0.39283937,0.38494274,0.106437586,0.11578029
/media/storage2/Anuj/5th international anujj ones/medxpert/data/raw/Pneumonia/pneu_Lung_Opacity-517.png,3,Pneumonia,0,1.2209746,0.40594885,0.3721808,0.1020989,0.11977141
/media/storage2/Anuj/5th international anujj ones/medxpert/data/raw/Pneumonia/pneu_Lung_Opacity-5181.png,3,Pneumonia,0,1.2158021,0.40962297,0.37255898,0.10083516,0.116982885
/media/storage2/Anuj/5th international anujj ones/medxpert/data/raw/Pneumonia/pneu_Lung_Opacity-5190.png,3,Pneumonia,0,1.2136858,0.40717497,0.37699696,0.100891106,0.11493699
/media/storage2/Anuj/5th international anujj ones/medxpert/data/raw/Pneumonia/pneu_Lung_Opacity-5199.png,3,Pneumonia,0,1.2201033,0.3999972,0.37971824,0.107841276,0.112443246
/media/storage2/Anuj/5th international anujj ones/medxpert/data/raw/Pneumonia/pneu_Lung_Opacity-520.png,3,Pneumonia,1,1.1036294,0.012945614,0.4539175,0.33162886,0.20150802
/media/storage2/Anuj/5th international anujj ones/medxpert/data/raw/Pneumonia/pneu_Lung_Opacity-5231.png,3,Pneumonia,0,1.2229177,0.39282855,0.38486487,0.110921666,0.111384876
/media/storage2/Anuj/5th international anujj ones/medxpert/data/raw/Pneumonia/pneu_Lung_Opacity-533.png,3,Pneumonia,0,1.2268009,0.4070671,0.36632618,0.106437705,0.12016903
/media/storage2/Anuj/5th international anujj ones/medxpert/data/raw/Pneumonia/pneu_Lung_Opacity-5337.png,3,Pneumonia,1,1.2344537,0.34188303,0.42281988,0.117443725,0.11785339
/media/storage2/Anuj/5th international anujj ones/medxpert/data/raw/Pneumonia/pneu_Lung_Opacity-5350.png,3,Pneumonia,0,1.2145829,0.40858316,0.37476978,0.10122353,0.11542361
/media/storage2/Anuj/5th international anujj ones/medxpert/data/raw/Pneumonia/pneu_Lung_Opacity-5365.png,3,Pneumonia,0,1.21329,0.40823013,0.37614357,0.10035064,0.1152756
/media/storage2/Anuj/5th international anujj ones/medxpert/data/raw/Pneumonia/pneu_Lung_Opacity-5386.png,3,Pneumonia,0,1.2175508,0.4002509,0.38149738,0.11163612,0.10661558
/media/storage2/Anuj/5th international anujj ones/medxpert/data/raw/Pneumonia/pneu_Lung_Opacity-5391.png,3,Pneumonia,0,1.2300828,0.4055234,0.3644394,0.10285337,0.12718388
/media/storage2/Anuj/5th international anujj ones/medxpert/data/raw/Pneumonia/pneu_Lung_Opacity-5392.png,3,Pneumonia,0,1.227055,0.4017905,0.37172514,0.105711766,0.120772585
/media/storage2/Anuj/5th international anujj ones/medxpert/data/raw/Pneumonia/pneu_Lung_Opacity-5394.png,3,Pneumonia,1,1.2581314,0.28109333,0.4479158,0.13535528,0.13563561
/media/storage2/Anuj/5th international anujj ones/medxpert/data/raw/Pneumonia/pneu_Lung_Opacity-5396.png,3,Pneumonia,0,1.2560121,0.39292127,0.3538356,0.11080107,0.14244206
/media/storage2/Anuj/5th international anujj ones/medxpert/data/raw/Pneumonia/pneu_Lung_Opacity-5468.png,3,Pneumonia,0,1.229586,0.40679628,0.36313856,0.10115708,0.12890804
/media/storage2/Anuj/5th international anujj ones/medxpert/data/raw/Pneumonia/pneu_Lung_Opacity-5490.png,3,Pneumonia,0,1.2267773,0.40350294,0.3699604,0.104369245,0.12216741
/media/storage2/Anuj/5th international anujj ones/medxpert/data/raw/Pneumonia/pneu_Lung_Opacity-5542.png,3,Pneumonia,0,1.2343735,0.3913736,0.37558728,0.10316604,0.12987304
/media/storage2/Anuj/5th international anujj ones/medxpert/data/raw/Pneumonia/pneu_Lung_Opacity-5552.png,3,Pneumonia,0,1.2459772,0.41396457,0.33538687,0.09781206,0.15283653
/media/storage2/Anuj/5th international anujj ones/medxpert/data/raw/Pneumonia/pneu_Lung_Opacity-5557.png,3,Pneumonia,1,1.2473869,0.33385423,0.4188329,0.12991358,0.117399365
/media/storage2/Anuj/5th international anujj ones/medxpert/data/raw/Pneumonia/pneu_Lung_Opacity-5559.png,3,Pneumonia,0,1.2270641,0.40776998,0.36491483,0.103517175,0.123798035
/media/storage2/Anuj/5th international anujj ones/medxpert/data/raw/Pneumonia/pneu_Lung_Opacity-556.png,3,Pneumonia,0,1.2364984,0.3878725,0.37799138,0.10732896,0.12680718
/media/storage2/Anuj/5th international anujj ones/medxpert/data/raw/Pneumonia/pneu_Lung_Opacity-5611.png,3,Pneumonia,0,1.2175344,0.40211186,0.37943348,0.114225894,0.10422881
/media/storage2/Anuj/5th international anujj ones/medxpert/data/raw/Pneumonia/pneu_Lung_Opacity-5623.png,3,Pneumonia,1,1.2431614,0.322705,0.4312867,0.12541689,0.1205914
/media/storage2/Anuj/5th international anujj ones/medxpert/data/raw/Pneumonia/pneu_Lung_Opacity-5627.png,3,Pneumonia,1,1.2257931,0.38274622,0.39230502,0.10580618,0.11914253
/media/storage2/Anuj/5th international anujj ones/medxpert/data/raw/Pneumonia/pneu_Lung_Opacity-5699.png,3,Pneumonia,1,1.2311226,0.13138467,0.50034684,0.21485563,0.1534129
/media/storage2/Anuj/5th international anujj ones/medxpert/data/raw/Pneumonia/pneu_Lung_Opacity-5717.png,3,Pneumonia,1,1.2253921,0.38651237,0.38896954,0.10628117,0.11823695
/media/storage2/Anuj/5th international anujj ones/medxpert/data/raw/Pneumonia/pneu_Lung_Opacity-5740.png,3,Pneumonia,0,1.2145325,0.4057601,0.37797824,0.10285135,0.11341034
/media/storage2/Anuj/5th international anujj ones/medxpert/data/raw/Pneumonia/pneu_Lung_Opacity-5790.png,3,Pneumonia,0,1.2250295,0.40623578,0.36812055,0.10150027,0.12414336
/media/storage2/Anuj/5th international anujj ones/medxpert/data/raw/Pneumonia/pneu_Lung_Opacity-5795.png,3,Pneumonia,1,1.255528,0.16582572,0.48563454,0.19363031,0.1549095
/media/storage2/Anuj/5th international anujj ones/medxpert/data/raw/Pneumonia/pneu_Lung_Opacity-5797.png,3,Pneumonia,0,1.2156103,0.41091558,0.3714802,0.115410164,0.10219407
/media/storage2/Anuj/5th international anujj ones/medxpert/data/raw/Pneumonia/pneu_Lung_Opacity-5849.png,3,Pneumonia,0,1.233613,0.40990847,0.3569705,0.10736803,0.12575302
/media/storage2/Anuj/5th international anujj ones/medxpert/data/raw/Pneumonia/pneu_Lung_Opacity-5860.png,3,Pneumonia,0,1.2272764,0.39956617,0.37383258,0.105201915,0.12139933
/media/storage2/Anuj/5th international anujj ones/medxpert/data/raw/Pneumonia/pneu_Lung_Opacity-5871.png,3,Pneumonia,0,1.2416414,0.4089452,0.3482918,0.10135896,0.14140406
/media/storage2/Anuj/5th international anujj ones/medxpert/data/raw/Pneumonia/pneu_Lung_Opacity-5888.png,3,Pneumonia,1,1.2560071,0.07545243,0.41428033,0.23870362,0.27156368
/media/storage2/Anuj/5th international anujj ones/medxpert/data/raw/Pneumonia/pneu_Lung_Opacity-5892.png,3,Pneumonia,0,1.223663,0.39098477,0.3857248,0.104120515,0.11916986
/media/storage2/Anuj/5th international anujj ones/medxpert/data/raw/Pneumonia/pneu_Lung_Opacity-5915.png,3,Pneumonia,0,1.2239077,0.4037901,0.37225834,0.1047805,0.11917106
/media/storage2/Anuj/5th international anujj ones/medxpert/data/raw/Pneumonia/pneu_Lung_Opacity-5942.png,3,Pneumonia,1,1.3069699,0.28956378,0.3918619,0.13329746,0.18527688
/media/storage2/Anuj/5th international anujj ones/medxpert/data/raw/Pneumonia/pneu_Lung_Opacity-5996.png,3,Pneumonia,0,1.2267687,0.39673868,0.3774763,0.107354805,0.11843019
/media/storage2/Anuj/5th international anujj ones/medxpert/data/raw/Pneumonia/pneu_Lung_Opacity-6005.png,3,Pneumonia,1,1.2334116,0.36403945,0.40420684,0.11875763,0.112996005
/media/storage2/Anuj/5th international anujj ones/medxpert/data/raw/Pneumonia/pneu_Lung_Opacity-636.png,3,Pneumonia,0,1.2193959,0.40944782,0.37006304,0.10466758,0.11582152
/media/storage2/Anuj/5th international anujj ones/medxpert/data/raw/Pneumonia/pneu_Lung_Opacity-651.png,3,Pneumonia,1,1.2348217,0.36853135,0.39896,0.115078874,0.11742969
/media/storage2/Anuj/5th international anujj ones/medxpert/data/raw/Pneumonia/pneu_Lung_Opacity-656.png,3,Pneumonia,1,1.2573826,0.18701027,0.48422644,0.17669222,0.15207109
/media/storage2/Anuj/5th international anujj ones/medxpert/data/raw/Pneumonia/pneu_Lung_Opacity-684.png,3,Pneumonia,0,1.2338802,0.38558614,0.3828414,0.10872064,0.122851804
/media/storage2/Anuj/5th international anujj ones/medxpert/data/raw/Pneumonia/pneu_Lung_Opacity-727.png,3,Pneumonia,0,1.2206223,0.40349486,0.37531942,0.10378252,0.11740313
/media/storage2/Anuj/5th international anujj ones/medxpert/data/raw/Pneumonia/pneu_Lung_Opacity-814.png,3,Pneumonia,1,1.2397417,0.20961961,0.49530193,0.1557209,0.13935758
/media/storage2/Anuj/5th international anujj ones/medxpert/data/raw/Pneumonia/pneu_Lung_Opacity-818.png,3,Pneumonia,0,1.2168161,0.40727243,0.37426317,0.10119866,0.11726574
/media/storage2/Anuj/5th international anujj ones/medxpert/data/raw/Pneumonia/pneu_Lung_Opacity-82.png,3,Pneumonia,0,1.2219217,0.3982194,0.37961823,0.10269226,0.1194701
/media/storage2/Anuj/5th international anujj ones/medxpert/data/raw/Pneumonia/pneu_Lung_Opacity-841.png,3,Pneumonia,0,1.2427626,0.39716452,0.36037126,0.100993656,0.14147057
/media/storage2/Anuj/5th international anujj ones/medxpert/data/raw/Pneumonia/pneu_Lung_Opacity-908.png,3,Pneumonia,0,1.259989,0.387427,0.35472828,0.10856461,0.14928015
/media/storage2/Anuj/5th international anujj ones/medxpert/data/raw/Pneumonia/pneu_Lung_Opacity-939.png,3,Pneumonia,0,1.2283607,0.4057437,0.36603558,0.104084566,0.124136165
/media/storage2/Anuj/5th international anujj ones/medxpert/data/raw/Pneumonia/pneu_Lung_Opacity-952.png,3,Pneumonia,0,1.2210047,0.41048384,0.36626455,0.09717597,0.12607558
/media/storage2/Anuj/5th international anujj ones/medxpert/data/raw/Pneumonia/pneu_Lung_Opacity-974.png,3,Pneumonia,1,1.2296481,0.36198792,0.40906158,0.11723281,0.11171775
/media/storage2/Anuj/5th international anujj ones/medxpert/data/raw/Pneumonia/pneu_Lung_Opacity-987.png,3,Pneumonia,1,1.2074821,0.08083844,0.49044943,0.24871235,0.17999983
/media/storage2/Anuj/5th international anujj ones/medxpert/data/raw/Pneumonia/pneu_Viral Pneumonia-1073.png,3,Pneumonia,1,1.2432518,0.33561873,0.42088467,0.12611878,0.117377765
/media/storage2/Anuj/5th international anujj ones/medxpert/data/raw/Pneumonia/pneu_Viral Pneumonia-1116.png,3,Pneumonia,1,1.247794,0.32276145,0.42746988,0.1284736,0.12129513
/media/storage2/Anuj/5th international anujj ones/medxpert/data/raw/Pneumonia/pneu_Viral Pneumonia-1136.png,3,Pneumonia,1,1.2451174,0.28818128,0.4539806,0.13310955,0.12472862
/media/storage2/Anuj/5th international anujj ones/medxpert/data/raw/Pneumonia/pneu_Viral Pneumonia-1163.png,3,Pneumonia,0,1.2246848,0.38957053,0.38672483,0.11059903,0.11310561
/media/storage2/Anuj/5th international anujj ones/medxpert/data/raw/Pneumonia/pneu_Viral Pneumonia-1165.png,3,Pneumonia,0,1.2266059,0.38777882,0.3869706,0.111350164,0.11390043
/media/storage2/Anuj/5th international anujj ones/medxpert/data/raw/Pneumonia/pneu_Viral Pneumonia-1168.png,3,Pneumonia,0,1.221762,0.39132336,0.3872829,0.10856403,0.11282976
/media/storage2/Anuj/5th international anujj ones/medxpert/data/raw/Pneumonia/pneu_Viral Pneumonia-1199.png,3,Pneumonia,1,1.2267159,0.38023153,0.39433664,0.11288647,0.11254537
/media/storage2/Anuj/5th international anujj ones/medxpert/data/raw/Pneumonia/pneu_Viral Pneumonia-1213.png,3,Pneumonia,0,1.2190726,0.39855218,0.3818387,0.103986286,0.11562287
/media/storage2/Anuj/5th international anujj ones/medxpert/data/raw/Pneumonia/pneu_Viral Pneumonia-1219.png,3,Pneumonia,0,1.2289159,0.38831782,0.38455695,0.113157004,0.11396825
/media/storage2/Anuj/5th international anujj ones/medxpert/data/raw/Pneumonia/pneu_Viral Pneumonia-1304.png,3,Pneumonia,1,1.2225126,0.3844659,0.39353138,0.109808,0.1121947
/media/storage2/Anuj/5th international anujj ones/medxpert/data/raw/Pneumonia/pneu_Viral Pneumonia-1337.png,3,Pneumonia,1,1.2348223,0.3644151,0.4027867,0.11661503,0.11618314
/media/storage2/Anuj/5th international anujj ones/medxpert/data/raw/Pneumonia/pneu_Viral Pneumonia-204.png,3,Pneumonia,0,1.2358922,0.3930884,0.3737609,0.11378383,0.1193669
/media/storage2/Anuj/5th international anujj ones/medxpert/data/raw/Pneumonia/pneu_Viral Pneumonia-216.png,3,Pneumonia,1,1.2489569,0.36714628,0.3883412,0.11844514,0.12606741
/media/storage2/Anuj/5th international anujj ones/medxpert/data/raw/Pneumonia/pneu_Viral Pneumonia-221.png,3,Pneumonia,0,1.222448,0.3970765,0.3807406,0.10656418,0.115618624
/media/storage2/Anuj/5th international anujj ones/medxpert/data/raw/Pneumonia/pneu_Viral Pneumonia-227.png,3,Pneumonia,0,1.2309245,0.3894489,0.3817156,0.112041794,0.116793714
/media/storage2/Anuj/5th international anujj ones/medxpert/data/raw/Pneumonia/pneu_Viral Pneumonia-246.png,3,Pneumonia,0,1.2193556,0.39333442,0.38712785,0.10663988,0.11289787
/media/storage2/Anuj/5th international anujj ones/medxpert/data/raw/Pneumonia/pneu_Viral Pneumonia-247.png,3,Pneumonia,0,1.2261271,0.39129865,0.3837855,0.11025226,0.114663616
/media/storage2/Anuj/5th international anujj ones/medxpert/data/raw/Pneumonia/pneu_Viral Pneumonia-253.png,3,Pneumonia,1,1.2277551,0.37531447,0.39821115,0.11520625,0.111268066
/media/storage2/Anuj/5th international anujj ones/medxpert/data/raw/Pneumonia/pneu_Viral Pneumonia-272.png,3,Pneumonia,1,1.2288363,0.3696464,0.4027213,0.11429607,0.11333621
/media/storage2/Anuj/5th international anujj ones/medxpert/data/raw/Pneumonia/pneu_Viral Pneumonia-302.png,3,Pneumonia,0,1.2275951,0.3911209,0.38277882,0.11126393,0.114836305
/media/storage2/Anuj/5th international anujj ones/medxpert/data/raw/Pneumonia/pneu_Viral Pneumonia-313.png,3,Pneumonia,0,1.2499366,0.38097346,0.37381595,0.11779614,0.12741445
/media/storage2/Anuj/5th international anujj ones/medxpert/data/raw/Pneumonia/pneu_Viral Pneumonia-335.png,3,Pneumonia,0,1.2345579,0.3968039,0.3709636,0.11247623,0.11975626
/media/storage2/Anuj/5th international anujj ones/medxpert/data/raw/Pneumonia/pneu_Viral Pneumonia-346.png,3,Pneumonia,0,1.2322704,0.4016667,0.3676877,0.110748954,0.11989662
/media/storage2/Anuj/5th international anujj ones/medxpert/data/raw/Pneumonia/pneu_Viral Pneumonia-365.png,3,Pneumonia,1,1.233554,0.37384897,0.39496017,0.116893336,0.11429751
/media/storage2/Anuj/5th international anujj ones/medxpert/data/raw/Pneumonia/pneu_Viral Pneumonia-379.png,3,Pneumonia,0,1.2246331,0.39829633,0.37766638,0.10716555,0.11687173
/media/storage2/Anuj/5th international anujj ones/medxpert/data/raw/Pneumonia/pneu_Viral Pneumonia-382.png,3,Pneumonia,0,1.2281843,0.39316207,0.3802148,0.1118802,0.1147429
/media/storage2/Anuj/5th international anujj ones/medxpert/data/raw/Pneumonia/pneu_Viral Pneumonia-394.png,3,Pneumonia,0,1.2385106,0.38346127,0.38141492,0.11936182,0.11576199
/media/storage2/Anuj/5th international anujj ones/medxpert/data/raw/Pneumonia/pneu_Viral Pneumonia-410.png,3,Pneumonia,1,1.2251475,0.38554046,0.39038208,0.11129728,0.11278011
/media/storage2/Anuj/5th international anujj ones/medxpert/data/raw/Pneumonia/pneu_Viral Pneumonia-453.png,3,Pneumonia,1,1.2286541,0.37111992,0.40148067,0.114830285,0.11256909
/media/storage2/Anuj/5th international anujj ones/medxpert/data/raw/Pneumonia/pneu_Viral Pneumonia-475.png,3,Pneumonia,1,1.2318587,0.37796187,0.3923534,0.11246691,0.11721782
/media/storage2/Anuj/5th international anujj ones/medxpert/data/raw/Pneumonia/pneu_Viral Pneumonia-485.png,3,Pneumonia,1,1.2507381,0.27951807,0.4548866,0.13636114,0.12923422
/media/storage2/Anuj/5th international anujj ones/medxpert/data/raw/Pneumonia/pneu_Viral Pneumonia-514.png,3,Pneumonia,1,1.2342253,0.3725878,0.39560816,0.1142331,0.117570974
/media/storage2/Anuj/5th international anujj ones/medxpert/data/raw/Pneumonia/pneu_Viral Pneumonia-541.png,3,Pneumonia,0,1.2321686,0.39212084,0.3779734,0.11382173,0.11608406
/media/storage2/Anuj/5th international anujj ones/medxpert/data/raw/Pneumonia/pneu_Viral Pneumonia-549.png,3,Pneumonia,1,1.2281032,0.36790997,0.40489024,0.11543341,0.11176645
/media/storage2/Anuj/5th international anujj ones/medxpert/data/raw/Pneumonia/pneu_Viral Pneumonia-582.png,3,Pneumonia,1,1.2272887,0.37098676,0.4026904,0.11380276,0.11252005
/media/storage2/Anuj/5th international anujj ones/medxpert/data/raw/Pneumonia/pneu_Viral Pneumonia-616.png,3,Pneumonia,1,1.2311366,0.3637936,0.40628356,0.11651275,0.113410085
/media/storage2/Anuj/5th international anujj ones/medxpert/data/raw/Pneumonia/pneu_Viral Pneumonia-617.png,3,Pneumonia,1,1.2322772,0.35414848,0.41395184,0.11937498,0.11252466
/media/storage2/Anuj/5th international anujj ones/medxpert/data/raw/Pneumonia/pneu_Viral Pneumonia-618.png,3,Pneumonia,0,1.2344954,0.3949715,0.3729999,0.113525175,0.11850351
/media/storage2/Anuj/5th international anujj ones/medxpert/data/raw/Pneumonia/pneu_Viral Pneumonia-640.png,3,Pneumonia,0,1.2214323,0.39704132,0.3816264,0.106576376,0.11475586
/media/storage2/Anuj/5th international anujj ones/medxpert/data/raw/Pneumonia/pneu_Viral Pneumonia-664.png,3,Pneumonia,0,1.2220404,0.40014508,0.37766084,0.10400681,0.11818733
/media/storage2/Anuj/5th international anujj ones/medxpert/data/raw/Pneumonia/pneu_Viral Pneumonia-680.png,3,Pneumonia,0,1.2337767,0.39717126,0.37125438,0.11230006,0.1192743
/media/storage2/Anuj/5th international anujj ones/medxpert/data/raw/Pneumonia/pneu_Viral Pneumonia-702.png,3,Pneumonia,0,1.2340053,0.39705244,0.37116784,0.112106815,0.11967284
/media/storage2/Anuj/5th international anujj ones/medxpert/data/raw/Pneumonia/pneu_Viral Pneumonia-725.png,3,Pneumonia,1,1.2337345,0.37790307,0.39091203,0.11648312,0.1147018
/media/storage2/Anuj/5th international anujj ones/medxpert/data/raw/Pneumonia/pneu_Viral Pneumonia-756.png,3,Pneumonia,1,1.2356296,0.34715614,0.41739023,0.120588355,0.11486523
/media/storage2/Anuj/5th international anujj ones/medxpert/data/raw/Pneumonia/pneu_Viral Pneumonia-790.png,3,Pneumonia,0,1.2336689,0.39717373,0.37132996,0.111997515,0.119498715
/media/storage2/Anuj/5th international anujj ones/medxpert/data/raw/Pneumonia/pneu_Viral Pneumonia-825.png,3,Pneumonia,1,1.224518,0.38547292,0.39095566,0.111446016,0.11212542
/media/storage2/Anuj/5th international anujj ones/medxpert/data/raw/Pneumonia/pneu_Viral Pneumonia-840.png,3,Pneumonia,1,1.2336886,0.3600136,0.40767655,0.11803275,0.11427708
/media/storage2/Anuj/5th international anujj ones/medxpert/data/raw/Pneumonia/pneu_Viral Pneumonia-850.png,3,Pneumonia,1,1.2350423,0.35330206,0.4124892,0.12096784,0.11324094
/media/storage2/Anuj/5th international anujj ones/medxpert/data/raw/Pneumonia/pneu_Viral Pneumonia-882.png,3,Pneumonia,1,1.2284508,0.37066656,0.40207213,0.11296804,0.114293195
/media/storage2/Anuj/5th international anujj ones/medxpert/data/raw/Pneumonia/pneu_Viral Pneumonia-883.png,3,Pneumonia,1,1.226352,0.38378567,0.3911454,0.11151214,0.11355676
/media/storage2/Anuj/5th international anujj ones/medxpert/data/raw/Pneumonia/pneu_Viral Pneumonia-895.png,3,Pneumonia,1,1.232639,0.37002185,0.3993333,0.11464384,0.116000965
/media/storage2/Anuj/5th international anujj ones/medxpert/data/raw/Pneumonia/pneu_Viral Pneumonia-900.png,3,Pneumonia,1,1.2448612,0.32785264,0.42579725,0.12805077,0.11829934
/media/storage2/Anuj/5th international anujj ones/medxpert/data/raw/Pneumonia/pneu_Viral Pneumonia-925.png,3,Pneumonia,1,1.2338302,0.36353943,0.40434533,0.11851241,0.11360284
/media/storage2/Anuj/5th international anujj ones/medxpert/data/raw/Pneumonia/pneu_Viral Pneumonia-938.png,3,Pneumonia,1,1.2315652,0.36674833,0.40322664,0.116674826,0.11335016
/media/storage2/Anuj/5th international anujj ones/medxpert/data/raw/Pneumonia/pneu_Viral Pneumonia-940.png,3,Pneumonia,1,1.2338862,0.36000937,0.40749067,0.119118236,0.11338174
/media/storage2/Anuj/5th international anujj ones/medxpert/data/raw/Pneumonia/pneu_Viral Pneumonia-952.png,3,Pneumonia,0,1.2262558,0.39322624,0.38171288,0.110279895,0.11478102
/media/storage2/Anuj/5th international anujj ones/medxpert/data/raw/Pneumonia/pneu_Viral Pneumonia-978.png,3,Pneumonia,0,1.224814,0.39055997,0.38543892,0.10679762,0.11720346
/media/storage2/Anuj/5th international anujj ones/medxpert/data/raw/Pneumonia/pneu_Viral Pneumonia-997.png,3,Pneumonia,1,1.2517986,0.18719703,0.4894484,0.1728179,0.1505367
/media/storage2/Anuj/5th international anujj ones/medxpert/data/raw/Pneumonia/pneu_person1015_virus_1702.jpeg,3,Pneumonia,0,1.2239633,0.40310535,0.37305722,0.10589558,0.11794189
/media/storage2/Anuj/5th international anujj ones/medxpert/data/raw/Pneumonia/pneu_person1019_virus_1708.jpeg,3,Pneumonia,0,1.2224426,0.39132226,0.38672364,0.10837831,0.11357574
/media/storage2/Anuj/5th international anujj ones/medxpert/data/raw/Pneumonia/pneu_person1036_virus_1730.jpeg,3,Pneumonia,1,1.2327089,0.3376451,0.42754084,0.121920645,0.11289337
/media/storage2/Anuj/5th international anujj ones/medxpert/data/raw/Pneumonia/pneu_person103_bacteria_488.jpeg,3,Pneumonia,0,1.2205176,0.39229336,0.3871862,0.10582196,0.11469852
/media/storage2/Anuj/5th international anujj ones/medxpert/data/raw/Pneumonia/pneu_person1040_virus_1735.jpeg,3,Pneumonia,1,1.2263914,0.37064993,0.40370938,0.113562554,0.11207817
/media/storage2/Anuj/5th international anujj ones/medxpert/data/raw/Pneumonia/pneu_person1049_bacteria_2983.jpeg,3,Pneumonia,1,1.2240838,0.37948856,0.39713988,0.11093893,0.11243264
/media/storage2/Anuj/5th international anujj ones/medxpert/data/raw/Pneumonia/pneu_person1051_bacteria_2985.jpeg,3,Pneumonia,0,1.2245864,0.4005715,0.37522975,0.10613159,0.11806716
/media/storage2/Anuj/5th international anujj ones/medxpert/data/raw/Pneumonia/pneu_person1052_virus_1751.jpeg,3,Pneumonia,1,1.2316439,0.37986413,0.39071196,0.1155514,0.11387249
/media/storage2/Anuj/5th international anujj ones/medxpert/data/raw/Pneumonia/pneu_person1067_virus_1770.jpeg,3,Pneumonia,1,1.2314159,0.35764763,0.4115134,0.11931837,0.111520685
/media/storage2/Anuj/5th international anujj ones/medxpert/data/raw/Pneumonia/pneu_person1074_bacteria_3014.jpeg,3,Pneumonia,1,1.2235911,0.38189518,0.39505452,0.10696912,0.11608114
/media/storage2/Anuj/5th international anujj ones/medxpert/data/raw/Pneumonia/pneu_person1079_virus_1789.jpeg,3,Pneumonia,0,1.218673,0.39243916,0.38853195,0.10559106,0.11343788
/media/storage2/Anuj/5th international anujj ones/medxpert/data/raw/Pneumonia/pneu_person1082_bacteria_3022.jpeg,3,Pneumonia,0,1.2279537,0.39308062,0.38035432,0.10875285,0.11781218
/media/storage2/Anuj/5th international anujj ones/medxpert/data/raw/Pneumonia/pneu_person108_virus_201.jpeg,3,Pneumonia,0,1.250422,0.4042903,0.34566763,0.106302835,0.14373933
/media/storage2/Anuj/5th international anujj ones/medxpert/data/raw/Pneumonia/pneu_person1101_bacteria_3042.jpeg,3,Pneumonia,1,1.2228588,0.38882226,0.38889676,0.10838843,0.11389256
/media/storage2/Anuj/5th international anujj ones/medxpert/data/raw/Pneumonia/pneu_person1113_virus_1838.jpeg,3,Pneumonia,1,1.2261425,0.37939766,0.3955986,0.113154724,0.111849025
/media/storage2/Anuj/5th international anujj ones/medxpert/data/raw/Pneumonia/pneu_person112_virus_213.jpeg,3,Pneumonia,1,1.2314355,0.35663566,0.41241124,0.11908494,0.11186825
/media/storage2/Anuj/5th international anujj ones/medxpert/data/raw/Pneumonia/pneu_person1135_bacteria_3077.jpeg,3,Pneumonia,0,1.2188008,0.40173563,0.37896025,0.107562274,0.11174182
/media/storage2/Anuj/5th international anujj ones/medxpert/data/raw/Pneumonia/pneu_person1149_bacteria_3094.jpeg,3,Pneumonia,1,1.2282197,0.38162714,0.39175355,0.11482233,0.11179701
/media/storage2/Anuj/5th international anujj ones/medxpert/data/raw/Pneumonia/pneu_person1154_virus_1933.jpeg,3,Pneumonia,1,1.2382663,0.33187827,0.42782834,0.1253239,0.11496941
/media/storage2/Anuj/5th international anujj ones/medxpert/data/raw/Pneumonia/pneu_person1158_virus_1940.jpeg,3,Pneumonia,0,1.2204471,0.39172772,0.38785943,0.10656236,0.11385046
/media/storage2/Anuj/5th international anujj ones/medxpert/data/raw/Pneumonia/pneu_person1159_virus_1944.jpeg,3,Pneumonia,1,1.2216452,0.3804906,0.3980381,0.107991986,0.11347933
/media/storage2/Anuj/5th international anujj ones/medxpert/data/raw/Pneumonia/pneu_person1180_virus_2008.jpeg,3,Pneumonia,1,1.2214161,0.38167948,0.3970373,0.10720223,0.11408101
/media/storage2/Anuj/5th international anujj ones/medxpert/data/raw/Pneumonia/pneu_person118_bacteria_559.jpeg,3,Pneumonia,1,1.2263894,0.38530228,0.38959172,0.1104102,0.11469577
/media/storage2/Anuj/5th international anujj ones/medxpert/data/raw/Pneumonia/pneu_person1193_virus_2034.jpeg,3,Pneumonia,0,1.2247739,0.39152205,0.38460058,0.10836199,0.11551542
/media/storage2/Anuj/5th international anujj ones/medxpert/data/raw/Pneumonia/pneu_person1202_virus_2045.jpeg,3,Pneumonia,0,1.2241728,0.39352444,0.3831114,0.10963309,0.113731064
/media/storage2/Anuj/5th international anujj ones/medxpert/data/raw/Pneumonia/pneu_person1234_bacteria_3190.jpeg,3,Pneumonia,1,1.2205498,0.388993,0.39048398,0.10599449,0.11452859
/media/storage2/Anuj/5th international anujj ones/medxpert/data/raw/Pneumonia/pneu_person127_bacteria_604.jpeg,3,Pneumonia,1,1.2415733,0.28988087,0.45571902,0.13064517,0.12375487
/media/storage2/Anuj/5th international anujj ones/medxpert/data/raw/Pneumonia/pneu_person1298_bacteria_3261.jpeg,3,Pneumonia,0,1.2228682,0.38942114,0.38826004,0.107737295,0.11458157
/media/storage2/Anuj/5th international anujj ones/medxpert/data/raw/Pneumonia/pneu_person1306_virus_2249.jpeg,3,Pneumonia,0,1.22209,0.3913143,0.3870335,0.1088108,0.11284145
/media/storage2/Anuj/5th international anujj ones/medxpert/data/raw/Pneumonia/pneu_person1308_bacteria_3283.jpeg,3,Pneumonia,0,1.2211682,0.3899844,0.3890636,0.10734493,0.11360706
/media/storage2/Anuj/5th international anujj ones/medxpert/data/raw/Pneumonia/pneu_person1308_bacteria_3286.jpeg,3,Pneumonia,1,1.2259929,0.37190333,0.40284944,0.11341203,0.11183525
/media/storage2/Anuj/5th international anujj ones/medxpert/data/raw/Pneumonia/pneu_person1308_virus_2253.jpeg,3,Pneumonia,1,1.2312782,0.36290267,0.4068894,0.11910178,0.111106105
/media/storage2/Anuj/5th international anujj ones/medxpert/data/raw/Pneumonia/pneu_person1310_bacteria_3304.jpeg,3,Pneumonia,1,1.2210965,0.38930804,0.38977286,0.106828995,0.11409012
/media/storage2/Anuj/5th international anujj ones/medxpert/data/raw/Pneumonia/pneu_person1323_bacteria_3363.jpeg,3,Pneumonia,1,1.2391357,0.32847232,0.42980912,0.12659831,0.11512027
/media/storage2/Anuj/5th international anujj ones/medxpert/data/raw/Pneumonia/pneu_person1326_bacteria_3372.jpeg,3,Pneumonia,1,1.2319853,0.35720596,0.41155997,0.11610273,0.11513142
/media/storage2/Anuj/5th international anujj ones/medxpert/data/raw/Pneumonia/pneu_person1328_virus_2294.jpeg,3,Pneumonia,1,1.2283885,0.36650407,0.40598038,0.114608504,0.112907015
/media/storage2/Anuj/5th international anujj ones/medxpert/data/raw/Pneumonia/pneu_person1331_virus_2299.jpeg,3,Pneumonia,1,1.2446408,0.31724298,0.43415782,0.1288227,0.1197766
/media/storage2/Anuj/5th international anujj ones/medxpert/data/raw/Pneumonia/pneu_person1333_bacteria_3386.jpeg,3,Pneumonia,1,1.2255808,0.37199348,0.40308103,0.111187525,0.113737985
/media/storage2/Anuj/5th international anujj ones/medxpert/data/raw/Pneumonia/pneu_person1338_bacteria_3397.jpeg,3,Pneumonia,1,1.2244066,0.37815627,0.3981707,0.111988194,0.111684784
/media/storage2/Anuj/5th international anujj ones/medxpert/data/raw/Pneumonia/pneu_person1341_bacteria_3406.jpeg,3,Pneumonia,0,1.2167861,0.39361504,0.38887864,0.10579948,0.11170678
/media/storage2/Anuj/5th international anujj ones/medxpert/data/raw/Pneumonia/pneu_person1343_bacteria_3411.jpeg,3,Pneumonia,1,1.2241386,0.3820577,0.3945022,0.107816234,0.11562383
/media/storage2/Anuj/5th international anujj ones/medxpert/data/raw/Pneumonia/pneu_person1343_bacteria_3415.jpeg,3,Pneumonia,0,1.2210574,0.40182653,0.37691087,0.10601686,0.11524575
/media/storage2/Anuj/5th international anujj ones/medxpert/data/raw/Pneumonia/pneu_person134_bacteria_643.jpeg,3,Pneumonia,1,1.2263813,0.378117,0.39663947,0.11159724,0.113646284
/media/storage2/Anuj/5th international anujj ones/medxpert/data/raw/Pneumonia/pneu_person1353_bacteria_3446.jpeg,3,Pneumonia,1,1.2466707,0.29589564,0.44767073,0.1328922,0.12354137
/media/storage2/Anuj/5th international anujj ones/medxpert/data/raw/Pneumonia/pneu_person1365_virus_2348.jpeg,3,Pneumonia,1,1.2380401,0.33119333,0.42855445,0.12528911,0.114963114
/media/storage2/Anuj/5th international anujj ones/medxpert/data/raw/Pneumonia/pneu_person1366_virus_2349.jpeg,3,Pneumonia,1,1.2242808,0.38280395,0.39376923,0.11172396,0.111702904
/media/storage2/Anuj/5th international anujj ones/medxpert/data/raw/Pneumonia/pneu_person136_bacteria_648.jpeg,3,Pneumonia,1,1.2267816,0.38423663,0.3903033,0.109842,0.115618
/media/storage2/Anuj/5th international anujj ones/medxpert/data/raw/Pneumonia/pneu_person1396_bacteria_3545.jpeg,3,Pneumonia,1,1.2375622,0.3435394,0.41888765,0.122589976,0.114983015
/media/storage2/Anuj/5th international anujj ones/medxpert/data/raw/Pneumonia/pneu_person1429_virus_2443.jpeg,3,Pneumonia,1,1.2286761,0.36451417,0.40756705,0.115445785,0.11247298
/media/storage2/Anuj/5th international anujj ones/medxpert/data/raw/Pneumonia/pneu_person1436_bacteria_3711.jpeg,3,Pneumonia,1,1.2248998,0.37807047,0.39779052,0.10882995,0.11530909
/media/storage2/Anuj/5th international anujj ones/medxpert/data/raw/Pneumonia/pneu_person1454_virus_2486.jpeg,3,Pneumonia,1,1.2234885,0.38502744,0.3921949,0.10965798,0.1131197
/media/storage2/Anuj/5th international anujj ones/medxpert/data/raw/Pneumonia/pneu_person1455_virus_2488.jpeg,3,Pneumonia,1,1.2271458,0.37065178,0.40311193,0.112123,0.11411326
/media/storage2/Anuj/5th international anujj ones/medxpert/data/raw/Pneumonia/pneu_person1455_virus_2496.jpeg,3,Pneumonia,0,1.2216867,0.39941278,0.3790102,0.10763578,0.11394123
/media/storage2/Anuj/5th international anujj ones/medxpert/data/raw/Pneumonia/pneu_person1468_virus_2545.jpeg,3,Pneumonia,1,1.2364587,0.34083247,0.42186642,0.12485303,0.11244799
/media/storage2/Anuj/5th international anujj ones/medxpert/data/raw/Pneumonia/pneu_person1486_bacteria_3881.jpeg,3,Pneumonia,0,1.2216822,0.39444035,0.3841154,0.10698412,0.11446007
/media/storage2/Anuj/5th international anujj ones/medxpert/data/raw/Pneumonia/pneu_person1490_virus_2596.jpeg,3,Pneumonia,1,1.2259501,0.38196573,0.39325568,0.111670405,0.113108136
/media/storage2/Anuj/5th international anujj ones/medxpert/data/raw/Pneumonia/pneu_person1496_bacteria_3909.jpeg,3,Pneumonia,1,1.226285,0.37739193,0.3974183,0.112130836,0.11305902
/media/storage2/Anuj/5th international anujj ones/medxpert/data/raw/Pneumonia/pneu_person1500_bacteria_3916.jpeg,3,Pneumonia,1,1.2352358,0.32175964,0.43804485,0.12592658,0.11426893
/media/storage2/Anuj/5th international anujj ones/medxpert/data/raw/Pneumonia/pneu_person1508_bacteria_3949.jpeg,3,Pneumonia,1,1.2234588,0.3844442,0.39280778,0.11046293,0.11228508
/media/storage2/Anuj/5th international anujj ones/medxpert/data/raw/Pneumonia/pneu_person151_virus_302.jpeg,3,Pneumonia,1,1.2227547,0.38686585,0.39091662,0.10808539,0.11413217
/media/storage2/Anuj/5th international anujj ones/medxpert/data/raw/Pneumonia/pneu_person152_bacteria_721.jpeg,3,Pneumonia,0,1.2222234,0.39981872,0.37808484,0.106720485,0.11537595
/media/storage2/Anuj/5th international anujj ones/medxpert/data/raw/Pneumonia/pneu_person1532_virus_2667.jpeg,3,Pneumonia,1,1.2305595,0.36676934,0.40402338,0.11527135,0.11393592
/media/storage2/Anuj/5th international anujj ones/medxpert/data/raw/Pneumonia/pneu_person1537_bacteria_4020.jpeg,3,Pneumonia,1,1.2446404,0.2876391,0.45476642,0.13155086,0.1260436
/media/storage2/Anuj/5th international anujj ones/medxpert/data/raw/Pneumonia/pneu_person1538_bacteria_4021.jpeg,3,Pneumonia,1,1.228929,0.35688382,0.4142189,0.11614217,0.11275512
/media/storage2/Anuj/5th international anujj ones/medxpert/data/raw/Pneumonia/pneu_person1556_virus_2699.jpeg,3,Pneumonia,1,1.2304343,0.35909906,0.41105846,0.117186986,0.11265545
/media/storage2/Anuj/5th international anujj ones/medxpert/data/raw/Pneumonia/pneu_person1563_bacteria_4092.jpeg,3,Pneumonia,1,1.2255707,0.37326825,0.40187013,0.11027359,0.11458801
/media/storage2/Anuj/5th international anujj ones/medxpert/data/raw/Pneumonia/pneu_person1576_virus_2734.jpeg,3,Pneumonia,1,1.2226957,0.38256124,0.39522594,0.108928375,0.1132844
/media/storage2/Anuj/5th international anujj ones/medxpert/data/raw/Pneumonia/pneu_person1582_bacteria_4143.jpeg,3,Pneumonia,1,1.2334166,0.34997782,0.41659558,0.12173411,0.111692466
/media/storage2/Anuj/5th international anujj ones/medxpert/data/raw/Pneumonia/pneu_person1589_bacteria_4171.jpeg,3,Pneumonia,1,1.2200301,0.38845444,0.39155513,0.10913037,0.11086007
/media/storage2/Anuj/5th international anujj ones/medxpert/data/raw/Pneumonia/pneu_person1596_bacteria_4184.jpeg,3,Pneumonia,1,1.2342068,0.33573815,0.4278998,0.12322701,0.11313498
/media/storage2/Anuj/5th international anujj ones/medxpert/data/raw/Pneumonia/pneu_person1600_bacteria_4202.jpeg,3,Pneumonia,1,1.222589,0.38715062,0.39078528,0.11356218,0.10850185
/media/storage2/Anuj/5th international anujj ones/medxpert/data/raw/Pneumonia/pneu_person1609_bacteria_4236.jpeg,3,Pneumonia,0,1.2198498,0.39835852,0.38159433,0.10696635,0.1130809
/media/storage2/Anuj/5th international anujj ones/medxpert/data/raw/Pneumonia/pneu_person1634_bacteria_4326.jpeg,3,Pneumonia,1,1.2263454,0.37644175,0.39827532,0.11356199,0.11172095
/media/storage2/Anuj/5th international anujj ones/medxpert/data/raw/Pneumonia/pneu_person1642_bacteria_4352.jpeg,3,Pneumonia,1,1.2231477,0.3880737,0.38941976,0.108661905,0.11384459
/media/storage2/Anuj/5th international anujj ones/medxpert/data/raw/Pneumonia/pneu_person1644_virus_2844.jpeg,3,Pneumonia,1,1.2260889,0.36591598,0.40832216,0.11258519,0.11317667
/media/storage2/Anuj/5th international anujj ones/medxpert/data/raw/Pneumonia/pneu_person1659_virus_2867.jpeg,3,Pneumonia,0,1.2205068,0.3928991,0.3866693,0.10745474,0.112976864
/media/storage2/Anuj/5th international anujj ones/medxpert/data/raw/Pneumonia/pneu_person1660_virus_2869.jpeg,3,Pneumonia,1,1.2236664,0.3859661,0.39112574,0.10969485,0.11321337
/media/storage2/Anuj/5th international anujj ones/medxpert/data/raw/Pneumonia/pneu_person1684_bacteria_4461.jpeg,3,Pneumonia,1,1.2308537,0.3796092,0.39156935,0.11677874,0.11204268
/media/storage2/Anuj/5th international anujj ones/medxpert/data/raw/Pneumonia/pneu_person1693_bacteria_4485.jpeg,3,Pneumonia,0,1.224803,0.39255375,0.38358566,0.10972763,0.114132985
/media/storage2/Anuj/5th international anujj ones/medxpert/data/raw/Pneumonia/pneu_person1739_bacteria_4576.jpeg,3,Pneumonia,1,1.2252833,0.3770542,0.39853126,0.11144304,0.11297142
/media/storage2/Anuj/5th international anujj ones/medxpert/data/raw/Pneumonia/pneu_person1796_bacteria_4644.jpeg,3,Pneumonia,1,1.2232904,0.38318145,0.39418197,0.11067854,0.11195801
/media/storage2/Anuj/5th international anujj ones/medxpert/data/raw/Pneumonia/pneu_person1864_bacteria_4736.jpeg,3,Pneumonia,1,1.2382144,0.33262572,0.42730835,0.124614865,0.115451016
/media/storage2/Anuj/5th international anujj ones/medxpert/data/raw/Pneumonia/pneu_person18_bacteria_57.jpeg,3,Pneumonia,1,1.2255399,0.37789524,0.3975196,0.11330585,0.11127937
/media/storage2/Anuj/5th international anujj ones/medxpert/data/raw/Pneumonia/pneu_person1935_bacteria_4848.jpeg,3,Pneumonia,0,1.2203717,0.3939783,0.38564205,0.106568135,0.11381155
/media/storage2/Anuj/5th international anujj ones/medxpert/data/raw/Pneumonia/pneu_person1935_bacteria_4849.jpeg,3,Pneumonia,1,1.2238637,0.3866564,0.3902998,0.110547855,0.11249594
/media/storage2/Anuj/5th international anujj ones/medxpert/data/raw/Pneumonia/pneu_person1940_bacteria_4862.jpeg,3,Pneumonia,1,1.2223942,0.37901682,0.39891452,0.10986757,0.11220108
/media/storage2/Anuj/5th international anujj ones/medxpert/data/raw/Pneumonia/pneu_person1944_bacteria_4869.jpeg,3,Pneumonia,1,1.228941,0.36224574,0.40935335,0.117651306,0.1107496
/media/storage2/Anuj/5th international anujj ones/medxpert/data/raw/Pneumonia/pneu_person1_bacteria_2.jpeg,3,Pneumonia,1,1.2340715,0.348653,0.41735548,0.11929519,0.114696376
/media/storage2/Anuj/5th international anujj ones/medxpert/data/raw/Pneumonia/pneu_person21_bacteria_72.jpeg,3,Pneumonia,1,1.2670608,0.21950817,0.46888125,0.16213842,0.14947215
/media/storage2/Anuj/5th international anujj ones/medxpert/data/raw/Pneumonia/pneu_person21_virus_52.jpeg,3,Pneumonia,1,1.227898,0.36570883,0.40709612,0.112833984,0.11436106
/media/storage2/Anuj/5th international anujj ones/medxpert/data/raw/Pneumonia/pneu_person23_bacteria_97.jpeg,3,Pneumonia,1,1.2272345,0.37357226,0.40029913,0.11217078,0.11395777
/media/storage2/Anuj/5th international anujj ones/medxpert/data/raw/Pneumonia/pneu_person266_bacteria_1241.jpeg,3,Pneumonia,0,1.2202322,0.39610684,0.38347304,0.10494316,0.11547704
/media/storage2/Anuj/5th international anujj ones/medxpert/data/raw/Pneumonia/pneu_person268_virus_553.jpeg,3,Pneumonia,1,1.225353,0.37959567,0.3960313,0.11128109,0.113091916
/media/storage2/Anuj/5th international anujj ones/medxpert/data/raw/Pneumonia/pneu_person26_bacteria_123.jpeg,3,Pneumonia,1,1.2230576,0.3832306,0.3942209,0.10752247,0.115026034
/media/storage2/Anuj/5th international anujj ones/medxpert/data/raw/Pneumonia/pneu_person276_bacteria_1295.jpeg,3,Pneumonia,1,1.2201259,0.38919985,0.39063084,0.1061318,0.11403744
/media/storage2/Anuj/5th international anujj ones/medxpert/data/raw/Pneumonia/pneu_person277_bacteria_1302.jpeg,3,Pneumonia,1,1.2256954,0.36829922,0.40640673,0.11048867,0.11480533
/media/storage2/Anuj/5th international anujj ones/medxpert/data/raw/Pneumonia/pneu_person278_virus_574.jpeg,3,Pneumonia,0,1.2228831,0.39474326,0.38277885,0.10654219,0.11593569
/media/storage2/Anuj/5th international anujj ones/medxpert/data/raw/Pneumonia/pneu_person281_bacteria_1333.jpeg,3,Pneumonia,0,1.2204034,0.39668956,0.3828534,0.10679678,0.11366027
/media/storage2/Anuj/5th international anujj ones/medxpert/data/raw/Pneumonia/pneu_person281_virus_578.jpeg,3,Pneumonia,0,1.2279176,0.39186475,0.38174868,0.11115532,0.115231276
/media/storage2/Anuj/5th international anujj ones/medxpert/data/raw/Pneumonia/pneu_person294_bacteria_1383.jpeg,3,Pneumonia,1,1.2214086,0.38279918,0.39600712,0.108460665,0.11273299
/media/storage2/Anuj/5th international anujj ones/medxpert/data/raw/Pneumonia/pneu_person298_bacteria_1409.jpeg,3,Pneumonia,0,1.2214763,0.39018956,0.3886237,0.10771223,0.11347449
/media/storage2/Anuj/5th international anujj ones/medxpert/data/raw/Pneumonia/pneu_person299_bacteria_1414.jpeg,3,Pneumonia,1,1.2226176,0.37846595,0.39922643,0.10845374,0.11385393
/media/storage2/Anuj/5th international anujj ones/medxpert/data/raw/Pneumonia/pneu_person2_bacteria_4.jpeg,3,Pneumonia,1,1.225119,0.38507012,0.3908523,0.11029576,0.11378175
/media/storage2/Anuj/5th international anujj ones/medxpert/data/raw/Pneumonia/pneu_person300_bacteria_1423.jpeg,3,Pneumonia,1,1.2461057,0.26284233,0.46803614,0.14012042,0.12900111
/media/storage2/Anuj/5th international anujj ones/medxpert/data/raw/Pneumonia/pneu_person300_virus_621.jpeg,3,Pneumonia,0,1.222139,0.40659997,0.37085995,0.116954155,0.10558594
/media/storage2/Anuj/5th international anujj ones/medxpert/data/raw/Pneumonia/pneu_person308_bacteria_1445.jpeg,3,Pneumonia,0,1.2215387,0.39275783,0.38602155,0.10885398,0.11236662
/media/storage2/Anuj/5th international anujj ones/medxpert/data/raw/Pneumonia/pneu_person30_bacteria_152.jpeg,3,Pneumonia,0,1.2248051,0.38980395,0.38624054,0.10721295,0.11674258
/media/storage2/Anuj/5th international anujj ones/medxpert/data/raw/Pneumonia/pneu_person314_bacteria_1461.jpeg,3,Pneumonia,0,1.2238194,0.39723057,0.3794595,0.10705035,0.116259605
/media/storage2/Anuj/5th international anujj ones/medxpert/data/raw/Pneumonia/pneu_person326_virus_673.jpeg,3,Pneumonia,0,1.2180028,0.39787713,0.3835044,0.10505043,0.11356803
/media/storage2/Anuj/5th international anujj ones/medxpert/data/raw/Pneumonia/pneu_person334_virus_689.jpeg,3,Pneumonia,0,1.2231866,0.40011692,0.3769905,0.10720788,0.11568478
/media/storage2/Anuj/5th international anujj ones/medxpert/data/raw/Pneumonia/pneu_person348_virus_716.jpeg,3,Pneumonia,1,1.2224752,0.37928614,0.39859292,0.109919734,0.11220123
/media/storage2/Anuj/5th international anujj ones/medxpert/data/raw/Pneumonia/pneu_person349_virus_724.jpeg,3,Pneumonia,1,1.2277795,0.36831397,0.40472922,0.11653967,0.11041717
/media/storage2/Anuj/5th international anujj ones/medxpert/data/raw/Pneumonia/pneu_person363_virus_742.jpeg,3,Pneumonia,1,1.2305641,0.35338557,0.41603023,0.116431095,0.11415311
/media/storage2/Anuj/5th international anujj ones/medxpert/data/raw/Pneumonia/pneu_person364_bacteria_1660.jpeg,3,Pneumonia,1,1.2238162,0.38288465,0.39400747,0.10886507,0.11424283
/media/storage2/Anuj/5th international anujj ones/medxpert/data/raw/Pneumonia/pneu_person370_bacteria_1688.jpeg,3,Pneumonia,1,1.2195666,0.3859459,0.39433232,0.106696814,0.11302503
/media/storage2/Anuj/5th international anujj ones/medxpert/data/raw/Pneumonia/pneu_person374_bacteria_1711.jpeg,3,Pneumonia,1,1.2237401,0.38438663,0.39263973,0.110467225,0.11250647
/media/storage2/Anuj/5th international anujj ones/medxpert/data/raw/Pneumonia/pneu_person390_bacteria_1781.jpeg,3,Pneumonia,1,1.2313175,0.3548532,0.4141197,0.118098356,0.112928726
/media/storage2/Anuj/5th international anujj ones/medxpert/data/raw/Pneumonia/pneu_person392_bacteria_1784.jpeg,3,Pneumonia,1,1.2226486,0.38616955,0.39164236,0.10711208,0.11507598
/media/storage2/Anuj/5th international anujj ones/medxpert/data/raw/Pneumonia/pneu_person39_bacteria_198.jpeg,3,Pneumonia,0,1.2242469,0.3909756,0.38559735,0.10849203,0.11493498
/media/storage2/Anuj/5th international anujj ones/medxpert/data/raw/Pneumonia/pneu_person41_bacteria_207.jpeg,3,Pneumonia,1,1.2219284,0.384439,0.3939937,0.108556546,0.11301075
/media/storage2/Anuj/5th international anujj ones/medxpert/data/raw/Pneumonia/pneu_person433_bacteria_1875.jpeg,3,Pneumonia,1,1.2203349,0.38467583,0.39499542,0.10743353,0.11289524
/media/storage2/Anuj/5th international anujj ones/medxpert/data/raw/Pneumonia/pneu_person441_bacteria_1907.jpeg,3,Pneumonia,1,1.2223433,0.37575907,0.40200764,0.10811803,0.1141153
/media/storage2/Anuj/5th international anujj ones/medxpert/data/raw/Pneumonia/pneu_person443_bacteria_1924.jpeg,3,Pneumonia,1,1.2410024,0.31501573,0.4387478,0.12672716,0.1195093
/media/storage2/Anuj/5th international anujj ones/medxpert/data/raw/Pneumonia/pneu_person445_bacteria_1928.jpeg,3,Pneumonia,1,1.2242596,0.38369596,0.39280203,0.10781073,0.115691304
/media/storage2/Anuj/5th international anujj ones/medxpert/data/raw/Pneumonia/pneu_person445_virus_917.jpeg,3,Pneumonia,0,1.2209642,0.39275238,0.3863929,0.10643186,0.11442285
/media/storage2/Anuj/5th international anujj ones/medxpert/data/raw/Pneumonia/pneu_person453_virus_936.jpeg,3,Pneumonia,1,1.225417,0.37928286,0.3962516,0.1099489,0.11451664
/media/storage2/Anuj/5th international anujj ones/medxpert/data/raw/Pneumonia/pneu_person465_bacteria_1977.jpeg,3,Pneumonia,1,1.230742,0.36108056,0.4090647,0.11600883,0.113845855
/media/storage2/Anuj/5th international anujj ones/medxpert/data/raw/Pneumonia/pneu_person466_bacteria_1984.jpeg,3,Pneumonia,0,1.229443,0.3895379,0.38273716,0.10924829,0.11847671
/media/storage2/Anuj/5th international anujj ones/medxpert/data/raw/Pneumonia/pneu_person467_virus_961.jpeg,3,Pneumonia,1,1.2403393,0.31384745,0.44003522,0.12833582,0.11778153
/media/storage2/Anuj/5th international anujj ones/medxpert/data/raw/Pneumonia/pneu_person474_virus_971.jpeg,3,Pneumonia,1,1.2424058,0.29938653,0.4487115,0.1303355,0.12156637
/media/storage2/Anuj/5th international anujj ones/medxpert/data/raw/Pneumonia/pneu_person482_bacteria_2044.jpeg,3,Pneumonia,1,1.2234546,0.38763303,0.38952008,0.10697073,0.11587616
/media/storage2/Anuj/5th international anujj ones/medxpert/data/raw/Pneumonia/pneu_person487_bacteria_2055.jpeg,3,Pneumonia,1,1.2210293,0.38725066,0.39193407,0.10825903,0.112556286
/media/storage2/Anuj/5th international anujj ones/medxpert/data/raw/Pneumonia/pneu_person499_virus_1008.jpeg,3,Pneumonia,1,1.2325552,0.34382248,0.42240614,0.123266704,0.11050467
/media/storage2/Anuj/5th international anujj ones/medxpert/data/raw/Pneumonia/pneu_person502_virus_1012.jpeg,3,Pneumonia,1,1.2358738,0.36803287,0.39856473,0.11823238,0.11517002
/media/storage2/Anuj/5th international anujj ones/medxpert/data/raw/Pneumonia/pneu_person509_virus_1025.jpeg,3,Pneumonia,1,1.2237986,0.37240532,0.40408632,0.11047028,0.11303809
/media/storage2/Anuj/5th international anujj ones/medxpert/data/raw/Pneumonia/pneu_person531_bacteria_2236.jpeg,3,Pneumonia,0,1.2244207,0.3887034,0.38759622,0.10628145,0.11741892
/media/storage2/Anuj/5th international anujj ones/medxpert/data/raw/Pneumonia/pneu_person534_bacteria_2253.jpeg,3,Pneumonia,1,1.2344855,0.35673818,0.40991104,0.12025215,0.11309858
/media/storage2/Anuj/5th international anujj ones/medxpert/data/raw/Pneumonia/pneu_person536_virus_1065.jpeg,3,Pneumonia,1,1.243531,0.3667218,0.39343724,0.122198194,0.11764278
/media/storage2/Anuj/5th international anujj ones/medxpert/data/raw/Pneumonia/pneu_person537_bacteria_2262.jpeg,3,Pneumonia,1,1.2232032,0.3812613,0.39606825,0.10854212,0.11412832
/media/storage2/Anuj/5th international anujj ones/medxpert/data/raw/Pneumonia/pneu_person538_bacteria_2268.jpeg,3,Pneumonia,1,1.2332655,0.3472812,0.4191619,0.11906053,0.11449633
/media/storage2/Anuj/5th international anujj ones/medxpert/data/raw/Pneumonia/pneu_person540_bacteria_2271.jpeg,3,Pneumonia,0,1.2184663,0.39422062,0.38686067,0.104993224,0.11392543
/media/storage2/Anuj/5th international anujj ones/medxpert/data/raw/Pneumonia/pneu_person543_bacteria_2283.jpeg,3,Pneumonia,1,1.224619,0.38083464,0.39534843,0.10875077,0.115066186
/media/storage2/Anuj/5th international anujj ones/medxpert/data/raw/Pneumonia/pneu_person544_virus_1076.jpeg,3,Pneumonia,0,1.2248601,0.38890964,0.3871805,0.10865229,0.1152576
/media/storage2/Anuj/5th international anujj ones/medxpert/data/raw/Pneumonia/pneu_person545_virus_1081.jpeg,3,Pneumonia,1,1.2310808,0.3849127,0.38619435,0.11419642,0.114696465
/media/storage2/Anuj/5th international anujj ones/medxpert/data/raw/Pneumonia/pneu_person548_bacteria_2298.jpeg,3,Pneumonia,1,1.219671,0.3882222,0.39197373,0.10616424,0.11363987
/media/storage2/Anuj/5th international anujj ones/medxpert/data/raw/Pneumonia/pneu_person554_bacteria_2320.jpeg,3,Pneumonia,1,1.2284161,0.37390524,0.39904344,0.11240806,0.11464326
/media/storage2/Anuj/5th international anujj ones/medxpert/data/raw/Pneumonia/pneu_person567_bacteria_2352.jpeg,3,Pneumonia,0,1.2230744,0.39171946,0.38583362,0.10916533,0.11328161
/media/storage2/Anuj/5th international anujj ones/medxpert/data/raw/Pneumonia/pneu_person581_bacteria_2400.jpeg,3,Pneumonia,1,1.2288228,0.38459307,0.38832688,0.11142751,0.11565255
/media/storage2/Anuj/5th international anujj ones/medxpert/data/raw/Pneumonia/pneu_person583_bacteria_2408.jpeg,3,Pneumonia,0,1.2215381,0.39100358,0.3877953,0.10888869,0.11231239
/media/storage2/Anuj/5th international anujj ones/medxpert/data/raw/Pneumonia/pneu_person595_virus_1147.jpeg,3,Pneumonia,1,1.2293502,0.36764318,0.40417656,0.11392803,0.11425224
/media/storage2/Anuj/5th international anujj ones/medxpert/data/raw/Pneumonia/pneu_person59_bacteria_284.jpeg,3,Pneumonia,0,1.2202992,0.3981345,0.38147092,0.10728723,0.11310739
/media/storage2/Anuj/5th international anujj ones/medxpert/data/raw/Pneumonia/pneu_person603_bacteria_2461.jpeg,3,Pneumonia,1,1.2271882,0.36613062,0.40726796,0.11288375,0.11371771
/media/storage2/Anuj/5th international anujj ones/medxpert/data/raw/Pneumonia/pneu_person60_bacteria_286.jpeg,3,Pneumonia,1,1.2277263,0.37725914,0.39638257,0.111567356,0.11479099
/media/storage2/Anuj/5th international anujj ones/medxpert/data/raw/Pneumonia/pneu_person61_bacteria_293.jpeg,3,Pneumonia,1,1.222394,0.38635638,0.39167523,0.10729103,0.11467733
/media/storage2/Anuj/5th international anujj ones/medxpert/data/raw/Pneumonia/pneu_person626_bacteria_2502.jpeg,3,Pneumonia,0,1.2263788,0.38882914,0.38606408,0.10996882,0.115137964
/media/storage2/Anuj/5th international anujj ones/medxpert/data/raw/Pneumonia/pneu_person637_bacteria_2529.jpeg,3,Pneumonia,1,1.2232205,0.38456157,0.3928273,0.10840126,0.11420988
/media/storage2/Anuj/5th international anujj ones/medxpert/data/raw/Pneumonia/pneu_person645_bacteria_2537.jpeg,3,Pneumonia,0,1.2239549,0.39081085,0.3860718,0.1109662,0.11215118
/media/storage2/Anuj/5th international anujj ones/medxpert/data/raw/Pneumonia/pneu_person646_bacteria_2538.jpeg,3,Pneumonia,1,1.2297511,0.36895388,0.40264145,0.11466104,0.11374361
/media/storage2/Anuj/5th international anujj ones/medxpert/data/raw/Pneumonia/pneu_person64_virus_122.jpeg,3,Pneumonia,1,1.2236445,0.3802134,0.39673734,0.108785845,0.114263386
/media/storage2/Anuj/5th international anujj ones/medxpert/data/raw/Pneumonia/pneu_person67_bacteria_334.jpeg,3,Pneumonia,0,1.2214423,0.3953621,0.38334355,0.10652879,0.114765555
/media/storage2/Anuj/5th international anujj ones/medxpert/data/raw/Pneumonia/pneu_person688_virus_1282.jpeg,3,Pneumonia,1,1.2312425,0.36866066,0.40172794,0.11515518,0.11445621
/media/storage2/Anuj/5th international anujj ones/medxpert/data/raw/Pneumonia/pneu_person70_bacteria_342.jpeg,3,Pneumonia,0,1.2187109,0.3951912,0.3856806,0.10511567,0.11401259
/media/storage2/Anuj/5th international anujj ones/medxpert/data/raw/Pneumonia/pneu_person722_virus_1341.jpeg,3,Pneumonia,1,1.2287062,0.3632038,0.40872392,0.1160216,0.11205069
/media/storage2/Anuj/5th international anujj ones/medxpert/data/raw/Pneumonia/pneu_person744_virus_1367.jpeg,3,Pneumonia,1,1.2252035,0.37513086,0.4004274,0.11284549,0.11159621
/media/storage2/Anuj/5th international anujj ones/medxpert/data/raw/Pneumonia/pneu_person760_bacteria_2664.jpeg,3,Pneumonia,0,1.22499,0.38985586,0.38613477,0.10893505,0.11507429
/media/storage2/Anuj/5th international anujj ones/medxpert/data/raw/Pneumonia/pneu_person779_bacteria_2683.jpeg,3,Pneumonia,1,1.2263534,0.3825148,0.39239436,0.11342608,0.11166473
/media/storage2/Anuj/5th international anujj ones/medxpert/data/raw/Pneumonia/pneu_person786_bacteria_2690.jpeg,3,Pneumonia,1,1.2329258,0.35637072,0.41147447,0.11963973,0.11251504
/media/storage2/Anuj/5th international anujj ones/medxpert/data/raw/Pneumonia/pneu_person788_virus_1419.jpeg,3,Pneumonia,1,1.1040739,0.010882571,0.4439472,0.33462268,0.21054748
/media/storage2/Anuj/5th international anujj ones/medxpert/data/raw/Pneumonia/pneu_person78_bacteria_381.jpeg,3,Pneumonia,1,1.2249485,0.38665906,0.3893161,0.10792425,0.11610059
/media/storage2/Anuj/5th international anujj ones/medxpert/data/raw/Pneumonia/pneu_person841_bacteria_2761.jpeg,3,Pneumonia,1,1.2276504,0.3724486,0.40100417,0.11114135,0.11540591
/media/storage2/Anuj/5th international anujj ones/medxpert/data/raw/Pneumonia/pneu_person852_virus_1497.jpeg,3,Pneumonia,1,1.2314279,0.3555605,0.41340837,0.11816148,0.11286963
/media/storage2/Anuj/5th international anujj ones/medxpert/data/raw/Pneumonia/pneu_person853_bacteria_2775.jpeg,3,Pneumonia,0,1.2191899,0.39327183,0.3872713,0.10561962,0.11383722
/media/storage2/Anuj/5th international anujj ones/medxpert/data/raw/Pneumonia/pneu_person86_bacteria_429.jpeg,3,Pneumonia,0,1.22154,0.38965574,0.38907945,0.1071267,0.1141381
/media/storage2/Anuj/5th international anujj ones/medxpert/data/raw/Pneumonia/pneu_person876_bacteria_2799.jpeg,3,Pneumonia,1,1.2219766,0.38456064,0.3938023,0.10769873,0.11393834
/media/storage2/Anuj/5th international anujj ones/medxpert/data/raw/Pneumonia/pneu_person877_virus_1525.jpeg,3,Pneumonia,1,1.2239655,0.38547534,0.39136967,0.109699376,0.11345567
/media/storage2/Anuj/5th international anujj ones/medxpert/data/raw/Pneumonia/pneu_person878_bacteria_2801.jpeg,3,Pneumonia,1,1.2365732,0.37048748,0.3956997,0.11735172,0.11646111
/media/storage2/Anuj/5th international anujj ones/medxpert/data/raw/Pneumonia/pneu_person900_virus_1554.jpeg,3,Pneumonia,1,1.2289704,0.37290207,0.3995104,0.11647773,0.11110979
/media/storage2/Anuj/5th international anujj ones/medxpert/data/raw/Pneumonia/pneu_person914_virus_1571.jpeg,3,Pneumonia,1,1.2354064,0.33510458,0.42749247,0.123555295,0.11384759
/media/storage2/Anuj/5th international anujj ones/medxpert/data/raw/Pneumonia/pneu_person923_bacteria_2848.jpeg,3,Pneumonia,0,1.2342088,0.39380664,0.37429258,0.11053133,0.121369466
/media/storage2/Anuj/5th international anujj ones/medxpert/data/raw/Pneumonia/pneu_person925_virus_1582.jpeg,3,Pneumonia,1,1.2258557,0.3776539,0.3974719,0.11015552,0.11471873
/media/storage2/Anuj/5th international anujj ones/medxpert/data/raw/Pneumonia/pneu_person938_virus_1600.jpeg,3,Pneumonia,0,1.2343963,0.3932583,0.37491947,0.11563758,0.116184644
/media/storage2/Anuj/5th international anujj ones/medxpert/data/raw/Pneumonia/pneu_person941_virus_1610.jpeg,3,Pneumonia,1,1.2282695,0.36649877,0.40603125,0.11649481,0.11097518
/media/storage2/Anuj/5th international anujj ones/medxpert/data/raw/Pneumonia/pneu_person972_bacteria_2897.jpeg,3,Pneumonia,1,1.2232984,0.37894687,0.39828277,0.111537434,0.11123293
